sample_ID_SEG,sample_ID,Transect,Recipient,Donor,Gen,SegPos,Plant_ID,Sequence,F_plant,Sow_Date,Plant_Date,FFD,days_sow2flower,days_plant2flower,LFD,fl_duration,F_Num_01,F_Num_02,F_Num_03,skel_dryweight_mg,skel_dryweight_mg_SEG,ALL_closed_fruit,ALL_open_fruit,ALL_filled_seeds,total_seeds,total_fruits,mean_seeds_per_fruit,est_fecundity,mean_seed_mass_mg,corolla_diam_mm,photo_date,corolla_diam_mm_SEG,photo_date_SEG,leaf_area_mm2,leaf_dryweight_mg,leaf_area_mm2_SEG,leaf_dryweight_mg_SEG,SLA_SEG,SLA,LMA_SEG,LMA,d13C,sample_weight_mg,d13C_SEG,sample_weight_mg_SEG,surv_to_flower,surv_to_fruitprod,prod_closed_fruits,prod_filled_seeds
BO-001-G1-005-29L,BO-001-G1-005-29L-5,5,BO_001,BO_109,G1,29L,5,153,TRUE,2022-10-31,2022-11-03,2023-05-05,186,183,2023-05-05,0,,,,,,2,0,3,9,2,1.5,3,1.62,19.62,2023-05-05,19.62,2023-05-05,,,,,,,,,,,,,1,1,1,1
BO-001-G2-006-11R,BO-001-G2-006-11R-3,6,BO_001,BO_109,G2,11R,3,179,TRUE,2022-10-31,2022-11-03,2023-05-05,186,183,2023-05-05,0,,,,,,1,1,8,8,2,8,16,2.41375,19.213,2023-05-05,19.213,2023-05-05,,,,,,,,,-29.72,1.81,-29.72,1.81,1,1,1,1
BO-001-G2-010-22L,BO-001-G2-010-22L-3,10,BO_001,BO_109,G2,22L,3,301,TRUE,2022-10-31,2022-11-03,2023-05-05,186,183,2023-05-05,0,1,,,11.07,11.07,1,3,4,4,4,4,16,1.74,,,23.951,2023-04-21,,,30.449,1.44,21.14513888888889,,0.04729219350389175,,-29.76,3.61,-29.76,3.61,1,1,1,1
BO-004-G1-005-8L,BO-004-G1-005-8L-3,5,BO_004,BO_143,G1,8L,3,132,TRUE,2022-10-31,2022-11-03,2023-04-21,172,169,2023-04-21,0,,,,12.15,12.15,1,0,4,4,1,4,4,3.3675,,,,,,,27.377,2.01,13.62039800995025,,0.07341929356759323,,-29.14,3.22,-29.14,3.22,1,1,1,1
BO-008-G1-008-20L,BO-008-G1-008-20L-3,8,BO_008,BO_188,G1,20L,3,244,TRUE,2022-10-31,2022-11-03,2023-04-21,172,169,2023-05-05,14,1,,,20.53,20.53,5,0,4,6,5,0.8,4,5.305,,,,,,,56.588,4.67,12.117344753747323,,0.0825263306708136,,-28.7,1.88,-28.7,1.88,1,1,1,1
BO-008-G1-008-21L,BO-008-G1-008-21L-2,8,BO_008,BO_188,G1,21L,2,245,TRUE,2022-10-31,2022-11-03,,,,,,,,,8.57,8.57,0,1,0,0,1,,,,,,27.881,2023-04-21,,,38.281,3.18,12.038050314465409,,0.08306993025260573,,-29.07,2.92,-29.07,2.92,0,1,0,0
BO-008-G1-010-12R,BO-008-G1-010-12R-5,10,BO_008,BO_188,G1,12R,5,291,TRUE,2022-10-31,2022-11-03,2023-04-21,172,169,2023-05-05,14,1,,,96.9,96.9,7,2,59,60,9,8.428571429,75.85714286,3.205,27.258,2023-04-21,27.258,2023-04-21,89.51,6.54,89.51,6.54,13.686544342507647,13.686544342507647,0.07306446207127694,0.07306446207127694,-28.95,4.17,-28.95,4.17,1,1,1,1
BO-008-G2-005-6R,BO-008-G2-005-6R-5,5,BO_008,BO_188,G2,6R,5,130,TRUE,2022-10-31,2022-11-03,2023-05-05,186,183,2023-05-05,0,,,,1.07,1.07,0,0,0,0,0,,0,,22.792,2023-05-05,22.792,2023-05-05,,,,,,,,,,,,,1,0,0,0
BO-008-G2-008-4L,BO-008-G2-008-4L-1,8,BO_008,BO_188,G2,4L,1,228,TRUE,2022-10-31,2022-11-03,2023-05-05,186,183,2023-05-05,0,3,,,23.8,23.8,3,0,12,16,3,4,12,0.8416666667,,,,,,,65.574,5.63,11.647246891651864,,0.08585719949980175,,-29.97,5.76,-29.97,5.76,1,1,1,1
BO-009-G1-009-25R,BO-009-G1-009-25R-5,9,BO_009,BO_022,G1,25R,5,274,TRUE,2022-10-31,2022-11-03,2023-04-21,172,169,2023-05-05,14,1,,,31.3,31.3,3,1,6,6,4,2,8,4.936666667,23.091,2023-04-21,23.091,2023-04-21,,,36.495,1.86,19.62096774193548,,0.050965885737772304,,-28.95,5.38,-28.95,5.38,1,1,1,1
BO-012-G1-007-10L,BO-012-G1-007-10L-1,7,BO_012,BO_096,G1,10L,1,208,TRUE,2022-10-31,2022-11-03,2023-04-21,172,169,2023-04-21,0,,,,7.96,7.96,1,0,0,0,1,0,0,,,,,,,,,,,,,,-27.98,2.52,-27.98,2.52,1,1,1,0
BO-012-G1-010-14R,BO-012-G1-010-14R-3,10,BO_012,BO_096,G1,14R,3,293,TRUE,2022-10-31,2022-11-03,2023-05-05,186,183,2023-05-05,0,3,,,12.35,12.35,0,3,0,0,3,,,,17.626,2023-05-05,17.626,2023-05-05,31.505,1.81,31.505,1.81,17.406077348066297,17.406077348066297,0.05745119822250437,0.05745119822250437,-27.82,2.31,-27.82,2.31,1,1,0,0
BO-013-G1-005-8R,BO-013-G1-005-8R-1,5,BO_013,BO_119,G1,8R,1,132,TRUE,2022-10-31,2022-11-03,2023-05-05,186,183,2023-05-05,0,,,,7.15,7.15,1,0,2,2,1,2,2,4.015,16.539,2023-05-05,16.539,2023-05-05,,,18.634,1.15,16.203478260869566,,0.061715144359772454,,-30.62,3.07,-30.62,3.07,1,1,1,1
BO-013-G1-010-8R,BO-013-G1-010-8R-4,10,BO_013,BO_119,G1,8R,4,287,TRUE,2022-10-31,2022-11-03,2023-04-21,172,169,2023-05-05,14,1,,,,,0,0,0,0,0,,0,,,,,,,,,,,,,,-30.54,0.86,-30.54,0.86,1,0,0,0
BO-014-G1-009-19L,BO-014-G1-009-19L-5,9,BO_014,BO_065,G1,19L,5,268,TRUE,2022-10-31,2022-11-03,2023-05-05,186,183,2023-05-05,0,3,,,7.83,7.83,2,2,7,8,4,3.5,14,3.587142857,,,20.609,2023-05-05,,,40.731,2.65,15.370188679245285,,0.06506101004149173,,-30.25,3.09,-30.25,3.09,1,1,1,1
BO-015-G1-003-2R,BO-015-G1-003-2R-4,3,BO_015,BO_199,G1,2R,4,73,TRUE,2022-10-31,2022-11-03,2023-05-05,186,183,2023-05-17,12,1,2,,22.34,22.34,0,0,0,0,0,,0,,29.725,2023-05-05,29.725,2023-05-05,,,,,,,,,-30.39,5.21,-30.39,5.21,1,0,0,0
BO-015-G2-002-22L,BO-015-G2-002-22L-1,2,BO_015,BO_199,G2,22L,1,62,TRUE,2022-10-31,2022-11-03,2023-05-05,186,183,2023-05-05,0,3,,,11.43,11.43,3,3,14,19,6,4.666666667,28,1.641212121,25.956,2023-05-05,25.956,2023-05-05,,,,,,,,,-29.08,2.04,-29.08,2.04,1,1,1,1
BO-015-G2-006-11L,BO-015-G2-006-11L-2,6,BO_015,BO_199,G2,11L,2,179,TRUE,2022-10-31,2022-11-03,2023-04-21,172,169,2023-04-21,0,,,,,,2,0,11,13,2,5.5,11,2.096363636,,,26.317,2023-05-17,38.62,2.23,38.62,2.23,17.318385650224215,17.318385650224215,0.05774210253754532,0.05774210253754532,,,,,1,1,1,1
BO-018-G1-010-30R,BO-018-G1-010-30R-4,10,BO_018,BO_199,G1,30R,4,309,TRUE,2022-10-31,2022-11-03,2023-05-05,186,183,2023-05-05,0,3,,,,,7,0,23,23,7,3.285714286,23,0,26.407,2023-05-05,26.407,2023-05-05,,,37.418,2.67,14.014232209737829,,0.07135603185632583,,,,,,1,1,1,1
BO-018-G2-006-25L,BO-018-G2-006-25L-2,6,BO_018,BO_199,G2,25L,2,192,TRUE,2022-10-31,2022-11-03,2023-05-17,198,195,2023-05-17,0,,,,8.99,8.99,2,0,0,3,2,0,0,,,,,,,,,,,,,,-30.69,2.05,-30.69,2.05,1,1,1,0
BO-018-G2-009-30R,BO-018-G2-009-30R-1,9,BO_018,BO_199,G2,30R,1,279,TRUE,2022-10-31,2022-11-03,2023-05-17,198,195,2023-05-17,0,1,,,,42.44,0,0,0,0,0,,0,,20.016,2023-05-17,20.016,2023-05-17,30.43,1.62,30.43,1.62,18.78395061728395,18.78395061728395,0.05323693723299376,0.05323693723299376,,,-29.56,3.55,1,0,0,0
BO-019-G1-005-22L,BO-019-G1-005-22L-3,5,BO_019,BO_005,G1,22L,3,146,TRUE,2022-10-31,2022-11-03,2023-05-05,186,183,2023-05-05,0,,,2,,,3,0,2,2,3,0.6666666667,2,8.815,22.343,2023-06-02,22.343,2023-06-02,,,,,,,,,-28.4,3.71,-28.4,3.71,1,1,1,1
BO-019-G1-006-30L,BO-019-G1-006-30L-5,6,BO_019,BO_005,G1,30L,5,197,TRUE,2022-10-31,2022-11-03,2023-04-21,172,169,2023-04-21,0,,,,4.21,4.21,0,0,0,0,0,,0,,24.368,2023-04-21,24.368,2023-04-21,,,15.692,1.44,10.897222222222222,,0.09176650522559265,,,,,,1,0,0,0
BO-019-G1-010-9L,BO-019-G1-010-9L-5,10,BO_019,BO_005,G1,9L,5,288,TRUE,2022-10-31,2022-11-03,2023-04-21,172,169,2023-04-21,0,,,,,,0,1,0,0,1,,,,23.703,2023-04-21,23.703,2023-04-21,16.294,0.96,16.294,0.96,16.972916666666666,16.972916666666666,0.058917392905363936,0.058917392905363936,-28.84,1.28,-28.84,1.28,1,1,0,0
BO-021-G2-006-25R,BO-021-G2-006-25R-5,6,BO_021,BO_192,G2,25R,5,192,TRUE,2022-10-31,2022-11-03,2023-04-21,172,169,2023-05-05,14,2,,,32.97,32.97,8,4,22,26,12,2.75,33,3.111857143,22.657,2023-04-21,22.657,2023-04-21,,,88.732,6.74,13.164985163204747,,0.07595906775458684,,-29.04,1.57,-29.04,1.57,1,1,1,1
BO-021-G2-007-21L,BO-021-G2-007-21L-4,7,BO_021,BO_192,G2,21L,4,219,TRUE,2022-10-31,2022-11-03,2023-04-21,172,169,2023-04-21,0,,,,20.34,20.34,1,5,3,3,6,3,18,3.09,,,,,,,,,,,,,-29.74,3.54,-29.74,3.54,1,1,1,1
BO-022-G1-006-3L,BO-022-G1-006-3L-1,6,BO_022,BO_153,G1,3L,1,171,TRUE,2022-10-31,2022-11-03,2023-05-05,186,183,2023-06-01,27,,1,1,15.87,15.87,3,1,2,9,4,0.6666666667,2.666666667,4.205,18.95,2023-05-05,18.95,2023-05-05,,,24.019,1.49,16.12013422818792,,0.0620342229068654,,-31.67,5.16,-31.67,5.16,1,1,1,1
BO-024-G1-007-19R,BO-024-G1-007-19R-5,7,BO_024,BO_101,G1,19R,5,217,TRUE,2022-10-31,2022-11-03,2023-04-21,172,169,2023-04-21,0,,,,11.48,11.48,1,0,6,7,1,6,6,1.895,,,,,,,,,,,,,-27.95,3.57,-27.95,3.57,1,1,1,1
BO-025-G2-005-7R,BO-025-G2-005-7R-3,5,BO_025,BO_001,G2,7R,3,131,TRUE,2022-10-31,2022-11-03,2023-05-05,186,183,2023-05-05,0,1,,,8.4,8.4,1,1,3,3,2,3,6,3.663333333,24.773,2023-05-05,24.773,2023-05-05,,,57.185,4.79,11.938413361169102,,0.0837632246218414,,-30.36,1.49,-30.36,1.49,1,1,1,1
BO-025-G2-009-22R,BO-025-G2-009-22R-5,9,BO_025,BO_001,G2,22R,5,271,TRUE,2022-10-31,2022-11-03,2023-04-21,172,169,2023-04-21,0,,,,,,0,0,0,0,0,,0,,29.502,2023-04-21,29.502,2023-04-21,43.697,2.46,43.697,2.46,17.763008130081303,17.763008130081303,0.05629677094537382,0.05629677094537382,,,,,1,0,0,0
BO-025-G2-010-24R,BO-025-G2-010-24R-4,10,BO_025,BO_001,G2,24R,4,303,TRUE,2022-10-31,2022-11-03,2023-04-21,172,169,2023-05-05,14,1,,,12.15,12.15,0,1,0,0,1,,,,22.963,2023-04-21,22.963,2023-04-21,,,33.761,2.25,15.00488888888889,,0.0666449453511448,,-28.46,3.16,-28.46,3.16,1,1,0,0
BO-027-G1-006-16L,BO-027-G1-006-16L-3,6,BO_027,BO_074,G1,16L,3,184,TRUE,2022-10-31,2022-11-03,2023-05-05,186,183,2023-05-05,0,2,,,54.23,54.23,8,0,24,42,8,3,24,2.315333333,26.129,2023-05-05,26.129,2023-05-05,,,49.449,4.34,11.393778801843318,,0.08776719448320491,,-29.59,5.15,-29.59,5.15,1,1,1,1
BO-027-G1-008-18R,BO-027-G1-008-18R-3,8,BO_027,BO_074,G1,18R,3,242,TRUE,2022-10-31,2022-11-03,2023-04-21,172,169,2023-05-05,14,2,,,,,10,4,36,54,14,3.6,50.4,3.055619048,,,,,,,,,,,,,-29.43,4.5,-29.43,4.5,1,1,1,1
BO-027-G1-008-5L,BO-027-G1-008-5L-3,8,BO_027,BO_074,G1,5L,3,229,TRUE,2022-10-31,2022-11-03,,,,,,,,,10.61,10.61,1,0,4,4,1,4,4,4.525,,,,,,,62.144,4.74,13.11054852320675,,0.07627445932028837,,-29.64,1.54,-29.64,1.54,0,1,1,1
BO-027-G2-008-3L,BO-027-G2-008-3L-5,8,BO_027,BO_074,G2,3L,5,227,TRUE,2022-10-31,2022-11-03,2023-05-05,186,183,2023-05-17,12,1,2,,,,4,0,3,5,4,0.75,3,7.066666667,,,27.776,2023-04-21,36.302,2.66,36.302,2.66,13.647368421052631,13.647368421052631,0.07327419976860779,0.07327419976860779,-28.64,4.52,-28.64,4.52,1,1,1,1
BO-027-G2-009-8R,BO-027-G2-009-8R-5,9,BO_027,BO_074,G2,8R,5,257,TRUE,2022-10-31,2022-11-03,2023-05-05,186,183,2023-05-05,0,,,,3.94,3.94,0,1,0,0,1,,,,,,,,,,36.041,2.07,17.41111111111111,,0.0574345883854499,,-29.55,1.7,-29.55,1.7,1,1,0,0
BO-028-G1-008-9R,BO-028-G1-008-9R-2,8,BO_028,BO_109,G1,9R,2,233,TRUE,2022-10-31,2022-11-03,2023-04-21,172,169,2023-04-21,0,,,,14.77,14.77,2,1,1,3,3,0.5,1.5,3.37,,,19.142,2023-04-21,,,34.631,2.59,13.371042471042472,,0.07478848430596864,,-27.82,1.56,-27.82,1.56,1,1,1,1
BO-029-G1-006-27R,BO-029-G1-006-27R-5,6,BO_029,BO_040,G1,27R,5,194,TRUE,2022-10-31,2022-11-03,2023-05-17,198,195,2023-05-17,0,,,,,,0,0,0,0,0,,0,,,,,,,,22.742,1.76,12.92159090909091,,0.07738985137630815,,,,,,1,0,0,0
BO-031-G1-002-29L,BO-031-G1-002-29L-1,2,BO_031,BO_187,G1,29L,1,69,TRUE,2022-10-31,2022-11-03,2023-04-21,172,169,2023-05-17,26,1,1,,,,4,1,20,27,5,5,25,2.638666667,24.599,2023-04-21,24.599,2023-04-21,,,,,,,,,,,,,1,1,1,1
BO-031-G1-002-31L,BO-031-G1-002-31L-2,2,BO_031,BO_187,G1,31L,2,71,TRUE,2022-10-31,2022-11-03,,,,,,,,,,,0,1,0,0,1,,,,,,,,,,,,,,,,-25.69,2.99,-25.69,2.99,0,1,0,0
BO-031-G1-005-25L,BO-031-G1-005-25L-5,5,BO_031,BO_187,G1,25L,5,149,TRUE,2022-10-31,2022-11-03,2023-05-05,186,183,2023-05-05,0,,,,,,1,0,0,3,1,0,0,,,,,,,,35.178,2.39,14.718828451882843,,0.06794018989140942,,,,,,1,1,1,0
BO-031-G2-006-22R,BO-031-G2-006-22R-3,6,BO_031,BO_187,G2,22R,3,168,TRUE,2022-10-31,2022-11-03,2023-04-21,172,169,2023-05-05,14,1,,,,,3,3,5,12,6,1.666666667,10,1.998,23.173,2023-04-21,23.173,2023-04-21,,,,,,,,,-30.3,1.3,-30.3,1.3,1,1,1,1
BO-032-G1-009-2L,BO-032-G1-009-2L-3,9,BO_032,BO_149,G1,2L,3,251,TRUE,2022-10-31,2022-11-03,2023-04-21,172,169,2023-05-05,14,1,,,14.79,14.79,2,0,7,7,2,3.5,7,4.162857143,,,32.895,2023-04-21,,,95.377,6.92,13.782803468208092,,0.07255417972886545,,-27.9,3.71,-27.9,3.71,1,1,1,1
BO-032-G2-010-6L,BO-032-G2-010-6L-3,10,BO_032,BO_149,G2,6L,3,285,TRUE,2022-10-31,2022-11-03,2023-05-05,186,183,2023-05-05,0,1,,,,,0,0,0,0,0,,0,,17.256,2023-05-05,17.256,2023-05-05,19.848,2.02,19.848,2.02,9.825742574257426,9.825742574257426,0.10177347843611448,0.10177347843611448,,,,,1,0,0,0
BO-034-G2-006-21L,BO-034-G2-006-21L-5,6,BO_034,BO_163,G2,21L,5,189,TRUE,2022-10-31,2022-11-03,2023-04-21,172,169,2023-05-05,14,,,,2.23,2.23,0,1,0,0,1,,,,26.852,2023-04-21,26.852,2023-04-21,,,,,,,,,,,,,1,1,0,0
BO-034-G2-007-8L,BO-034-G2-007-8L-1,7,BO_034,BO_163,G2,8L,1,206,TRUE,2022-10-31,2022-11-03,2023-04-21,172,169,2023-05-17,26,1,2,,,,0,0,0,0,0,,0,,,,,,,,,,,,,,-29.68,3.01,-29.68,3.01,1,0,0,0
BO-037-G1-001-26R,BO-037-G1-001-26R-2,1,BO_037,BO_194,G1,26R,2,26,TRUE,2022-10-31,2022-11-03,2023-05-05,186,183,2023-05-05,0,1,,,,,0,1,0,0,1,,,,26.383,2023-05-05,26.383,2023-05-05,,,,,,,,,-32.09,2.04,-32.09,2.04,1,1,0,0
BO-037-G1-010-23L,BO-037-G1-010-23L-5,10,BO_037,BO_194,G1,23L,5,302,TRUE,2022-10-31,2022-11-03,2023-04-21,172,169,2023-05-05,14,1,,,7.98,7.98,1,1,0,2,2,0,0,,21.874,2023-04-21,21.874,2023-04-21,22.087,1.06,22.087,1.06,20.83679245283019,20.83679245283019,0.047992031511748995,0.047992031511748995,-29.25,2.75,-29.25,2.75,1,1,1,0
BO-037-G2-005-9R,BO-037-G2-005-9R-1,5,BO_037,BO_194,G2,9R,1,133,TRUE,2022-10-31,2022-11-03,2023-04-21,172,169,2023-04-21,0,,,,4.32,4.32,1,0,0,0,1,0,0,,,,,,,,,,,,,,,,,,1,1,1,0
BO-043-G1-002-20L,BO-043-G1-002-20L-1,2,BO_043,BO_069,G1,20L,1,60,TRUE,2022-10-31,2022-11-03,2023-04-21,172,169,2023-05-05,14,0,,,7.38,7.38,3,0,0,2,3,0,0,,27.311,2023-04-21,27.311,2023-04-21,,,,,,,,,-27.58,2.5,-27.58,2.5,1,1,1,0
BO-043-G1-007-8R,BO-043-G1-007-8R-2,7,BO_043,BO_069,G1,8R,2,206,TRUE,2022-10-31,2022-11-03,2023-05-05,186,183,2023-05-05,0,3,,,24.57,24.57,4,0,13,14,4,3.25,13,3.683076923,24.42,2023-05-05,24.42,2023-05-05,17.697,1.13,17.697,1.13,15.661061946902656,15.661061946902656,0.06385263038933152,0.06385263038933152,-28.93,3.77,-28.93,3.77,1,1,1,1
BO-043-G2-009-21L,BO-043-G2-009-21L-3,9,BO_043,BO_069,G2,21L,3,270,TRUE,2022-10-31,2022-11-03,2023-05-05,186,183,2023-05-05,0,1,,,,,0,0,0,0,0,,0,,21.414,2023-05-05,21.414,2023-05-05,25.527,2.34,25.527,2.34,10.90897435897436,10.90897435897436,0.0916676460218592,0.0916676460218592,,,,,1,0,0,0
BO-044-G1-002-26L,BO-044-G1-002-26L-1,2,BO_044,BO_128,G1,26L,1,66,TRUE,2022-10-31,2022-11-03,2023-05-17,198,195,2023-06-01,15,,13,4,173.75,173.75,14,11,23,23,25,1.642857143,41.07142857,5.139078947,23.09,2023-05-17,23.09,2023-05-17,,,,,,,,,-25.96,3.02,-25.96,3.02,1,1,1,1
BO-044-G1-008-14R,BO-044-G1-008-14R-1,8,BO_044,BO_128,G1,14R,1,238,TRUE,2022-10-31,2022-11-03,2023-04-21,172,169,2023-04-21,0,,,,,,0,0,0,0,0,,0,,,,,,,,81.976,5.76,14.231944444444444,,0.07026446764906802,,,,,,1,0,0,0
BO-045-G1-003-14R,BO-045-G1-003-14R-4,3,BO_045,BO_170,G1,14R,4,85,TRUE,2022-10-31,2022-11-03,,,,,,,,,23.6,23.6,3,1,8,9,4,2.666666667,10.66666667,3.11875,,,,,,,,,,,,,-30.78,4.79,-30.78,4.79,0,1,1,1
BO-048-G1-006-18R,BO-048-G1-006-18R-3,6,BO_048,BO_001,G1,18R,3,186,TRUE,2022-10-31,2022-11-03,2023-05-05,186,183,2023-05-17,12,1,2,,,,11,4,37,47,15,3.363636364,50.45454545,3.262759259,30.306,2023-05-05,30.306,2023-05-05,,,19.916,1.62,12.293827160493827,,0.08134163486643904,,-28.74,4.44,-28.74,4.44,1,1,1,1
BO-048-G1-007-9L,BO-048-G1-007-9L-5,7,BO_048,BO_001,G1,9L,5,207,TRUE,2022-10-31,2022-11-03,2023-04-21,172,169,2023-05-05,14,2,,,20.73,20.73,6,1,10,10,7,1.666666667,11.66666667,4.712222222,,,,,,,,,,,,,-28.73,2.9,-28.73,2.9,1,1,1,1
BO-048-G2-006-19R,BO-048-G2-006-19R-3,6,BO_048,BO_001,G2,19R,3,187,TRUE,2022-10-31,2022-11-03,2023-04-21,172,169,2023-04-21,0,,,,0.89,0.89,0,0,0,0,0,,0,,,,,,,,,,,,,,,,,,1,0,0,0
BO-050-G1-007-15L,BO-050-G1-007-15L-4,7,BO_050,BO_088,G1,15L,4,213,TRUE,2022-10-31,2022-11-03,2023-04-21,172,169,2023-04-21,0,,,,6.34,6.34,2,0,2,4,2,1,2,3.665,,,,,,,,,,,,,-28.11,1.96,-28.11,1.96,1,1,1,1
BO-050-G1-007-5L,BO-050-G1-007-5L-3,7,BO_050,BO_088,G1,5L,3,203,TRUE,2022-10-31,2022-11-03,2023-04-21,172,169,2023-04-21,0,,,,6.3,6.3,1,0,2,2,1,2,2,2.94,,,,,,,,,,,,,-29.46,0.85,-29.46,0.85,1,1,1,1
BO-050-G2-005-3L,BO-050-G2-005-3L-1,5,BO_050,BO_088,G2,3L,1,127,TRUE,2022-10-31,2022-11-03,2023-05-05,186,183,2023-05-05,0,2,,,,,6,0,3,12,6,0.5,3,4.65,20.534,2023-05-05,20.534,2023-05-05,,,53.435,4.65,11.491397849462365,,0.08702161504631796,,-30.83,3.91,-30.83,3.91,1,1,1,1
BO-052-G1-009-23R,BO-052-G1-009-23R-2,9,BO_052,BO_188,G1,23R,2,272,TRUE,2022-10-31,2022-11-03,2023-05-05,186,183,2023-05-05,0,1,,,,,1,0,2,2,1,2,2,7.64,,,24.959,2023-04-21,,,22.834,1.3,17.564615384615383,,0.05693264430235614,,-28.64,4.66,-28.64,4.66,1,1,1,1
BO-052-G2-005-5R,BO-052-G2-005-5R-5,5,BO_052,BO_188,G2,5R,5,129,TRUE,2022-10-31,2022-11-03,2023-05-05,186,183,2023-05-05,0,2,,,74.5,74.5,5,1,8,18,6,1.6,9.6,2.731872601,34.24,2023-05-05,34.24,2023-05-05,,,28.376,2.03,13.978325123152711,,0.07153932901043134,,-30.57,2.88,-30.57,2.88,1,1,1,1
BO-052-G2-006-22L,BO-052-G2-006-22L-5,6,BO_052,BO_188,G2,22L,5,168,TRUE,2022-10-31,2022-11-03,2023-05-05,186,183,2023-05-05,0,,,,23.19,23.19,5,0,7,14,5,1.4,7,2.742857143,,,28.472,2023-04-21,,,,,,,,,-28.52,4.35,-28.52,4.35,1,1,1,1
BO-053-G1-007-20L,BO-053-G1-007-20L-5,7,BO_053,BO_013,G1,20L,5,218,TRUE,2022-10-31,2022-11-03,2023-05-05,186,183,2023-05-05,0,1,,,4.61,4.61,2,0,4,4,2,2,4,2.83,27.677,2023-05-05,27.677,2023-05-05,,,68.574,4.67,14.683940042826553,,0.06810161285618456,,-28.84,3.04,-28.84,3.04,1,1,1,1
BO-055-G1-001-19R,BO-055-G1-001-19R-4,1,BO_055,BO_170,G1,19R,4,19,TRUE,2022-10-31,2022-11-03,2023-05-17,198,195,2023-06-15,29,,,,29.05,29.05,2,1,0,0,3,0,0,,,,,,43.562,2.72,43.562,2.72,16.015441176470585,16.015441176470585,0.06243974105872092,0.06243974105872092,-28.43,5.17,-28.43,5.17,1,1,1,0
BO-055-G1-001-25L,BO-055-G1-001-25L-5,1,BO_055,BO_170,G1,25L,5,25,TRUE,2022-10-31,2022-11-03,2023-05-05,186,183,2023-05-05,0,1,,,4.56,4.56,5,0,5,7,5,1,5,1.894,8.152,2023-05-05,8.152,2023-05-05,,,,,,,,,-29.09,2.5,-29.09,2.5,1,1,1,1
BO-056-G1-006-2L,BO-056-G1-006-2L-5,6,BO_056,BO_151,G1,2L,5,170,TRUE,2022-10-31,2022-11-03,2023-05-05,186,183,2023-05-17,12,1,,,5.37,5.37,1,0,2,2,1,2,2,2.94,,,,,,,49.324,3.05,16.171803278688525,,0.061836023031384316,,-31.67,2.49,-31.67,2.49,1,1,1,1
BO-056-G1-009-11R,BO-056-G1-009-11R-4,9,BO_056,BO_151,G1,11R,4,260,TRUE,2022-10-31,2022-11-03,2023-05-05,186,183,2023-05-05,0,1,,,2.39,2.39,1,0,4,4,1,4,4,3.3825,,,,,,,63.096,3.12,20.22307692307692,,0.0494484594903005,,,,,,1,1,1,1
BO-056-G2-008-8L,BO-056-G2-008-8L-2,8,BO_056,BO_151,G2,8L,2,232,TRUE,2022-10-31,2022-11-03,2023-04-21,172,169,2023-05-05,14,1,,,10.45,10.45,2,1,1,2,3,0.5,1.5,2.68,24.264,2023-04-21,24.264,2023-04-21,,,,,,,,,-28.9,2.24,-28.9,2.24,1,1,1,1
BO-060-G1-001-35L,BO-060-G1-001-35L-1,1,BO_060,BO_128,G1,35L,1,35,TRUE,2022-10-31,2022-11-03,2023-05-05,186,183,2023-05-05,0,2,,,,,0,0,0,0,0,,0,,14.009,2023-05-05,14.009,2023-05-05,,,,,,,,,,,,,1,0,0,0
BO-060-G1-010-13R,BO-060-G1-010-13R-1,10,BO_060,BO_128,G1,13R,1,292,TRUE,2022-10-31,2022-11-03,2023-05-05,186,183,2023-05-05,0,1,,,5.99,5.99,0,0,0,0,0,,0,,17.048,2023-05-05,17.048,2023-05-05,20.525,1.41,20.525,1.41,14.556737588652481,14.556737588652481,0.06869671132764921,0.06869671132764921,-29.98,1.38,-29.98,1.38,1,0,0,0
BO-060-G2-002-20R,BO-060-G2-002-20R-5,2,BO_060,BO_128,G2,20R,5,60,TRUE,2022-10-31,2022-11-03,2023-04-21,172,169,2023-05-05,14,5,,,40.32,40.32,11,1,23,31,12,2.090909091,25.09090909,3.815708333,20.942,2023-04-21,20.942,2023-04-21,,,,,,,,,-28.85,3.57,-28.85,3.57,1,1,1,1
BO-060-G2-006-13R,BO-060-G2-006-13R-3,6,BO_060,BO_128,G2,13R,3,181,TRUE,2022-10-31,2022-11-03,2023-04-21,172,169,2023-04-21,0,,,,4.87,4.87,2,0,0,2,2,0,0,,,,,,,,,,,,,,-30.11,1.09,-30.11,1.09,1,1,1,0
BO-061-G2-009-24L,BO-061-G2-009-24L-4,9,BO_061,BO_029,G2,24L,4,273,TRUE,2022-10-31,2022-11-03,2023-04-21,172,169,2023-04-21,0,,,,5.12,5.12,0,1,0,0,1,,,,25.833,2023-04-21,25.833,2023-04-21,,,99.027,6.29,15.74356120826709,,0.06351803043614368,,,,,,1,1,0,0
BO-063-G1-002-24R,BO-063-G1-002-24R-5,2,BO_063,BO_183,G1,24R,5,64,TRUE,2022-10-31,2022-11-03,2023-05-05,186,183,2023-05-17,12,1,,,,,5,0,26,32,5,5.2,26,2.42425,30.224,2023-05-05,30.224,2023-05-05,,,,,,,,,-27.49,2.9,-27.49,2.9,1,1,1,1
BO-066-G1-008-24R,BO-066-G1-008-24R-4,8,BO_066,BO_070,G1,24R,4,248,TRUE,2022-10-31,2022-11-03,2023-05-05,186,183,2023-05-05,0,1,,,7.74,7.74,3,0,4,6,3,1.333333333,4,6.405,22.651,2023-05-05,22.651,2023-05-05,,,,,,,,,-28.71,3.74,-28.71,3.74,1,1,1,1
BO-066-G1-009-17L,BO-066-G1-009-17L-1,9,BO_066,BO_070,G1,17L,1,266,TRUE,2022-10-31,2022-11-03,2023-05-17,198,195,2023-05-17,0,,1,,2.34,2.34,1,0,2,2,1,2,2,2.445,21.05,2023-05-17,21.05,2023-05-17,,,,,,,,,,,,,1,1,1,1
BO-067-G1-002-8R,BO-067-G1-002-8R-1,2,BO_067,BO_040,G1,8R,1,48,TRUE,2022-10-31,2022-11-03,2023-05-05,186,183,2023-05-05,0,,,,,,0,0,0,0,0,,0,,,,,,,,,,,,,,,,,,1,0,0,0
BO-067-G1-002-9L,BO-067-G1-002-9L-1,2,BO_067,BO_040,G1,9L,1,49,TRUE,2022-10-31,2022-11-03,2023-05-17,198,195,2023-06-01,15,,,,19.02,19.02,4,0,12,12,4,3,12,2.626666667,,,,,,,,,,,,,-28.74,2.42,-28.74,2.42,1,1,1,1
BO-067-G2-006-2R,BO-067-G2-006-2R-1,6,BO_067,BO_040,G2,2R,1,170,TRUE,2022-10-31,2022-11-03,2023-05-05,186,183,2023-05-17,12,2,2,,21.3,21.3,5,0,8,9,5,1.6,8,3.9825,,,29.164,2023-05-05,,,,,,,,,-30.23,1.77,-30.23,1.77,1,1,1,1
BO-069-G1-006-19L,BO-069-G1-006-19L-1,6,BO_069,BO_199,G1,19L,1,187,TRUE,2022-10-31,2022-11-03,2023-04-21,172,169,2023-05-05,14,,,,,,3,2,9,11,5,3,15,1.753333333,31.526,2023-04-21,31.526,2023-04-21,,,30.59,2.4,12.745833333333334,,0.07845701209545602,,,,,,1,1,1,1
BO-069-G1-008-11R,BO-069-G1-008-11R-3,8,BO_069,BO_199,G1,11R,3,235,TRUE,2022-10-31,2022-11-03,2023-05-17,198,195,2023-06-02,16,,2,,,,0,0,0,0,0,,0,,20.503,2023-05-17,20.503,2023-05-17,,,,,,,,,-28.75,4,-28.75,4,1,0,0,0
BO-069-G2-005-6L,BO-069-G2-005-6L-4,5,BO_069,BO_199,G2,6L,4,130,TRUE,2022-10-31,2022-11-03,2023-05-17,198,195,2023-06-01,15,,1,0,13.23,13.23,1,2,4,5,3,4,12,2.7625,,,,,,,,,,,,,-29.83,3.1,-29.83,3.1,1,1,1,1
BO-070-G1-009-9R,BO-070-G1-009-9R-4,9,BO_070,BO_073,G1,9R,4,258,TRUE,2022-10-31,2022-11-03,2023-04-21,172,169,2023-05-05,14,1,,,4.51,4.51,1,1,2,3,2,2,4,3.59,,,,,29.139,1.73,29.139,1.73,16.84335260115607,16.84335260115607,0.05937060297196197,0.05937060297196197,-28.85,2.67,-28.85,2.67,1,1,1,1
BO-071-G1-006-20R,BO-071-G1-006-20R-4,6,BO_071,BO_185,G1,20R,4,188,TRUE,2022-10-31,2022-11-03,2023-05-17,198,195,2023-05-17,0,,1,,6.41,6.41,0,0,0,0,0,,0,,,,27.473,2023-04-21,,,,,,,,,-28.91,1.59,-28.91,1.59,1,0,0,0
BO-071-G2-007-20R,BO-071-G2-007-20R-5,7,BO_071,BO_185,G2,20R,5,218,TRUE,2022-10-31,2022-11-03,2023-05-05,186,183,2023-05-05,0,,,,16.86,16.86,3,0,0,4,3,0,0,,23.283,2023-05-05,23.283,2023-05-05,,,,,,,,,-30.15,4.26,-30.15,4.26,1,1,1,0
BO-072-G1-008-19L,BO-072-G1-008-19L-4,8,BO_072,BO_163,G1,19L,4,243,TRUE,2022-10-31,2022-11-03,,,,,,,,,8.85,8.85,2,0,10,10,2,5,10,3.173125,,,25.714,2023-05-05,,,48.211,3.18,15.16069182389937,,0.06596005061085645,,-29.38,4.07,-29.38,4.07,0,1,1,1
BO-072-G2-003-12L,BO-072-G2-003-12L-3,3,BO_072,BO_163,G2,12L,3,83,TRUE,2022-10-31,2022-11-03,2023-05-17,198,195,2023-05-17,0,,,,10.49,10.49,0,4,0,0,4,,,,26.324,2023-05-17,26.324,2023-05-17,,,,,,,,,-29.25,2.89,-29.25,2.89,1,1,0,0
BO-072-G2-006-8L,BO-072-G2-006-8L-1,6,BO_072,BO_163,G2,8L,1,176,TRUE,2022-10-31,2022-11-03,2023-04-21,172,169,2023-06-01,41,0,,0,4.24,4.24,2,0,3,3,2,1.5,3,1.876666667,25.457,2023-04-21,25.457,2023-04-21,,,,,,,,,-28.16,0.97,-28.16,0.97,1,1,1,1
BO-078-G1-005-16R,BO-078-G1-005-16R-5,5,BO_078,BO_065,G1,16R,5,140,TRUE,2022-10-31,2022-11-03,2023-04-21,172,169,2023-04-21,0,,,,4.95,4.95,3,1,15,15,4,5,20,3.830416667,,,,,,,,,,,,,-30.74,2.96,-30.74,2.96,1,1,1,1
BO-079-G1-008-15R,BO-079-G1-008-15R-2,8,BO_079,BO_173,G1,15R,2,239,TRUE,2022-10-31,2022-11-03,2023-05-05,186,183,2023-05-05,0,1,,,26.88,26.88,5,4,4,10,9,0.8,7.2,5.0675,,,27.071,2023-04-21,,,53.376,3.03,17.615841584158417,,0.056767086330935246,,-28.98,4.91,-28.98,4.91,1,1,1,1
BO-079-G2-010-17R,BO-079-G2-010-17R-3,10,BO_079,BO_173,G2,17R,3,296,TRUE,2022-10-31,2022-11-03,2023-04-21,172,169,2023-06-02,42,1,1,,,,8,2,22,23,10,2.75,27.5,4.274529412,24.496,2023-04-21,24.496,2023-04-21,44.683,2.21,44.683,2.21,20.218552036199096,20.218552036199096,0.04945952599422599,0.04945952599422599,,,,,1,1,1,1
BO-080-G2-008-2R,BO-080-G2-008-2R-3,8,BO_080,BO_101,G2,2R,3,226,TRUE,2022-10-31,2022-11-03,2023-05-17,198,195,2023-05-17,0,,1,,,,1,1,0,2,2,0,0,,15.906,2023-05-17,15.906,2023-05-17,21.18,1.4,21.18,1.4,15.12857142857143,15.12857142857143,0.06610009442870632,0.06610009442870632,-27.94,2.01,-27.94,2.01,1,1,1,0
BO-080-G2-009-13L,BO-080-G2-009-13L-5,9,BO_080,BO_101,G2,13L,5,262,TRUE,2022-10-31,2022-11-03,2023-04-21,172,169,2023-04-21,0,,,,,,0,0,0,0,0,,0,,19.581,2023-04-21,19.581,2023-04-21,,,72.526,4.36,16.63440366972477,,0.060116372059675155,,,,,,1,0,0,0
BO-081-G1-002-12R,BO-081-G1-002-12R-3,2,BO_081,BO_058,G1,12R,3,52,TRUE,2022-10-31,2022-11-03,2023-04-21,172,169,2023-04-21,0,,,,,,0,1,0,0,1,,,,20.08,2023-04-21,20.08,2023-04-21,,,15.862,0.76,20.871052631578948,,0.04791325179674694,,,,,,1,1,0,0
BO-081-G1-002-15R,BO-081-G1-002-15R-5,2,BO_081,BO_058,G1,15R,5,55,TRUE,2022-10-31,2022-11-03,2023-04-21,172,169,2023-05-05,14,3,,,12.87,12.87,2,1,2,7,3,1,3,1.565,,,,,,,,,,,,,-29.32,2.9,-29.32,2.9,1,1,1,1
BO-082-G1-008-9L,BO-082-G1-008-9L-2,8,BO_082,BO_038,G1,9L,2,233,TRUE,2022-10-31,2022-11-03,2023-04-21,172,169,2023-04-21,0,,,,13.8,13.8,0,0,0,0,0,,0,,18.507,2023-04-21,18.507,2023-04-21,,,48.783,3.07,15.890228013029317,,0.06293175901441075,,-28.29,2.84,-28.29,2.84,1,0,0,0
BO-082-G1-009-6L,BO-082-G1-009-6L-5,9,BO_082,BO_038,G1,6L,5,255,TRUE,2022-10-31,2022-11-03,2023-04-21,172,169,2023-04-21,0,,,,7.13,7.13,0,0,0,0,0,,0,,,,,,,,,,,,,,-28.74,2.25,-28.74,2.25,1,0,0,0
BO-085-G1-007-3L,BO-085-G1-007-3L-5,7,BO_085,BO_185,G1,3L,5,201,TRUE,2022-10-31,2022-11-03,2023-05-05,186,183,2023-05-17,12,1,1,,,,3,0,1,3,3,0.3333333333,1,1.06,29.949,2023-05-05,29.949,2023-05-05,31.524,2.05,31.524,2.05,15.377560975609757,15.377560975609757,0.0650298185509453,0.0650298185509453,,,,,1,1,1,1
BO-085-G1-009-21R,BO-085-G1-009-21R-5,9,BO_085,BO_185,G1,21R,5,270,TRUE,2022-10-31,2022-11-03,2023-05-05,186,183,2023-05-05,0,1,,,13.58,13.58,3,1,8,8,4,2.666666667,10.66666667,2.795714286,,,,,36.802,2.43,36.802,2.43,15.144855967078188,15.144855967078188,0.06602902016194773,0.06602902016194773,-30.26,1.56,-30.26,1.56,1,1,1,1
BO-086-G1-003-5R,BO-086-G1-003-5R-5,3,BO_086,BO_189,G1,5R,5,76,TRUE,2022-10-31,2022-11-03,2023-05-05,186,183,2023-05-17,12,1,4,,25.15,25.15,1,0,1,1,1,1,1,4.46,29.943,2023-05-05,29.943,2023-05-05,,,18.553,1.47,12.621088435374151,,0.07923246914245674,,-30.76,5.21,-30.76,5.21,1,1,1,1
BO-086-G2-005-18R,BO-086-G2-005-18R-5,5,BO_086,BO_189,G2,18R,5,142,TRUE,2022-10-31,2022-11-03,2023-05-05,186,183,2023-06-01,27,,3,0,,,0,1,0,0,1,,,,26.271,2023-05-05,26.271,2023-05-05,,,,,,,,,-30.69,3.16,-30.69,3.16,1,1,0,0
BO-086-G2-006-29R,BO-086-G2-006-29R-2,6,BO_086,BO_189,G2,29R,2,196,TRUE,2022-10-31,2022-11-03,2023-05-05,186,183,2023-05-05,0,,,,5.88,5.88,1,0,2,2,1,2,2,1.455,,,,,,,,,,,,,-29.92,1.75,-29.92,1.75,1,1,1,1
BO-087-G1-001-14L,BO-087-G1-001-14L-4,1,BO_087,BO_039,G1,14L,4,14,TRUE,2022-10-31,2022-11-03,2023-05-05,186,183,2023-05-05,0,,,,22.55,22.55,2,9,0,0,11,0,0,,,,,,,,,,,,,,-29.26,4.92,-29.26,4.92,1,1,1,0
BO-087-G1-006-9R,BO-087-G1-006-9R-4,6,BO_087,BO_039,G1,9R,4,177,TRUE,2022-10-31,2022-11-03,2023-04-21,172,169,2023-04-21,0,,,,7.41,7.41,0,0,0,0,0,,0,,21.235,2023-04-21,21.235,2023-04-21,,,34.888,2.73,12.779487179487178,,0.07825040128410915,,-28.58,2.53,-28.58,2.53,1,0,0,0
BO-087-G1-008-4R,BO-087-G1-008-4R-1,8,BO_087,BO_039,G1,4R,1,228,TRUE,2022-10-31,2022-11-03,2023-05-05,186,183,2023-05-17,12,2,1,,33.65,33.65,6,0,13,23,6,2.166666667,13,2.883452381,28.317,2023-05-05,28.317,2023-05-05,,,46.919,4.55,10.311868131868131,,0.09697563886698353,,-28.29,3.3,-28.29,3.3,1,1,1,1
BO-088-G2-010-30L,BO-088-G2-010-30L-1,10,BO_088,BO_032,G2,30L,1,309,TRUE,2022-10-31,2022-11-03,2023-05-05,186,183,2023-05-05,0,1,,,10.66,10.66,3,0,10,10,3,3.333333333,10,2.237083333,,,,,,,38.259,2.24,17.079910714285713,,0.058548315429049376,,-28.27,3.39,-28.27,3.39,1,1,1,1
BO-089-G1-001-30L,BO-089-G1-001-30L-1,1,BO_089,BO_162,G1,30L,1,30,TRUE,2022-10-31,2022-11-03,2023-04-21,172,169,2023-05-05,14,6,,,55.84,55.84,8,10,25,36,18,3.125,56.25,4.004673913,26.29,2023-04-21,26.29,2023-04-21,,,,,,,,,-29.46,5.23,-29.46,5.23,1,1,1,1
BO-089-G1-006-3R,BO-089-G1-006-3R-5,6,BO_089,BO_162,G1,3R,5,171,TRUE,2022-10-31,2022-11-03,2023-04-21,172,169,2023-06-01,41,0,,0,12.11,12.11,1,3,3,3,4,3,12,4.913333333,,,22.639,2023-04-21,,,56.661,3.76,15.069414893617022,,0.066359577134184,,-30.99,3.19,-30.99,3.19,1,1,1,1
BO-089-G1-009-15L,BO-089-G1-009-15L-1,9,BO_089,BO_162,G1,15L,1,264,TRUE,2022-10-31,2022-11-03,2023-04-21,172,169,2023-04-21,0,,,,,,0,2,0,0,2,,,,26.503,2023-04-21,26.503,2023-04-21,,,15.162,1.07,14.170093457943926,,0.07057116475399024,,,,,,1,1,0,0
BO-089-G2-007-2R,BO-089-G2-007-2R-5,7,BO_089,BO_162,G2,2R,5,200,TRUE,2022-10-31,2022-11-03,2023-05-05,186,183,2023-05-17,12,1,2,,28.12,28.12,5,0,8,9,5,1.6,8,5.35375,25.294,2023-05-17,25.294,2023-05-17,75.548,5.11,75.548,5.11,14.784344422700586,14.784344422700586,0.06763911685286177,0.06763911685286177,-29.93,3.29,-29.93,3.29,1,1,1,1
BO-089-G2-010-9R,BO-089-G2-010-9R-5,10,BO_089,BO_162,G2,9R,5,288,TRUE,2022-10-31,2022-11-03,2023-05-05,186,183,2023-05-05,0,2,,,17.74,17.74,1,0,5,5,1,5,5,1.44,25.292,2023-05-05,25.292,2023-05-05,48.265,3.39,48.265,3.39,14.237463126843657,14.237463126843657,0.07023723194861702,0.07023723194861702,-29.34,4.38,-29.34,4.38,1,1,1,1
BO-090-G1-008-16L,BO-090-G1-008-16L-5,8,BO_090,BO_029,G1,16L,5,240,TRUE,2022-10-31,2022-11-03,2023-04-21,172,169,2023-04-21,0,,,,3.72,3.72,1,0,0,0,1,0,0,,,,,,,,27.463,1.47,18.68231292517007,,0.05352656301205257,,-27.9,1.4,-27.9,1.4,1,1,1,0
BO-090-G2-008-11L,BO-090-G2-008-11L-1,8,BO_090,BO_029,G2,11L,1,235,TRUE,2022-10-31,2022-11-03,,,,,,,,,1.32,1.32,0,2,0,0,2,,,,,,26.053,2023-04-21,,,21.046,1.34,15.70597014925373,,0.06367005606766132,,,,,,0,1,0,0
BO-090-G2-008-12R,BO-090-G2-008-12R-2,8,BO_090,BO_029,G2,12R,2,236,TRUE,2022-10-31,2022-11-03,,,,,,,,,2.25,2.25,0,0,0,0,0,,0,,,,,,,,54.15,3.41,15.879765395894427,,0.06297322253000924,,,,,,0,0,0,0
BO-091-G1-008-21R,BO-091-G1-008-21R-2,8,BO_091,BO_173,G1,21R,2,245,TRUE,2022-10-31,2022-11-03,2023-04-21,172,169,2023-06-02,42,,,,,,0,0,0,0,0,,0,,24.871,2023-04-21,24.871,2023-04-21,,,29.565,2.45,12.06734693877551,,0.08286825638423813,,-28.65,1.19,-28.65,1.19,1,0,0,0
BO-091-G1-009-14R,BO-091-G1-009-14R-3,9,BO_091,BO_173,G1,14R,3,263,TRUE,2022-10-31,2022-11-03,2023-04-21,172,169,2023-04-21,0,,,,,,0,0,0,0,0,,0,,17.768,2023-04-21,17.768,2023-04-21,,,37.389,2.65,14.109056603773587,,0.07087646099120061,,,,,,1,0,0,0
BO-091-G2-001-21L,BO-091-G2-001-21L-1,1,BO_091,BO_173,G2,21L,1,21,TRUE,2022-10-31,2022-11-03,2023-05-05,186,183,2023-05-05,0,,,,,,0,0,0,0,0,,0,,,,,,,,,,,,,,,,,,1,0,0,0
BO-094-G1-005-14L,BO-094-G1-005-14L-3,5,BO_094,BO_058,G1,14L,3,138,TRUE,2022-10-31,2022-11-03,2023-04-21,172,169,2023-04-21,0,,,,32,32,2,0,4,6,2,2,4,2.3,,,,,,,,,,,,,,,,,1,1,1,1
BO-094-G1-007-16L,BO-094-G1-007-16L-3,7,BO_094,BO_058,G1,16L,3,214,TRUE,2022-10-31,2022-11-03,2023-04-21,172,169,2023-04-21,0,,,,2.33,2.33,0,1,0,0,1,,,,,,,,,,,,,,,,,,,,1,1,0,0
BO-094-G2-002-8L,BO-094-G2-002-8L-2,2,BO_094,BO_058,G2,8L,2,48,TRUE,2022-10-31,2022-11-03,2023-05-17,198,195,2023-06-01,15,,,,,,2,1,1,3,3,0.5,1.5,7.22,22.551,2023-05-17,22.551,2023-05-17,,,,,,,,,-28.69,4.12,-28.69,4.12,1,1,1,1
BO-094-G2-005-13L,BO-094-G2-005-13L-3,5,BO_094,BO_058,G2,13L,3,137,TRUE,2022-10-31,2022-11-03,2023-05-05,186,183,2023-05-05,0,,,,,,0,0,0,0,0,,0,2.2975,,,,,,,,,,,,,-29.54,2.69,-29.54,2.69,1,0,0,0
BO-095-G1-004-9L,BO-095-G1-004-9L-5,4,BO_095,BO_109,G1,9L,5,106,TRUE,2022-10-31,2022-11-03,2023-05-05,186,183,2023-05-05,0,1,,,,,0,0,0,0,0,,0,,26.968,2023-05-05,26.968,2023-05-05,36.892,2.86,36.892,2.86,12.899300699300701,12.899300699300701,0.07752358234847663,0.07752358234847663,-30.49,4.31,-30.49,4.31,1,0,0,0
BO-095-G1-009-20L,BO-095-G1-009-20L-5,9,BO_095,BO_109,G1,20L,5,269,TRUE,2022-10-31,2022-11-03,2023-05-05,186,183,2023-05-17,12,,2,,,,4,1,6,12,5,1.5,7.5,3.67,,,,,94.992,5.57,94.992,5.57,17.054219030520645,17.054219030520645,0.05863651675930605,0.05863651675930605,,,,,1,1,1,1
BO-095-G1-010-14L,BO-095-G1-010-14L-4,10,BO_095,BO_109,G1,14L,4,293,TRUE,2022-10-31,2022-11-03,2023-04-21,172,169,2023-05-05,14,1,,,13.02,13.02,2,1,7,7,3,3.5,10.5,1.518571429,21.002,2023-04-21,21.002,2023-04-21,,,102.778,5.29,19.42873345935728,,0.05147015898344003,,-30.07,3.71,-30.07,3.71,1,1,1,1
BO-095-G2-002-7L,BO-095-G2-002-7L-5,2,BO_095,BO_109,G2,7L,5,47,TRUE,2022-10-31,2022-11-03,2023-05-17,198,195,2023-05-17,0,,,,,,3,0,1,4,3,0.3333333333,1,2.36,18.028,2023-05-17,18.028,2023-05-17,,,,,,,,,-27.11,2.67,-27.11,2.67,1,1,1,1
BO-096-G1-002-14L,BO-096-G1-002-14L-5,2,BO_096,BO_032,G1,14L,5,54,TRUE,2022-10-31,2022-11-03,2023-05-05,186,183,2023-05-05,0,1,,,3.39,3.39,1,0,1,1,1,1,1,6.09,,,,,,,32.519,2.09,15.55933014354067,,0.06427011900734955,,-30.45,1.93,-30.45,1.93,1,1,1,1
BO-098-G1-010-23R,BO-098-G1-010-23R-2,10,BO_098,BO_194,G1,23R,2,302,TRUE,2022-10-31,2022-11-03,2023-04-21,172,169,2023-05-05,14,1,,,4.94,4.94,1,2,2,2,3,2,6,3.475,25.719,2023-04-21,25.719,2023-04-21,,,8.791,0.09,97.67777777777779,,0.010237743146399726,,-30.95,2.78,-30.95,2.78,1,1,1,1
BO-099-G1-001-24L,BO-099-G1-001-24L-1,1,BO_099,BO_033,G1,24L,1,24,TRUE,2022-10-31,2022-11-03,2023-05-05,186,183,2023-05-05,0,,,,6.78,6.78,1,2,0,3,3,0,0,,26.275,2023-05-05,26.275,2023-05-05,21.346,1.4,21.346,1.4,15.247142857142858,15.247142857142858,0.0655860582778975,0.0655860582778975,-30.67,3.96,-30.67,3.96,1,1,1,0
BO-099-G1-007-7L,BO-099-G1-007-7L-1,7,BO_099,BO_033,G1,7L,1,205,TRUE,2022-10-31,2022-11-03,2023-04-21,172,169,2023-04-21,0,,,,,,1,0,0,1,1,0,0,,,,,,,,40.338,2.79,14.458064516129033,,0.06916555109326193,,,,,,1,1,1,0
BO-099-G2-006-31R,BO-099-G2-006-31R-1,6,BO_099,BO_033,G2,31R,1,198,TRUE,2022-10-31,2022-11-03,2023-04-21,172,169,2023-05-17,26,,1,,8.89,8.89,0,0,0,0,0,,0,,,,26.719,2023-04-21,,,23.137,2.04,11.341666666666667,,0.0881704628949302,,-29.32,3.36,-29.32,3.36,1,0,0,0
BO-104-G1-002-15L,BO-104-G1-002-15L-2,2,BO_104,BO_106,G1,15L,2,55,TRUE,2022-10-31,2022-11-03,2023-05-05,186,183,2023-05-05,0,1,,,,,3,0,0,0,3,0,0,,28.056,2023-05-05,28.056,2023-05-05,,,,,,,,,-31.13,4.95,-31.13,4.95,1,1,1,0
BO-105-G1-009-12L,BO-105-G1-009-12L-5,9,BO_105,BO_128,G1,12L,5,261,TRUE,2022-10-31,2022-11-03,2023-04-21,172,169,2023-05-05,14,1,,,12.62,12.62,3,0,3,3,3,1,3,5.076666667,24.086,2023-04-21,24.086,2023-04-21,,,28.058,1.95,14.388717948717948,,0.06949889514576948,,-30.18,3.93,-30.18,3.93,1,1,1,1
BO-106-G1-009-24R,BO-106-G1-009-24R-1,9,BO_106,BO_149,G1,24R,1,273,TRUE,2022-10-31,2022-11-03,2023-04-21,172,169,2023-04-21,0,,,,5.48,5.48,0,1,0,0,1,,,,24.019,2023-04-21,24.019,2023-04-21,13.584,0.81,13.584,0.81,16.77037037037037,16.77037037037037,0.059628975265017675,0.059628975265017675,-30.97,1.89,-30.97,1.89,1,1,0,0
BO-108-G1-010-19R,BO-108-G1-010-19R-3,10,BO_108,BO_162,G1,19R,3,298,TRUE,2022-10-31,2022-11-03,2023-04-21,172,169,2023-04-21,0,,,,15.39,15.39,1,1,0,0,2,0,0,,30.68,2023-04-21,30.68,2023-04-21,,,25.973,2.16,12.024537037037035,,0.08316328494975553,,-27.89,2.72,-27.89,2.72,1,1,1,0
BO-108-G2-005-32R,BO-108-G2-005-32R-5,5,BO_108,BO_162,G2,32R,5,156,TRUE,2022-10-31,2022-11-03,2023-05-05,186,183,2023-05-05,0,,,,2.09,2.09,1,0,2,2,1,2,2,1.305,,,,,,,,,,,,,,,,,1,1,1,1
BO-111-G1-003-6R,BO-111-G1-003-6R-4,3,BO_111,BO_170,G1,6R,4,77,TRUE,2022-10-31,2022-11-03,2023-05-05,186,183,2023-05-05,0,2,,,71.88,71.88,5,0,6,7,5,1.2,6,3.001666667,27.93,2023-05-05,27.93,2023-05-05,,,,,,,,,-28.94,3.79,-28.94,3.79,1,1,1,1
BO-111-G1-009-25L,BO-111-G1-009-25L-4,9,BO_111,BO_170,G1,25L,4,274,TRUE,2022-10-31,2022-11-03,2023-04-21,172,169,2023-04-21,0,,,,,,0,0,0,0,0,,0,,18.537,2023-04-21,18.537,2023-04-21,,,,,,,,,,,,,1,0,0,0
BO-115-G1-008-6R,BO-115-G1-008-6R-2,8,BO_115,BO_065,G1,6R,2,230,TRUE,2022-10-31,2022-11-03,2023-04-21,172,169,2023-05-05,14,1,,,17.36,17.36,2,2,4,4,4,2,8,4.3525,23.463,2023-04-21,23.463,2023-04-21,,,47.744,4.91,9.723828920570265,,0.1028401474530831,,-29.9,0.95,-29.9,0.95,1,1,1,1
BO-115-G2-007-1L,BO-115-G2-007-1L-5,7,BO_115,BO_065,G2,1L,5,199,TRUE,2022-10-31,2022-11-03,2023-04-21,172,169,2023-05-17,26,2,2,,39.59,39.59,5,1,30,32,6,6,36,4.626923077,,,,,,,90.5,6.7,13.507462686567164,,0.07403314917127071,,-30.26,2.91,-30.26,2.91,1,1,1,1
BO-115-G2-009-7R,BO-115-G2-009-7R-3,9,BO_115,BO_065,G2,7R,3,256,TRUE,2022-10-31,2022-11-03,2023-05-05,186,183,2023-05-05,0,2,,,9.75,9.75,0,3,0,0,3,,,,24.765,2023-05-05,24.765,2023-05-05,,,17.092,0.99,17.264646464646464,,0.05792183477650363,,-28.96,2.96,-28.96,2.96,1,1,0,0
BO-115-G2-010-7L,BO-115-G2-010-7L-4,10,BO_115,BO_065,G2,7L,4,286,TRUE,2022-10-31,2022-11-03,2023-04-21,172,169,2023-05-05,14,1,,,,,0,6,0,0,6,,,,24.033,2023-04-21,24.033,2023-04-21,,,28.632,1.51,18.961589403973512,,0.05273819502654372,,-29.34,5.6,-29.34,5.6,1,1,0,0
BO-116-G1-007-5R,BO-116-G1-007-5R-1,7,BO_116,BO_183,G1,5R,1,203,TRUE,2022-10-31,2022-11-03,2023-05-05,186,183,2023-05-05,0,2,,,28.4,28.4,2,0,17,17,2,8.5,17,3.534117647,24.627,2023-05-05,24.627,2023-05-05,,,71.673,4.84,14.808471074380167,,0.06752891604927935,,-30.25,3.23,-30.25,3.23,1,1,1,1
BO-117-G1-006-20L,BO-117-G1-006-20L-4,6,BO_117,BO_073,G1,20L,4,188,TRUE,2022-10-31,2022-11-03,2023-04-21,172,169,2023-04-21,0,,,,5.78,5.78,0,2,0,0,2,,,,,,,,,,,,,,,,-28.6,1.34,-28.6,1.34,1,1,0,0
BO-117-G1-009-2R,BO-117-G1-009-2R-4,9,BO_117,BO_073,G1,2R,4,251,TRUE,2022-10-31,2022-11-03,2023-04-21,172,169,2023-05-17,26,2,1,,40.75,40.75,4,3,13,14,7,3.25,22.75,2.503846154,,,,,,,49.732,3.36,14.801190476190477,,0.06756213303305718,,-27.76,4.44,-27.76,4.44,1,1,1,1
BO-118-G1-007-25R,BO-118-G1-007-25R-1,7,BO_118,BO_074,G1,25R,1,223,TRUE,2022-10-31,2022-11-03,2023-04-21,172,169,2023-04-21,0,,,,,,1,0,0,1,1,0,0,,,,,,,,,,,,,,,,,,1,1,1,0
BO-118-G1-009-9L,BO-118-G1-009-9L-1,9,BO_118,BO_074,G1,9L,1,258,TRUE,2022-10-31,2022-11-03,2023-05-05,186,183,2023-05-05,0,2,,,10.96,10.96,0,4,0,0,4,,,,23.118,2023-05-05,23.118,2023-05-05,,,58.598,4.83,12.132091097308487,,0.08242602136591694,,-29.31,4.17,-29.31,4.17,1,1,0,0
BO-120-G1-006-27L,BO-120-G1-006-27L-4,6,BO_120,BO_130,G1,27L,4,194,TRUE,2022-10-31,2022-11-03,2023-04-21,172,169,2023-05-05,14,,,,3,3,2,0,2,5,2,1,2,2.35,25.09,2023-04-21,25.09,2023-04-21,,,39.22,2.1,18.676190476190474,,0.05354411014788374,,,,,,1,1,1,1
BO-121-G1-006-8R,BO-121-G1-006-8R-2,6,BO_121,BO_177,G1,8R,2,176,TRUE,2022-10-31,2022-11-03,2023-04-21,172,169,2023-05-17,26,,2,,140.1,140.1,17,3,104,117,20,6.117647059,122.3529412,2.553777778,27.808,2023-04-21,27.808,2023-04-21,,,,,,,,,-30.82,4.39,-30.82,4.39,1,1,1,1
BO-121-G2-009-4R,BO-121-G2-009-4R-4,9,BO_121,BO_177,G2,4R,4,253,TRUE,2022-10-31,2022-11-03,2023-04-21,172,169,2023-05-05,14,,,,10.35,10.35,0,2,0,0,2,,,,22.455,2023-04-21,22.455,2023-04-21,,,,,,,,,-29.73,3.26,-29.73,3.26,1,1,0,0
BO-122-G1-008-6L,BO-122-G1-008-6L-1,8,BO_122,BO_005,G1,6L,1,230,TRUE,2022-10-31,2022-11-03,2023-04-21,172,169,2023-04-21,0,,,,11.6,11.6,3,1,9,13,4,3,12,3.708888889,27.152,2023-04-21,27.152,2023-04-21,,,,,,,,,-27.92,3.24,-27.92,3.24,1,1,1,1
BO-122-G1-008-7R,BO-122-G1-008-7R-2,8,BO_122,BO_005,G1,7R,2,231,TRUE,2022-10-31,2022-11-03,2023-04-21,172,169,2023-05-05,14,1,,,20.3,20.3,3,1,13,13,4,4.333333333,17.33333333,2.357692308,,,,,,,33.249,4.48,7.421651785714285,,0.13474089446299137,,-27.54,2.84,-27.54,2.84,1,1,1,1
BO-123-G2-009-13R,BO-123-G2-009-13R-1,9,BO_123,BO_058,G2,13R,1,262,TRUE,2022-10-31,2022-11-03,2023-05-05,186,183,2023-05-05,0,1,,,3.16,3.16,1,0,0,0,1,0,0,,,,,,25.894,1.71,25.894,1.71,15.142690058479532,15.142690058479532,0.0660384645091527,0.0660384645091527,,,,,1,1,1,0
BO-124-G1-005-20L,BO-124-G1-005-20L-2,5,BO_124,BO_033,G1,20L,2,144,TRUE,2022-10-31,2022-11-03,2023-04-21,172,169,2023-05-17,26,3,2,,87.89,87.89,13,0,54,60,13,4.153846154,54,3.293882759,,,,,,,32.328,2.46,13.141463414634147,,0.07609502598366741,,-28.57,5.53,-28.57,5.53,1,1,1,1
BO-124-G1-005-9L,BO-124-G1-005-9L-1,5,BO_124,BO_033,G1,9L,1,133,TRUE,2022-10-31,2022-11-03,2023-04-21,172,169,2023-04-21,0,,,,5.06,5.06,2,0,1,2,2,0.5,1,2.8,,,,,,,31.688,,,,,,-30.56,2.15,-30.56,2.15,1,1,1,1
BO-124-G2-001-20R,BO-124-G2-001-20R-2,1,BO_124,BO_033,G2,20R,2,20,TRUE,2022-10-31,2022-11-03,2023-05-05,186,183,2023-05-05,0,,,,,,0,1,0,0,1,,,,23.604,2023-05-05,23.604,2023-05-05,,,,,,,,,,,,,1,1,0,0
BO-124-G2-001-28R,BO-124-G2-001-28R-5,1,BO_124,BO_033,G2,28R,5,28,TRUE,2022-10-31,2022-11-03,2023-05-17,198,195,2023-05-17,0,,,,,,1,0,0,0,1,0,0,,,,,,,,,,,,,,-31.01,1.56,-31.01,1.56,1,1,1,0
BO-125-G1-001-37L,BO-125-G1-001-37L-5,1,BO_125,BO_194,G1,37L,5,37,TRUE,2022-10-31,2022-11-03,2023-05-05,186,183,2023-05-17,12,1,1,,20.6,20.6,0,3,0,0,3,,,,28.194,2023-05-05,28.194,2023-05-05,,,,,,,,,-29.91,4.03,-29.91,4.03,1,1,0,0
BO-125-G1-004-19L,BO-125-G1-004-19L-3,4,BO_125,BO_194,G1,19L,3,116,TRUE,2022-10-31,2022-11-03,2023-05-05,186,183,2023-05-17,12,1,,,,,1,1,1,2,2,1,2,4.4,14.85,2023-05-05,14.85,2023-05-05,,,,,,,,,-31.09,3.04,-31.09,3.04,1,1,1,1
BO-125-G1-009-15R,BO-125-G1-009-15R-1,9,BO_125,BO_194,G1,15R,1,264,TRUE,2022-10-31,2022-11-03,2023-04-21,172,169,2023-04-21,0,,,,1.76,1.76,0,1,0,0,1,,,,23.075,2023-04-21,23.075,2023-04-21,,,,,,,,,,,,,1,1,0,0
BO-125-G2-005-34L,BO-125-G2-005-34L-2,5,BO_125,BO_194,G2,34L,2,158,TRUE,2022-10-31,2022-11-03,2023-05-05,186,183,2023-05-05,0,3,,,,,1,0,4,4,1,4,4,3.635,23.636,2023-05-05,23.636,2023-05-05,,,,,,,,,,,,,1,1,1,1
BO-125-G2-009-18R,BO-125-G2-009-18R-1,9,BO_125,BO_194,G2,18R,1,267,TRUE,2022-10-31,2022-11-03,2023-05-05,186,183,2023-05-05,0,2,,,,,1,3,6,6,4,6,24,,,,,,,,20.373,1.32,15.434090909090909,,0.06479163598880872,,-28.84,2.97,-28.84,2.97,1,1,1,1
BO-125-G2-010-15R,BO-125-G2-010-15R-5,10,BO_125,BO_194,G2,15R,5,294,TRUE,2022-10-31,2022-11-03,2023-05-05,186,183,2023-05-05,0,1,,,5,5,0,1,0,0,1,,,,,,,,,,43.83,2.87,15.271777003484319,,0.06548026465890944,,-28.42,1.45,-28.42,1.45,1,1,0,0
BO-126-G1-005-2L,BO-126-G1-005-2L-5,5,BO_126,BO_189,G1,2L,5,126,TRUE,2022-10-31,2022-11-03,2023-05-05,186,183,2023-06-01,27,1,,0,,,3,2,13,13,5,4.333333333,21.66666667,2.31625,22.815,2023-05-05,22.815,2023-05-05,,,,,,,,,-29.68,3.18,-29.68,3.18,1,1,1,1
BO-126-G2-007-13L,BO-126-G2-007-13L-3,7,BO_126,BO_189,G2,13L,3,211,TRUE,2022-10-31,2022-11-03,2023-05-05,186,183,2023-05-05,0,3,,,12.81,12.81,3,0,11,11,3,3.666666667,11,2.371818182,18.939,2023-05-05,18.939,2023-05-05,,,,,,,,,-29.79,3.42,-29.79,3.42,1,1,1,1
BO-127-G1-009-10L,BO-127-G1-009-10L-4,9,BO_127,BO_192,G1,10L,4,259,TRUE,2022-10-31,2022-11-03,2023-04-21,172,169,2023-04-21,0,,,,6.72,6.72,1,1,0,2,2,0,0,,26.256,2023-04-21,26.256,2023-04-21,23.042,1.51,23.042,1.51,15.259602649006624,15.259602649006624,0.06553250585886641,0.06553250585886641,-28.98,3.21,-28.98,3.21,1,1,1,0
BO-127-G1-009-12R,BO-127-G1-009-12R-5,9,BO_127,BO_192,G1,12R,5,261,TRUE,2022-10-31,2022-11-03,2023-04-21,172,169,2023-04-21,0,,,,,,0,1,0,0,1,,,,,,,,,,39.575,3.33,11.884384384384385,,0.08414403032217309,,,,,,1,1,0,0
BO-130-G1-009-16R,BO-130-G1-009-16R-3,9,BO_130,BO_201,G1,16R,3,265,TRUE,2022-10-31,2022-11-03,2023-04-21,172,169,2023-05-05,14,1,,,,,1,2,2,2,3,2,6,3.78,27.222,2023-04-21,27.222,2023-04-21,,,41.198,2.13,19.341784037558686,,0.05170153890965581,,,,,,1,1,1,1
BO-130-G2-006-14R,BO-130-G2-006-14R-4,6,BO_130,BO_201,G2,14R,4,182,TRUE,2022-10-31,2022-11-03,2023-05-17,198,195,2023-05-17,0,,1,,,,2,0,2,3,2,1,2,4.765,21.681,2023-05-17,21.681,2023-05-17,,,27.449,2.84,9.665140845070423,,0.10346460708951145,,,,,,1,1,1,1
BO-131-G1-006-5L,BO-131-G1-006-5L-3,6,BO_131,BO_106,G1,5L,3,173,TRUE,2022-10-31,2022-11-03,2023-04-21,172,169,2023-05-05,14,,,,,,0,0,0,0,0,,0,,,,16.493,2023-04-21,,,,,,,,,-30.26,0.92,-30.26,0.92,1,0,0,0
BO-134-G1-009-5R,BO-134-G1-009-5R-1,9,BO_134,BO_096,G1,5R,1,254,TRUE,2022-10-31,2022-11-03,2023-04-21,172,169,2023-04-21,0,,,,3.18,3.18,0,1,0,0,1,,,,23.384,2023-04-21,23.384,2023-04-21,15.203,1.43,15.203,1.43,10.631468531468531,10.631468531468531,0.09406038281918043,0.09406038281918043,-27,1.48,-27,1.48,1,1,0,0
BO-137-G1-002-21L,BO-137-G1-002-21L-5,2,BO_137,BO_038,G1,21L,5,61,TRUE,2022-10-31,2022-11-03,2023-04-21,172,169,2023-05-05,14,0,,,,,1,2,2,2,3,2,6,7.105,25.508,2023-04-21,25.508,2023-04-21,,,,,,,,,-28.81,2.25,-28.81,2.25,1,1,1,1
BO-137-G1-009-4L,BO-137-G1-009-4L-5,9,BO_137,BO_038,G1,4L,5,253,TRUE,2022-10-31,2022-11-03,,,,,,,,,,,0,0,0,0,0,,0,,,,20.905,2023-04-21,,,12.909,0.88,14.669318181818182,,0.06816949415136726,,,,,,0,0,0,0
BO-137-G2-008-20R,BO-137-G2-008-20R-2,8,BO_137,BO_038,G2,20R,2,244,TRUE,2022-10-31,2022-11-03,2023-04-21,172,169,2023-04-21,0,,,,4.25,4.25,0,0,0,0,0,,0,,,,,,,,,,,,,,-30.28,1.86,-30.28,1.86,1,0,0,0
BO-139-G1-001-27R,BO-139-G1-001-27R-4,1,BO_139,BO_177,G1,27R,4,27,TRUE,2022-10-31,2022-11-03,2023-05-05,186,183,2023-05-05,0,2,,,,,2,0,1,2,2,0.5,1,4.74,21.52,2023-05-05,21.52,2023-05-05,15.721,0.95,15.721,0.95,16.54842105263158,16.54842105263158,0.06042872590802112,0.06042872590802112,-30.62,3.2,-30.62,3.2,1,1,1,1
BO-140-G1-001-39R,BO-140-G1-001-39R-5,1,BO_140,BO_088,G1,39R,5,39,TRUE,2022-10-31,2022-11-03,2023-05-17,198,195,2023-05-17,0,,,,,,1,0,5,5,1,5,5,3.208,,,,,,,,,,,,,,,,,1,1,1,1
BO-140-G1-006-23R,BO-140-G1-006-23R-3,6,BO_140,BO_088,G1,23R,3,190,TRUE,2022-10-31,2022-11-03,2023-04-21,172,169,2023-04-21,0,,,,8.59,8.59,2,0,10,11,2,5,10,2.023,30.073,2023-04-21,30.073,2023-04-21,,,38.059,2.84,13.40105633802817,,0.07462098321027877,,-30.29,2.07,-30.29,2.07,1,1,1,1
BO-140-G1-008-10L,BO-140-G1-008-10L-1,8,BO_140,BO_088,G1,10L,1,234,TRUE,2022-10-31,2022-11-03,2023-04-21,172,169,2023-04-21,0,,,,,,0,0,0,0,0,,0,,,,,,,,,,,,,,,,,,1,0,0,0
BO-142-G1-001-18R,BO-142-G1-001-18R-3,1,BO_142,BO_189,G1,18R,3,18,TRUE,2022-10-31,2022-11-03,2023-05-05,186,183,2023-05-05,0,,,,,,2,1,0,0,3,0,0,,26.275,2023-05-05,26.275,2023-05-05,,,45.093,3.94,11.444923857868021,,0.08737498059565786,,,,,,1,1,1,0
BO-142-G1-010-8L,BO-142-G1-010-8L-1,10,BO_142,BO_189,G1,8L,1,287,TRUE,2022-10-31,2022-11-03,2023-05-05,186,183,2023-05-05,0,2,,,,,1,0,1,1,1,1,1,10.27,,,,,,,41.281,2.52,16.381349206349206,,0.06104503282381725,,-30.78,2.66,-30.78,2.66,1,1,1,1
BO-142-G2-010-2R,BO-142-G2-010-2R-5,10,BO_142,BO_189,G2,2R,5,281,TRUE,2022-10-31,2022-11-03,2023-05-05,186,183,2023-05-17,12,2,3,,20.08,20.08,3,2,19,23,5,6.333333333,31.66666667,4.023684211,,,27.812,2023-04-21,,,31.081,1.6,19.425625,,0.05147839516103085,,-30.14,4.73,-30.14,4.73,1,1,1,1
BO-143-G1-002-11R,BO-143-G1-002-11R-2,2,BO_143,BO_033,G1,11R,2,51,TRUE,2022-10-31,2022-11-03,2023-04-21,172,169,2023-05-05,14,1,,,3.31,3.31,0,3,0,0,3,,,,26.725,2023-04-21,26.725,2023-04-21,,,,,,,,,-31.03,1.81,-31.03,1.81,1,1,0,0
BO-143-G2-010-10R,BO-143-G2-010-10R-1,10,BO_143,BO_033,G2,10R,1,289,TRUE,2022-10-31,2022-11-03,2023-06-02,214,211,2023-06-02,0,,,1,,,0,0,0,0,0,,0,,,,,,,,,,,,,,,,,,1,0,0,0
BO-144-G1-001-28L,BO-144-G1-001-28L-1,1,BO_144,BO_163,G1,28L,1,28,TRUE,2022-10-31,2022-11-03,2023-05-05,186,183,2023-05-05,0,1,,,,,0,1,0,0,1,,,,25.945,2023-05-05,25.945,2023-05-05,,,,,,,,,,,,,1,1,0,0
BO-144-G1-002-18R,BO-144-G1-002-18R-4,2,BO_144,BO_163,G1,18R,4,58,TRUE,2022-10-31,2022-11-03,2023-05-05,186,183,2023-06-15,41,1,,0,,,5,0,16,16,5,3.2,16,3.95125,27.615,2023-05-05,27.615,2023-05-05,,,,,,,,,-29.16,3.67,-29.16,3.67,1,1,1,1
BO-144-G1-008-25R,BO-144-G1-008-25R-5,8,BO_144,BO_163,G1,25R,5,249,TRUE,2022-10-31,2022-11-03,2023-04-21,172,169,2023-05-17,26,1,1,,,,4,1,13,15,5,3.25,16.25,3.922698413,26.241,2023-04-21,26.241,2023-04-21,,,64.097,4.03,15.904962779156325,,0.06287345741610373,,-28.77,4.38,-28.77,4.38,1,1,1,1
BO-145-G1-006-12L,BO-145-G1-006-12L-2,6,BO_145,BO_069,G1,12L,2,180,TRUE,2022-10-31,2022-11-03,2023-06-01,213,210,2023-06-01,0,,,1,16.26,16.26,0,1,0,0,1,,,,,,,,,,30.13,2.64,11.412878787878787,,0.08762031198141387,,-29.3,3.42,-29.3,3.42,1,1,0,0
BO-146-G1-007-26R,BO-146-G1-007-26R-5,7,BO_146,BO_022,G1,26R,5,224,TRUE,2022-10-31,2022-11-03,2023-04-21,172,169,2023-05-05,14,3,,,15.82,15.82,6,0,15,21,6,2.5,15,3.128863636,,,,,,,,,,,,,-29.49,2.47,-29.49,2.47,1,1,1,1
BO-146-G1-010-16L,BO-146-G1-010-16L-5,10,BO_146,BO_022,G1,16L,5,295,TRUE,2022-10-31,2022-11-03,2023-05-05,186,183,2023-05-05,0,1,,,36.53,36.53,3,1,6,6,4,2,8,5.785,,,,,67.679,3.98,67.679,3.98,17.004773869346735,17.004773869346735,0.05880701547008673,0.05880701547008673,-28.74,5.08,-28.74,5.08,1,1,1,1
BO-146-G2-005-34R,BO-146-G2-005-34R-3,5,BO_146,BO_022,G2,34R,3,158,TRUE,2022-10-31,2022-11-03,2023-04-21,172,169,2023-05-05,14,1,,,,,3,0,7,13,3,2.333333333,7,2.657083333,23.969,2023-05-05,23.969,2023-05-05,,,,,,,,,,,,,1,1,1,1
BO-146-G2-009-11L,BO-146-G2-009-11L-1,9,BO_146,BO_022,G2,11L,1,260,TRUE,2022-10-31,2022-11-03,2023-04-21,172,169,2023-05-05,14,1,,,8.22,8.22,2,1,2,2,3,1,3,7.04,29.139,2023-04-21,29.139,2023-04-21,,,24.343,1.35,18.03185185185185,,0.05545742102452451,,-28.95,4.49,-28.95,4.49,1,1,1,1
BO-149-G1-008-17L,BO-149-G1-008-17L-1,8,BO_149,BO_038,G1,17L,1,241,TRUE,2022-10-31,2022-11-03,2023-04-21,172,169,2023-04-21,0,,,,12.72,12.72,4,0,6,8,4,1.5,6,3.821666667,,,,,,,,,,,,,-29.79,2.02,-29.79,2.02,1,1,1,1
BO-149-G1-010-7R,BO-149-G1-010-7R-2,10,BO_149,BO_038,G1,7R,2,286,TRUE,2022-10-31,2022-11-03,,,,,,,,,4.32,4.32,1,3,0,0,4,0,0,,,,,,27.692,1.75,27.692,1.75,15.824,15.824,0.06319514661274014,0.06319514661274014,-28.87,1.11,-28.87,1.11,0,1,1,0
BO-149-G2-008-23L,BO-149-G2-008-23L-5,8,BO_149,BO_038,G2,23L,5,247,TRUE,2022-10-31,2022-11-03,2023-04-21,172,169,2023-05-05,14,4,,,38.94,38.94,3,0,2,7,3,0.6666666667,2,3.11,24.386,2023-04-21,24.386,2023-04-21,,,,,,,,,-29.04,4.17,-29.04,4.17,1,1,1,1
BO-150-G1-007-12R,BO-150-G1-007-12R-4,7,BO_150,BO_187,G1,12R,4,210,TRUE,2022-10-31,2022-11-03,2023-04-21,172,169,2023-06-02,42,1,2,,49.39,49.39,7,2,17,21,9,2.428571429,21.85714286,3.900386844,25.468,2023-05-17,25.468,2023-05-17,,,,,,,,,-28.23,3.97,-28.23,3.97,1,1,1,1
BO-150-G2-009-18L,BO-150-G2-009-18L-3,9,BO_150,BO_187,G2,18L,3,267,TRUE,2022-10-31,2022-11-03,2023-04-21,172,169,2023-05-05,14,2,,,10.06,10.06,1,4,5,5,5,5,25,4.54,32.164,2023-04-21,32.164,2023-04-21,,,17.827,1.08,16.506481481481483,,0.06058226285970718,,-29.03,2.34,-29.03,2.34,1,1,1,1
BO-151-G1-001-33L,BO-151-G1-001-33L-3,1,BO_151,BO_001,G1,33L,3,33,TRUE,2022-10-31,2022-11-03,2023-05-05,186,183,2023-05-05,0,2,,,33.43,33.43,5,6,8,13,11,1.6,17.6,3.187857143,25.725,2023-05-05,25.725,2023-05-05,,,,,,,,,-29.39,5.29,-29.39,5.29,1,1,1,1
BO-152-G1-005-18L,BO-152-G1-005-18L-2,5,BO_152,BO_143,G1,18L,2,142,TRUE,2022-10-31,2022-11-03,2023-05-05,186,183,2023-06-01,27,3,6,0,51.84,51.84,5,11,11,11,16,2.2,35.2,3.928611111,26.309,2023-05-05,26.309,2023-05-05,,,,,,,,,-31.85,4.59,-31.85,4.59,1,1,1,1
BO-152-G2-008-19R,BO-152-G2-008-19R-5,8,BO_152,BO_143,G2,19R,5,243,TRUE,2022-10-31,2022-11-03,2023-05-05,186,183,2023-06-02,28,,3,,25.61,25.61,2,2,4,4,4,2,8,4.9825,,,,,13.814,0.99,13.814,0.99,13.953535353535354,13.953535353535354,0.07166642536557115,0.07166642536557115,-29.31,3.46,-29.31,3.46,1,1,1,1
BO-152-G2-008-24L,BO-152-G2-008-24L-2,8,BO_152,BO_143,G2,24L,2,248,TRUE,2022-10-31,2022-11-03,2023-05-05,186,183,2023-05-17,12,2,,,27.28,27.28,3,0,6,10,3,2,6,4.573333333,23.2,2023-05-05,23.2,2023-05-05,,,17.393,0.98,17.74795918367347,,0.05634450641062497,,-28.84,4.7,-28.84,4.7,1,1,1,1
BO-154-G2-003-15L,BO-154-G2-003-15L-3,3,BO_154,BO_188,G2,15L,3,86,TRUE,2022-10-31,2022-11-03,2023-05-05,186,183,2023-05-17,12,1,1,,6.74,6.74,1,1,1,1,2,1,2,6.27,,,,,,,,,,,,,-28.39,2.43,-28.39,2.43,1,1,1,1
BO-155-G1-007-6L,BO-155-G1-007-6L-5,7,BO_155,BO_168,G1,6L,5,204,TRUE,2022-10-31,2022-11-03,2023-04-21,172,169,2023-06-02,42,3,,,36.36,36.36,6,4,21,21,10,3.5,35,4.114761905,,,,,,,,,,,,,-29.83,3.83,-29.83,3.83,1,1,1,1
BO-155-G2-009-8L,BO-155-G2-009-8L-5,9,BO_155,BO_168,G2,8L,5,257,TRUE,2022-10-31,2022-11-03,2023-05-05,186,183,2023-05-05,0,,,,4.73,4.73,0,3,0,0,3,,,,,,26.293,2023-04-21,,,25.866,1.42,18.21549295774648,,0.05489832212170416,,-29.28,2.65,-29.28,2.65,1,1,0,0
BO-157-G1-008-1R,BO-157-G1-008-1R-4,8,BO_157,BO_153,G1,1R,4,225,TRUE,2022-10-31,2022-11-03,2023-05-05,186,183,2023-05-05,0,3,,,,,3,0,5,5,3,1.666666667,5,4.604,20.337,2023-05-05,20.337,2023-05-05,,,,,,,,,-30.57,3.05,-30.57,3.05,1,1,1,1
BO-158-G1-006-12R,BO-158-G1-006-12R-4,6,BO_158,BO_198,G1,12R,4,180,TRUE,2022-10-31,2022-11-03,2023-05-17,198,195,2023-05-17,0,,,,5.65,5.65,1,1,1,2,2,1,2,3.79,,,,,,,,,,,,,-30.73,2.14,-30.73,2.14,1,1,1,1
BO-158-G1-006-4L,BO-158-G1-006-4L-1,6,BO_158,BO_198,G1,4L,1,172,TRUE,2022-10-31,2022-11-03,2023-05-05,186,183,2023-06-15,41,,1,1(6/15),17.61,17.61,2,0,5,5,2,2.5,5,4.81,,,24.977,2023-05-05,,,33.308,2.47,13.48502024291498,,0.07415635883271286,,-27.84,4.77,-27.84,4.77,1,1,1,1
BO-159-G1-005-4R,BO-159-G1-005-4R-3,5,BO_159,BO_198,G1,4R,3,128,TRUE,2022-10-31,2022-11-03,2023-04-21,172,169,2023-04-21,0,0,,,4.25,4.25,1,0,3,5,1,3,3,1.273333333,,,,,,,39.524,2.12,18.643396226415092,,0.05363829571905678,,-29.36,0.86,-29.36,0.86,1,1,1,1
BO-159-G1-009-10R,BO-159-G1-009-10R-3,9,BO_159,BO_198,G1,10R,3,259,TRUE,2022-10-31,2022-11-03,,,,,,,,,1.94,1.94,0,1,0,0,1,,,,,,,,,,,,,,,,,,,,0,1,0,0
BO-159-G1-009-16L,BO-159-G1-009-16L-2,9,BO_159,BO_198,G1,16L,2,265,TRUE,2022-10-31,2022-11-03,2023-04-21,172,169,2023-04-21,0,,,,2.59,2.59,0,1,0,0,1,,,,19.859,2023-04-21,19.859,2023-04-21,,,,,,,,,,,,,1,1,0,0
BO-161-G1-006-31L,BO-161-G1-006-31L-5,6,BO_161,BO_130,G1,31L,5,198,TRUE,2022-10-31,2022-11-03,2023-04-21,172,169,2023-04-21,0,,,,39.06,39.06,3,0,20,20,3,6.666666667,20,4.4234375,28.35,2023-04-21,28.35,2023-04-21,,,11.93,1.07,11.149532710280372,,0.08968985750209557,,-29.55,5.31,-29.55,5.31,1,1,1,1
BO-164-G1-008-13L,BO-164-G1-008-13L-5,8,BO_164,BO_162,G1,13L,5,237,TRUE,2022-10-31,2022-11-03,2023-05-17,198,195,2023-06-02,16,,1,,,,1,0,6,6,1,6,6,2.261666667,26.643,2023-05-17,26.643,2023-05-17,,,35.901,2.03,17.68522167487685,,0.056544385950252074,,-29.68,2.06,-29.68,2.06,1,1,1,1
BO-164-G2-007-12L,BO-164-G2-007-12L-1,7,BO_164,BO_162,G2,12L,1,210,TRUE,2022-10-31,2022-11-03,2023-04-21,172,169,2023-06-02,42,,,,16.9,16.9,0,1,0,0,1,,,,,,,,,,37.132,2.28,16.2859649122807,,0.061402563826349246,,-29.88,3.64,-29.88,3.64,1,1,0,0
BO-164-G2-007-24R,BO-164-G2-007-24R-2,7,BO_164,BO_162,G2,24R,2,222,TRUE,2022-10-31,2022-11-03,2023-04-21,172,169,2023-04-21,0,,,,,,1,0,1,1,1,1,1,3.24,,,,,,,,,,,,,,,,,1,1,1,1
BO-166-G1-006-9L,BO-166-G1-006-9L-1,6,BO_166,BO_192,G1,9L,1,177,TRUE,2022-10-31,2022-11-03,2023-05-05,186,183,2023-05-05,0,,,,6.33,6.33,2,0,8,8,2,4,8,3.010333333,,,30.596,2023-05-05,,,93.084,5.83,15.966380789022299,,0.06263160156417859,,-29.01,2.09,-29.01,2.09,1,1,1,1
BO-166-G2-009-27L,BO-166-G2-009-27L-5,9,BO_166,BO_192,G2,27L,5,276,TRUE,2022-10-31,2022-11-03,2023-04-21,172,169,2023-05-17,26,1,1,,,,0,2,0,0,2,,,,25.043,2023-04-21,25.043,2023-04-21,63.398,3.69,63.398,3.69,17.181029810298103,17.181029810298103,0.058203728824253134,0.058203728824253134,-28.63,3.99,-28.63,3.99,1,1,0,0
BO-169-G1-005-16L,BO-169-G1-005-16L-3,5,BO_169,BO_088,G1,16L,3,140,TRUE,2022-10-31,2022-11-03,2023-06-01,213,210,2023-06-01,0,,,1,,,0,0,0,0,0,,0,,15.223,2023-06-02,15.223,2023-06-02,,,,,,,,,,,,,1,0,0,0
BO-169-G1-009-27R,BO-169-G1-009-27R-2,9,BO_169,BO_088,G1,27R,2,276,TRUE,2022-10-31,2022-11-03,2023-05-05,186,183,2023-05-05,0,1,,,25.59,25.59,3,1,6,10,4,2,8,5.628333333,23.019,2023-05-05,23.019,2023-05-05,52.569,3.45,52.569,3.45,15.237391304347826,15.237391304347826,0.06562803172972664,0.06562803172972664,-28.85,3.87,-28.85,3.87,1,1,1,1
BO-169-G2-002-31R,BO-169-G2-002-31R-1,2,BO_169,BO_088,G2,31R,1,71,TRUE,2022-10-31,2022-11-03,2023-05-17,198,195,2023-05-17,0,,2,,12.2,12.2,0,0,0,0,0,,0,,19.422,2023-05-17,19.422,2023-05-17,,,,,,,,,-28.74,2.63,-28.74,2.63,1,0,0,0
BO-169-G2-008-5R,BO-169-G2-008-5R-1,8,BO_169,BO_088,G2,5R,1,229,TRUE,2022-10-31,2022-11-03,,,,,,,,,,,0,0,0,0,0,,0,,,,,,,,,,,,,,,,,,0,0,0,0
BO-169-G2-008-7L,BO-169-G2-008-7L-3,8,BO_169,BO_088,G2,7L,3,231,TRUE,2022-10-31,2022-11-03,2023-04-21,172,169,2023-04-21,0,,,,,,0,0,0,0,0,,0,,,,,,,,,,,,,,,,,,1,0,0,0
BO-171-G1-010-26R,BO-171-G1-010-26R-1,10,BO_171,BO_040,G1,26R,1,305,TRUE,2022-10-31,2022-11-03,2023-05-05,186,183,2023-05-05,0,1,,,13.85,13.85,3,0,5,5,3,1.666666667,5,3.552,,,21.101,2023-04-21,,,33.046,2.09,15.811483253588518,,0.06324517339466199,,-29.04,5.25,-29.04,5.25,1,1,1,1
BO-174-G1-002-16R,BO-174-G1-002-16R-4,2,BO_174,BO_130,G1,16R,4,56,TRUE,2022-10-31,2022-11-03,2023-05-05,186,183,2023-05-05,0,1,,,,,1,1,3,3,2,3,6,1.91,,,,,,,,,,,,,-31.81,2.12,-31.81,2.12,1,1,1,1
BO-174-G1-003-4R,BO-174-G1-003-4R-2,3,BO_174,BO_130,G1,4R,2,75,TRUE,2022-10-31,2022-11-03,2023-05-05,186,183,2023-05-05,0,,,,10.4,10.4,0,2,0,0,2,,,,,,,,,,,,,,,,-31.43,2.34,-31.43,2.34,1,1,0,0
BO-175-G1-002-1L,BO-175-G1-002-1L-1,2,BO_175,BO_168,G1,1L,1,41,TRUE,2022-10-31,2022-11-03,2023-05-17,198,195,2023-06-15,29,,,2,53.9,53.9,2,1,2,3,3,1,3,7.855,31.331,2023-05-17,31.331,2023-05-17,,,,,,,,,-27.89,4.01,-27.89,4.01,1,1,1,1
BO-176-G1-009-17R,BO-176-G1-009-17R-3,9,BO_176,BO_005,G1,17R,3,266,TRUE,2022-10-31,2022-11-03,2023-04-21,172,169,2023-04-21,0,,,,3.04,3.04,0,0,0,0,0,,0,,,,33.713,2023-04-21,,,73.202,5.11,14.325244618395303,,0.06980683587880113,,-27.45,1.57,-27.45,1.57,1,0,0,0
BO-176-G1-009-6R,BO-176-G1-009-6R-5,9,BO_176,BO_005,G1,6R,5,255,TRUE,2022-10-31,2022-11-03,2023-04-21,172,169,2023-05-05,14,3,,,23.26,23.26,1,0,3,3,1,3,3,1.243333333,,,,,,,29.601,2.3,12.870000000000001,,0.0777000777000777,,-28.45,2.91,-28.45,2.91,1,1,1,1
BO-176-G1-010-28L,BO-176-G1-010-28L-1,10,BO_176,BO_005,G1,28L,1,307,TRUE,2022-10-31,2022-11-03,2023-04-21,172,169,2023-05-05,14,1,,,26.18,26.18,3,1,7,16,4,2.333333333,9.333333333,3.055714286,,,,,,,41.943,1.7,24.67235294117647,,0.04053119710082732,,-29.73,4.44,-29.73,4.44,1,1,1,1
BO-176-G2-007-1R,BO-176-G2-007-1R-4,7,BO_176,BO_005,G2,1R,4,199,TRUE,2022-10-31,2022-11-03,2023-06-02,214,211,2023-06-02,0,,,2,33.58,33.58,0,0,0,0,0,,0,,,,,,,,,,,,,,-30.08,4.23,-30.08,4.23,1,0,0,0
BO-177-G1-001-15R,BO-177-G1-001-15R-2,1,BO_177,BO_153,G1,15R,2,15,TRUE,2022-10-31,2022-11-03,2023-05-17,198,195,2023-05-17,0,,1,,,,0,0,0,0,0,,0,,18.816,2023-05-17,18.816,2023-05-17,,,,,,,,,,,,,1,0,0,0
BO-177-G1-003-5L,BO-177-G1-003-5L-5,3,BO_177,BO_153,G1,5L,5,76,TRUE,2022-10-31,2022-11-03,2023-04-21,172,169,2023-05-17,26,1,1,,7.7,7.7,0,1,0,0,1,,,,16.314,2023-04-21,16.314,2023-04-21,,,,,,,,,-30.27,1.26,-30.27,1.26,1,1,0,0
BO-177-G1-005-23L,BO-177-G1-005-23L-5,5,BO_177,BO_153,G1,23L,5,147,TRUE,2022-10-31,2022-11-03,2023-04-21,172,169,2023-05-17,26,,,,,,0,1,0,0,1,,,,,,,,,,,,,,,,,,,,1,1,0,0
BO-177-G2-010-25R,BO-177-G2-010-25R-2,10,BO_177,BO_153,G2,25R,2,304,TRUE,2022-10-31,2022-11-03,2023-04-21,172,169,2023-05-05,14,1,,,1.45,1.45,0,1,0,0,1,,,,23.16,2023-04-21,23.16,2023-04-21,41,1.68,41,1.68,24.404761904761905,24.404761904761905,0.04097560975609756,0.04097560975609756,,,,,1,1,0,0
BO-180-G1-003-14L,BO-180-G1-003-14L-4,3,BO_180,BO_168,G1,14L,4,85,TRUE,2022-10-31,2022-11-03,2023-05-05,186,183,2023-05-05,0,3,,,22.16,22.16,0,7,0,0,7,,,,20.565,2023-05-05,20.565,2023-05-05,,,,,,,,,-30.03,4.06,-30.03,4.06,1,1,0,0
BO-180-G1-004-10L,BO-180-G1-004-10L-5,4,BO_180,BO_168,G1,10L,5,107,TRUE,2022-10-31,2022-11-03,2023-05-05,186,183,2023-05-05,0,1,,,,,2,0,3,4,2,1.5,3,3.993333333,20.222,2023-05-05,20.222,2023-05-05,,,,,,,,,-30.13,2.12,-30.13,2.12,1,1,1,1
BO-180-G1-010-29R,BO-180-G1-010-29R-3,10,BO_180,BO_168,G1,29R,3,308,TRUE,2022-10-31,2022-11-03,2023-05-17,198,195,2023-05-17,0,,1,,2.62,2.62,0,0,0,0,0,,0,,,,,,11.394,0.61,11.394,0.61,18.678688524590164,18.678688524590164,0.053536949271546425,0.053536949271546425,,,,,1,0,0,0
BO-180-G2-010-12L,BO-180-G2-010-12L-1,10,BO_180,BO_168,G2,12L,1,291,TRUE,2022-10-31,2022-11-03,2023-05-05,186,183,2023-05-05,0,1,,,,,0,2,0,0,2,,,,19.696,2023-05-05,19.696,2023-05-05,34.176,2.02,34.176,2.02,16.91881188118812,16.91881188118812,0.05910580524344569,0.05910580524344569,,,,,1,1,0,0
BO-182-G1-006-4R,BO-182-G1-006-4R-5,6,BO_182,BO_101,G1,4R,5,172,TRUE,2022-10-31,2022-11-03,2023-05-17,198,195,2023-05-17,0,,2,,9.98,9.98,2,0,1,3,2,0.5,1,1.84,22.379,2023-05-17,22.379,2023-05-17,,,18.282,1.14,16.03684210526316,,0.062356416147029865,,-28.94,1.44,-28.94,1.44,1,1,1,1
BO-184-G1-005-12L,BO-184-G1-005-12L-5,5,BO_184,BO_070,G1,12L,5,136,TRUE,2022-10-31,2022-11-03,2023-05-05,186,183,2023-05-05,0,,,,3.1,3.1,1,0,2,2,1,2,2,2.17,,,,,,,,,,,,,,,,,1,1,1,1
BO-184-G1-010-26L,BO-184-G1-010-26L-5,10,BO_184,BO_070,G1,26L,5,305,TRUE,2022-10-31,2022-11-03,2023-05-05,186,183,2023-05-05,0,1,,,3.53,3.53,0,1,0,0,1,,,,,,,,,,15.739,0.99,15.897979797979799,,0.06290107376580469,,,,,,1,1,0,0
BO-184-G1-010-4R,BO-184-G1-010-4R-5,10,BO_184,BO_070,G1,4R,5,283,TRUE,2022-10-31,2022-11-03,2023-04-21,172,169,2023-05-05,14,1,,,25.74,25.74,2,1,3,4,3,1.5,4.5,6.9075,26.579,2023-04-21,26.579,2023-04-21,,,24.551,2.23,11.009417040358743,,0.09083133069936053,,-28.61,4.13,-28.61,4.13,1,1,1,1
BO-184-G2-010-2L,BO-184-G2-010-2L-3,10,BO_184,BO_070,G2,2L,3,281,TRUE,2022-10-31,2022-11-03,2023-05-05,186,183,2023-06-15,41,1,1,,,,3,0,7,12,3,2.333333333,7,6.0475,,,,,,,46.509,3.66,12.707377049180327,,0.07869444623621236,,-27.63,3.54,-27.63,3.54,1,1,1,1
BO-185-G1-006-1R,BO-185-G1-006-1R-3,6,BO_185,BO_149,G1,1R,3,169,TRUE,2022-10-31,2022-11-03,2023-05-05,186,183,2023-05-17,12,4,2,,86.68,86.68,10,0,20,20,10,2,20,5.213137255,39.359,2023-05-05,39.359,2023-05-05,,,,,,,,,-30.08,2.35,-30.08,2.35,1,1,1,1
BO-186-G1-009-23L,BO-186-G1-009-23L-1,9,BO_186,BO_073,G1,23L,1,272,TRUE,2022-10-31,2022-11-03,2023-05-05,186,183,2023-05-05,0,1,,,12.96,12.96,2,0,3,5,2,1.5,3,4.38,29.089,2023-05-05,29.089,2023-05-05,,,29.41,1.77,16.615819209039547,,0.060183611016661004,,-30.37,4.49,-30.37,4.49,1,1,1,1
BO-186-G1-010-18R,BO-186-G1-010-18R-4,10,BO_186,BO_073,G1,18R,4,297,TRUE,2022-10-31,2022-11-03,2023-05-05,186,183,2023-05-05,0,2,,,10.76,10.76,3,2,3,6,5,1,5,4.423333333,22.175,2023-05-05,22.175,2023-05-05,29.508,1.59,29.508,1.59,18.558490566037733,18.558490566037733,0.05388369255795039,0.05388369255795039,-29,3.16,-29,3.16,1,1,1,1
BO-189-G1-001-17L,BO-189-G1-001-17L-4,1,BO_189,BO_201,G1,17L,4,17,TRUE,2022-10-31,2022-11-03,2023-05-17,198,195,2023-05-17,0,,,,,,1,0,4,4,1,4,4,4.8,31.615,2023-05-17,31.615,2023-05-17,,,,,,,,,-27.58,4.26,-27.58,4.26,1,1,1,1
BO-190-G1-001-22R,BO-190-G1-001-22R-5,1,BO_190,BO_029,G1,22R,5,22,TRUE,2022-10-31,2022-11-03,2023-05-05,186,183,2023-05-05,0,,,,33.18,33.18,2,0,2,2,2,1,2,6.785,30.025,2023-05-05,30.025,2023-05-05,,,,,,,,,-28.51,4.85,-28.51,4.85,1,1,1,1
BO-190-G2-006-26L,BO-190-G2-006-26L-1,6,BO_190,BO_029,G2,26L,1,193,TRUE,2022-10-31,2022-11-03,2023-05-05,186,183,2023-05-05,0,,,,,,0,2,0,0,2,,,,,,,,,,,,,,,,,,,,1,1,0,0
BO-191-G2-006-7L,BO-191-G2-006-7L-1,6,BO_191,BO_106,G2,7L,1,175,TRUE,2022-10-31,2022-11-03,2023-05-05,186,183,2023-05-05,0,1,,,1.59,1.59,1,0,0,0,1,0,0,,19.733,2023-05-05,19.733,2023-05-05,,,,,,,,,,,,,1,1,1,0
BO-195-G1-009-20R,BO-195-G1-009-20R-3,9,BO_195,BO_143,G1,20R,3,269,TRUE,2022-10-31,2022-11-03,2023-05-05,186,183,2023-05-05,0,,,,5.82,5.82,0,0,0,0,0,,0,,,,,,,,,,,,,,-28.97,1.51,-28.97,1.51,1,0,0,0
BO-198-G1-007-15R,BO-198-G1-007-15R-2,7,BO_198,BO_183,G1,15R,2,213,TRUE,2022-10-31,2022-11-03,2023-04-21,172,169,2023-05-05,14,,,,17.05,17.05,6,1,15,20,7,2.5,17.5,3.748666667,,,,,,,34.653,1.85,18.73135135135135,,0.05338643118921883,,-29.6,4,-29.6,4,1,1,1,1
BO-199-G1-004-27L,BO-199-G1-004-27L-1,4,BO_199,BO_201,G1,27L,1,124,TRUE,2022-10-31,2022-11-03,2023-05-17,198,195,2023-06-01,15,,,1,35.57,35.57,5,1,12,22,6,2.4,14.4,3.674166667,27.038,2023-05-17,27.038,2023-05-17,,,,,,,,,-28.98,3.84,-28.98,3.84,1,1,1,1
BO-199-G1-006-13L,BO-199-G1-006-13L-1,6,BO_199,BO_201,G1,13L,1,181,TRUE,2022-10-31,2022-11-03,2023-04-21,172,169,2023-05-05,14,,,,75.38,75.38,10,0,27,29,10,2.7,27,6.139444444,28.646,2023-04-21,28.646,2023-04-21,,,37.45,3.64,10.288461538461538,,0.09719626168224299,,-28.74,3.43,-28.74,3.43,1,1,1,1
BO-199-G2-010-3R,BO-199-G2-010-3R-3,10,BO_199,BO_201,G2,3R,3,282,TRUE,2022-10-31,2022-11-03,2023-05-05,186,183,2023-05-05,0,1,,,,,0,1,0,0,1,,,,,,,,,,15.982,1.43,11.176223776223777,,0.08947566011763233,,-29.22,0.86,-29.22,0.86,1,1,0,0
BO-201-G1-006-17L,BO-201-G1-006-17L-1,6,BO_201,BO_069,G1,17L,1,185,TRUE,2022-10-31,2022-11-03,2023-04-21,172,169,2023-05-17,26,1,1,,,,5,1,8,8,6,1.6,9.6,5.37375,,,26.336,2023-05-05,,,40.279,3.67,10.975204359673025,,0.09111447652622955,,,,,,1,1,1,1
BO-201-G2-002-10R,BO-201-G2-002-10R-4,2,BO_201,BO_069,G2,10R,4,50,TRUE,2022-10-31,2022-11-03,2023-05-05,186,183,2023-05-05,0,,,,2.04,2.04,0,0,0,0,0,,0,,,,,,,,,,,,,,-29.54,1.94,-29.54,1.94,1,0,0,0
BO-201-G2-003-16L,BO-201-G2-003-16L-4,3,BO_201,BO_069,G2,16L,4,87,TRUE,2022-10-31,2022-11-03,2023-05-05,186,183,2023-05-17,12,3,2,,,,0,1,0,0,1,,,,27.07,2023-05-05,27.07,2023-05-05,,,,,,,,,,,,,1,1,0,0
