Transect,Year,Recipient,Gen,Symbol,Plant_ID,Segment,corolla_dia,
1,2023,AC_057,G1,-,2,1L,21.488,
1,2023,AC_032,G1,-,2,3R,23.885,
1,2023,AC_072,G1,-,1,4L,18.225,
1,2023,AC_072,G1,-,4,4L,15.47,
1,2023,AC_204,G1,-,5,5L,23.881,
1,2023,AC_119,G1,-,2,5R,22.18,
1,2023,AC_119,G1,-,3,5R,25.188,
1,2023,AC_123,G1,-,2,6R,22.462,
1,2023,AC_030,G1,-,1,7L,22.713,
1,2023,AC_147,G1,-,2,8R,25.244,
1,2023,AC_147,G1,-,4,8R,23.421,
1,2023,AC_086,G1,-,1,9L,23.718,
1,2023,AC_086,G1,-,3,9L,,
1,2023,AC_089,G1,-,3,9R,17.596,
1,2023,AC_179,G1,-,3,11L,16.658,
1,2023,AC_068,G1,-,3,13L,17.393,
1,2023,AC_034,G1,-,1,14R,,
1,2023,AC_034,G1,-,4,14R,17.929,
1,2023,AC_081,G1,-,3,18L,17.968,
1,2023,AC_153,G1,-,1,18R,20.32,
1,2023,AC_119,G1,-,3,19R,19.215,
1,2023,AC_178,G1,-,3,20R,20.833,
1,2023,AC_188,G1,-,4,21L,19.514,
1,2023,AC_133,G1,-,1,22L,,
1,2023,AC_218,G1,-,3,24L,18.695,
1,2023,AC_178,G1,-,5,24R,,
1,2023,AC_107,G1,-,5,25L,19.853,
1,2023,AC_154,G1,-,3,25R,21.969,
1,2023,AC_086,G1,-,2,26L,18.427,
1,2023,AC_189,G1,-,2,28L,22.242,
1,2023,AC_123,G1,-,5,29L,21.2,
1,2023,AC_208,G1,-,3,29R,20.66,
1,2023,AC_208,G1,-,4,29R,,
1,2023,AC_119,G1,-,5,30L,16.213,
1,2023,AC_148,G1,-,3,33R,,
1,2023,AC_113,G1,-,3,35R,22.104,
2,2023,AC_054,G1,-,3,1R,25.317,
2,2023,AC_203,G1,-,5,3R,,
2,2023,AC_216,G1,-,3,5R,22.885,
2,2023,AC_131,G1,-,1,6L,17.69,
2,2023,AC_205,G1,-,1,7L,,
2,2023,AC_205,G1,-,3,7L,21.051,
2,2023,AC_205,G1,-,5,8L,,
2,2023,AC_118,G1,-,4,8R,21.124,
2,2023,AC_144,G1,-,1,9L,28.398,
2,2023,AC_144,G1,-,3,9L,26.778,
2,2023,AC_088,G1,-,5,9R,18.232,
2,2023,AC_030,G1,-,2,10L,18.469,
2,2023,AC_051,G1,-,5,11L,20.959,
2,2023,AC_090,G1,-,2,11R,23.548,
2,2023,AC_089,G1,-,1,13R,18.365,
2,2023,AC_089,G1,-,2,13R,21.02,Double check Gen # for these two^
2,2023,AC_054,G1,-,1,15R,,
2,2023,AC_054,G1,-,3,15R,22.921,
2,2023,AC_120,G1,-,2,17R,26.278,
2,2023,AC_075,G1,-,4,18R,21.319,
2,2023,AC_056,G1,-,3,19L,17.651,
2,2023,AC_086,G1,-,5,20L,19.361,
2,2023,AC_072,G1,-,4,20R,17.554,
2,2023,AC_181,G1,-,1,21L,17.605,
2,2023,AC_032,G1,-,3,22L,25.076,
2,2023,AC_109,G1,-,2,22R,15.922,
2,2023,AC_055,G1,-,3,23L,,
2,2023,AC_154,G1,-,1,23R,21.651,
2,2023,AC_154,G1,-,4,25L,23.909,
2,2023,AC_122,G1,-,1,25R,23.075,
2,2023,AC_133,G1,-,2,26L,22.607,
2,2023,AC_133,G1,-,3,26L,,
2,2023,AC_197,G1,-,4,26R,20.06,
2,2023,AC_014,G1,-,5,27R,,
2,2023,AC_107,G1,-,2,29L,,
2,2023,AC_088,G1,-,3,30L,,
2,2023,AC_046,G1,-,3,32R,19.056,
2,2023,AC_187,G1,-,4,33L,,
2,2023,AC_182,G1,-,2,33R,,
2,2023,AC_158,G1,-,2,36L,17.247,
3,2023,AC_052,G1,-,3,1L,23.614,
3,2023,AC_052,G1,-,5,1L,20.498,
3,2023,AC_215,G1,-,1,2L,22.529,
3,2023,AC_215,G1,-,5,2L,18.926,
3,2023,AC_038,G1,-,2,2R,17.583,
3,2023,AC_038,G1,-,3,2R,17.762,
3,2023,AC_190,G1,-,2,3R,20.262,
3,2023,AC_057,G1,-,1,4R,22.524,
3,2023,AC_082,G1,-,4,6L,20.147,
3,2023,AC_099,G1,-,5,7L,22.637,
3,2023,AC_010,G1,-,1,8L,,
3,2023,AC_005,G1,-,1,9L,20.338,
3,2023,AC_187,G1,-,1,9R,23.112,
3,2023,AC_094,G1,-,3,10L,19.078,
3,2023,AC_096,G1,-,1,11R,18.539,
3,2023,AC_057,G1,-,4,12R,20.447,
3,2023,AC_144,G1,-,5,16R,24.973,
3,2023,AC_122,G1,-,1,17L,21.95,
3,2023,AC_122,G1,-,2,17L,,
3,2023,AC_159,G1,-,3,17R,22.709,
3,2023,AC_064,G1,-,4,18R,27.322,
3,2023,AC_215,G1,-,2,19L,22.537,
3,2023,AC_016,G1,-,5,20L,22.054,
3,2023,AC_038,G1,-,4,20R,21.908,
3,2023,AC_215,G1,-,2,21L,22.002,
3,2023,AC_199,G1,-,5,21R,18.548,
3,2023,AC_190,G1,-,1,22R,21.02,
3,2023,AC_199,G1,-,1,23R,16.262,
3,2023,AC_032,G1,-,5,24L,,
3,2023,AC_211,G1,-,5,24R,18.642,
3,2023,AC_181,G1,-,5,25L,15.953,
3,2023,AC_186,G1,-,4,25R,,
3,2023,AC_046,G1,-,4,26L,,
3,2023,AC_016,G1,-,4,26R,19.354,
3,2023,AC_136,G1,-,2,27L,,
3,2023,AC_136,G1,-,5,27L,15.552,
3,2023,AC_191,G1,-,2,29L,,
3,2023,AC_051,G1,-,5,32L,,
3,2023,AC_197,G1,-,4,32R,,
3,2023,AC_111,G1,-,4,33R,,
3,2023,AC_111,G1,-,5,33R,19.828,
3,2023,AC_190,G1,-,5,34R,,
4,2023,AC_096,G1,-,3,2R,21.996,
4,2023,AC_011,G1,-,2,3R,19.31,
4,2023,AC_104,G1,-,1,4L,19.315,
4,2023,AC_104,G1,-,5,4L,18.834,
4,2023,AC_201,G1,-,1,5R,20.058,
4,2023,AC_201,G1,-,2,5R,22.093,
4,2023,AC_179,G1,-,4,6L,23.516,
4,2023,AC_136,G1,-,2,7R,23.884,
4,2023,AC_136,G1,-,5,7R,24.004,
4,2023,AC_168,G1,-,2,8L,16.776,
4,2023,AC_147,G1,-,1,9L,,
4,2023,AC_147,G1,-,3,9L,21.952,
4,2023,AC_186,G1,-,2,9R,19.268,
4,2023,AC_058,G1,-,3,11L,,
4,2023,AC_128,G1,-,3,12R,21.459,
4,2023,AC_168,G1,-,3,13L,23.647,
4,2023,AC_168,G1,-,4,13L,,
4,2023,AC_048,G1,-,3,16L,22.144,
4,2023,AC_160,G1,-,5,16R,19.929,
4,2023,AC_068,G1,-,3,17L,21.328,
4,2023,AC_088,G1,-,4,18R,18.89,
4,2023,AC_017,G1,-,3,19R,19.151,
4,2023,AC_203,G1,-,1,20L,17.392,
4,2023,AC_005,G1,-,1,22L,20.78,
4,2023,AC_120,G1,-,3,23R,15.894,
4,2023,AC_120,G1,-,5,23R,,
4,2023,AC_123,G1,-,2,24L,19.199,
4,2023,AC_123,G1,-,4,24L,,
4,2023,AC_130,G1,-,3,25R,,
4,2023,AC_100,G1,-,4,26L,17.349,
4,2023,AC_208,G1,-,4,27L,,
4,2023,AC_208,G1,-,5,27L,18.105,
4,2023,AC_070,G1,-,2,28L,,
4,2023,AC_040,G1,-,3,28R,,
4,2023,AC_203,G1,-,3,29L,,
4,2023,AC_216,G1,-,5,29R,,
4,2023,AC_204,G1,-,4,30R,,
4,2023,AC_062,G1,-,3,35R,,
4,2023,AC_062,G1,-,5,35R,14.843,
5,2023,AC_109,G1,-,2,1L,21.916,
5,2023,AC_153,G1,-,1,1R,20.378,
5,2023,AC_200,G1,-,5,2L,17.141,
5,2023,AC_171,G1,-,2,2R,21.087,
5,2023,AC_058,G1,-,2,4L,13.58,
5,2023,AC_195,G1,-,5,4R,17.389,
5,2023,AC_068,G1,-,1,7L,18.715,
5,2023,AC_068,G1,-,2,7L,,
5,2023,AC_206,G1,-,5,8L,20.323,
5,2023,AC_056,G1,-,4,9R,15.076,
5,2023,AC_217,G1,-,3,10L,,
5,2023,AC_217,G1,-,5,10L,17.08,
5,2023,AC_064,G1,-,5,10R,25.613,
5,2023,AC_070,G1,-,2,11R,,
5,2023,AC_070,G1,-,5,11R,21.496,
5,2023,AC_142,G1,-,3,12R,14.067,
5,2023,AC_040,G1,-,2,14R,,
5,2023,AC_040,G1,-,4,14R,22.765,
5,2023,AC_104,G1,-,1,15L,,
5,2023,AC_104,G1,-,4,15L,21.912,
5,2023,AC_005,G1,-,2,15R,19.515,
5,2023,AC_005,G1,-,3,15R,,
5,2023,AC_030,G1,-,1,16L,23.477,
5,2023,AC_144,G1,-,1,17L,25.389,
5,2023,AC_213,G1,-,4,17R,,
5,2023,AC_115,G1,-,3,18L,18.553,
5,2023,AC_090,G1,-,1,19R,23.128,
5,2023,AC_090,G1,-,4,19R,,
5,2023,AC_097,G1,-,5,21L,23.981,
5,2023,AC_160,G1,-,4,22L,,
5,2023,AC_155,G1,-,4,23L,,
5,2023,AC_046,G1,-,2,24R,15.335,
5,2023,AC_046,G1,-,4,24R,,
5,2023,AC_095,G1,-,3,26R,15.939,
5,2023,AC_095,G1,-,4,26R,,
5,2023,AC_185,G1,-,4,29L,,
5,2023,AC_147,G1,-,1,29R,20.969,
5,2023,AC_130,G1,-,1,30L,,
5,2023,AC_058,G1,-,1,30R,15.604,
5,2023,AC_159,G1,-,5,31L,,
5,2023,AC_011,G1,-,2,32L,,
5,2023,AC_114,G1,-,2,33L,,
5,2023,AC_100,G1,-,5,33R,,
5,2023,AC_153,G1,-,3,34L,24.166,
5,2023,AC_205,G1,-,1,36L,16.701,
5,2023,AC_034,G1,-,3,36R,15.753,
6,2023,AC_083,G1,-,1,1L,21.953,
6,2023,AC_083,G1,-,5,1L,,
6,2023,AC_115,G1,-,5,2L,18.805,
6,2023,AC_120,G1,-,1,3R,19.944,
6,2023,AC_120,G1,-,3,3R,23.298,
6,2023,AC_099,G1,-,1,4L,18.77,
6,2023,AC_131,G1,-,3,4R,22.908,
6,2023,AC_131,G1,-,4,4R,22.135,
6,2023,AC_054,G1,-,5,5R,20.842,
6,2023,AC_104,G1,-,2,6L,,
6,2023,AC_171,G1,-,2,6R,,
6,2023,AC_185,G1,-,3,7L,18.903,
6,2023,AC_187,G1,-,2,8L,20.785,
6,2023,AC_111,G1,-,5,11L,,
6,2023,AC_095,G1,-,5,11R,19.269,
6,2023,AC_122,G1,-,5,13R,21.487,
6,2023,AC_158,G1,-,5,15R,19.279,
6,2023,AC_109,G1,-,4,16L,20.493,
6,2023,AC_172,G1,-,3,17L,15.4,
6,2023,AC_099,G1,-,2,18R,17.576,
6,2023,AC_066,G1,-,5,19R,18.856,
6,2023,AC_172,G1,-,4,20L,17.5,
6,2023,AC_193,G1,-,3,22R,,
6,2023,AC_062,G1,-,5,23R,20.431,
6,2023,AC_189,G1,-,3,24R,,
6,2023,AC_055,G1,-,5,25R,19.425,
6,2023,AC_130,G1,-,5,27R,,
6,2023,AC_171,G1,-,5,31R,19.127,
6,2023,AC_182,G1,-,3,33R,15.075,
6,2023,AC_128,G1,-,1,34L,,
6,2023,AC_118,G1,-,5,35R,,
7,2023,AC_142,G1,-,3,1L,,
7,2023,AC_110,G1,-,5,2R,,
7,2023,AC_201,G1,-,4,4R,19.927,
7,2023,AC_201,G1,-,5,4R,,
7,2023,AC_095,G1,-,3,6R,,
7,2023,AC_056,G1,-,3,7L,18.894,
7,2023,AC_055,G1,-,3,7R,20.335,
7,2023,AC_052,G1,-,3,9L,17.991,
7,2023,AC_074,G1,-,4,10L,17.388,
7,2023,AC_179,G1,-,5,10R,17.588,
7,2023,AC_017,G1,-,2,12L,16.661,
7,2023,AC_048,G1,-,4,14L,16.491,
7,2023,AC_066,G1,-,5,17R,18.961,
7,2023,AC_017,G1,-,5,21L,18.667,
7,2023,AC_218,G1,-,5,24L,18.439,
7,2023,AC_114,G1,-,2,25L,,
7,2023,AC_092,G1,-,5,26R,,
7,2023,AC_151,G1,-,1,28L,,
7,2023,AC_216,G1,-,1,29R,17.76,
7,2023,AC_216,G1,-,5,29R,,
7,2023,AC_075,G1,-,4,33R,,
7,2023,AC_107,G1,-,5,34L,19.167,
7,2023,AC_082,G1,-,1,34R,,
7,2023,AC_097,G1,-,4,35L,22.539,
7,2023,AC_097,G1,-,5,35L,,
8,2023,AC_011,G1,-,5,1R,18.89,
8,2023,AC_038,G1,-,2,3R,20.227,
8,2023,AC_131,G1,-,5,5L,8.775,
8,2023,AC_206,G1,-,1,6L,,
8,2023,AC_206,G1,-,3,6L,22.54,
8,2023,AC_186,G1,-,2,6R,19.318,
8,2023,AC_211,G1,-,1,8L,20.267,
8,2023,AC_028,G1,-,2,9R,,
8,2023,AC_028,G1,-,5,9R,19.119,
8,2023,AC_204,G1,-,4,11L,23.311,
8,2023,AC_072,G1,-,2,12R,,
8,2023,AC_082,G1,-,2,13R,17.948,
8,2023,AC_074,G1,-,5,14R,19.948,
8,2023,AC_160,G1,-,1,15R,,
8,2023,AC_206,G1,-,4,17L,18.795,
8,2023,AC_110,G1,-,3,17R,,
8,2023,AC_110,G1,-,5,17R,21.147,
8,2023,AC_062,G1,-,4,19R,18.013,
8,2023,AC_014,G1,-,2,20L,,
8,2023,AC_115,G1,-,3,21R,,
8,2023,AC_189,G1,-,3,22R,17.514,
8,2023,AC_083,G1,-,4,27R,,
8,2023,AC_142,G1,-,1,28R,,
8,2023,AC_092,G1,-,5,29R,17.41,
8,2023,AC_014,G1,-,2,30R,,
8,2023,AC_151,G1,-,1,31L,,
8,2023,AC_015,G1,-,1,33L,,
8,2023,AC_015,G1,-,2,33L,16.383,
8,2023,AC_064,G1,-,4,35L,,
8,2023,AC_182,G1,-,5,35R,,
8,2023,AC_200,G1,-,2,36R,16.136,
9,2023,AC_218,G1,-,2,2R,23.282,
9,2023,AC_218,G1,-,3,2R,20.995,
9,2023,AC_217,G1,-,4,3L,19.326,
9,2023,AC_158,G1,-,1,4L,18.005,
9,2023,AC_100,G1,-,3,4R,15.659,
9,2023,AC_118,G1,-,1,5L,17.139,
9,2023,AC_097,G1,-,5,5R,20.841,
9,2023,AC_201,G1,-,3,6L,20.31,
9,2023,AC_066,G1,-,1,6R,19.802,
9,2023,AC_040,G1,-,3,7L,20.67,
9,2023,AC_208,G1,-,5,7R,19.69,
9,2023,AC_110,G1,-,1,9R,,
9,2023,AC_110,G1,-,5,9R,20.857,
9,2023,AC_015,G1,-,4,10L,18.741,
9,2023,AC_155,G1,-,2,10R,15.334,
9,2023,AC_090,G1,-,3,19L,20.961,
9,2023,AC_199,G1,-,1,20L,17.191,
9,2023,AC_199,G1,-,2,20L,,
9,2023,AC_034,G1,-,2,21L,,
9,2023,AC_081,G1,-,4,23L,19.476,
9,2023,AC_155,G1,-,4,25L,22.31,
9,2023,AC_155,G1,-,5,25L,,
9,2023,AC_015,G1,-,3,27L,17.995,
9,2023,AC_193,G1,-,3,28R,,
9,2023,AC_128,G1,-,2,29L,17.057,
9,2023,AC_136,G1,-,4,31L,,
9,2023,AC_133,G1,-,5,32R,19.475,
9,2023,AC_081,G1,-,5,33L,,
9,2023,AC_113,G1,-,1,34R,,
1,2022,HR_058,G1,,1,,,
1,2022,HR_058,G1,,2,,22.031,
1,2022,HR_058,G1,,4,,,
1,2022,HR_058,G1,,6,,,
1,2022,HR_058,G1,,7,,21.319,
1,2022,HR_058,G1,,8,,,
1,2022,HR_183,G1,,2,,19.275,
1,2022,HR_183,G1,,7,,16.87,
1,2022,HR_183,G1,,8,,26.115,
1,2022,HR_176,G1,,2,,,
1,2022,HR_176,G1,,3,,,
1,2022,HR_176,G1,,4,,,
1,2022,HR_176,G1,,6,,,
1,2022,HR_176,G1,,7,,23.45,
1,2022,HR_176,G1,,8,,,
1,2022,HR_146,G1,,2,,,
1,2022,HR_146,G1,,3,,24.054,
1,2022,HR_146,G1,,4,,,
1,2022,HR_146,G1,,5,,,
1,2022,HR_146,G1,,6,,23.324,
1,2022,HR_146,G1,,7,,,
1,2022,HR_146,G1,,8,,20.472,
1,2022,HR_177,G1,,3,,24.48,
1,2022,HR_177,G1,,6,,25.57,
1,2022,HR_115,G1,,6,,12.55,
1,2022,HR_115,G1,,8,,20.43,
1,2022,HR_036,G1,,2,,21.01,
1,2022,HR_036,G1,,5,,,
1,2022,HR_036,G1,,6,,,
1,2022,HR_036,G1,,8,,,
1,2022,HR_033,G1,,4,,19.48,
1,2022,HR_033,G1,,5,,19.99,
1,2022,HR_033,G1,,6,,,
1,2022,HR_061,G1,,2,,23.06,
1,2022,HR_061,G1,,3,,,
1,2022,HR_061,G1,,4,,,
1,2022,HR_061,G1,,6,,,
1,2022,HR_158,G1,,3,,19.12,
1,2022,HR_158,G1,,4,,14.89,
1,2022,HR_158,G1,,5,,21.95,
1,2022,HR_175,G1,,1,,20.09,
1,2022,HR_175,G1,,2,,26.903,
1,2022,HR_175,G1,,6,,,
1,2022,HR_005,G1,,3,,25.549,
1,2022,HR_005,G1,,4,,23.835,
1,2022,HR_005,G1,,8,,17.504,
1,2022,HR_057,G1,,4,,23.514,
1,2022,HR_170,G1,,5,,23.471,
1,2022,HR_114,G1,,4,,16.531,
1,2022,HR_114,G1,,7,,19.156,
1,2022,HR_108,G1,,1,,19.131,
1,2022,HR_108,G1,,8,,17.005,
1,2022,HR_196,G1,,5,,22.906,
1,2022,HR_046,G1,,3,,18.159,
1,2022,HR_046,G1,,6,,20.159,
1,2022,HR_020,G1,,2,,20.992,
1,2022,HR_020,G1,,8,,,
1,2022,HR_016,G1,,4,,20.316,
1,2022,HR_016,G1,,5,,21.776,
1,2022,HR_010,G1,,5,,17.534,
1,2022,HR_041,G1,,3,,24.954,
1,2022,HR_148,G1,,5,,18.034,
1,2022,HR_148,G1,,6,,24.251,
1,2022,HR_105,G1,,7,,18.449,
1,2022,HR_134,G1,,4,,21.546,
1,2022,HR_040,G1,,3,,19.905,
1,2022,HR_040,G1,,5,,25.65,
1,2022,HR_040,G1,,7,,18.767,
1,2022,HR_007,G1,,2,,18.05,
1,2022,HR_007,G1,,6,,22.207,
1,2022,HR_113,G1,,5,,22.96,
1,2022,HR_113,G1,,6,,16.767,
1,2022,HR_095,G1,,2,,22.683,
1,2022,HR_095,G1,,8,,26.319,
1,2022,HR_049,G1,,3,,20.661,
1,2022,HR_049,G1,,7,,19.891,
1,2022,HR_136,G1,,3,,24.136,
1,2022,HR_136,G1,,6,,24.651,
1,2022,HR_032,G1,,4,,22.4,
1,2022,HR_032,G1,,7,,29.581,
1,2022,HR_110,G1,,6,,24.509,
1,2022,HR_011,G1,,4,,21.356,
1,2022,HR_011,G1,,8,,19.166,
1,2022,HR_178,G1,,6,,25.146,
1,2022,HR_047,G1,,1,,23.814,
1,2022,HR_047,G1,,2,,20.479,
1,2022,HR_123,G1,,3,,29.226,
1,2022,HR_123,G1,,5,,27.037,
1,2022,HR_092,G1,,1,,25.389,
1,2022,HR_092,G1,,7,,23.751,
1,2022,HR_039,G1,,1,,22.176,
1,2022,HR_173,G1,,1,,22.187,
1,2022,HR_173,G1,,5,,24.879,
1,2022,HR_018,G1,,3,,24.175,
1,2022,HR_018,G1,,8,,23.408,
1,2022,HR_026,G1,,3,,20.477,
1,2022,HR_026,G1,,4,,,
1,2022,HR_026,G1,,5,,28.339,
1,2022,HR_037,G1,,8,,23.498,
1,2022,HR_162,G1,,2,,19.506,
1,2022,HR_162,G1,,6,,24.003,
1,2022,HR_162,G1,,8,,21.848,
2,2022,HR_195,G1,,1,,,
2,2022,HR_195,G1,,4,,25.862,
2,2022,HR_195,G1,,6,,,
2,2022,HR_195,G1,,7,,,
2,2022,HR_195,G1,,8,,,
2,2022,HR_014,G1,,3,,,
2,2022,HR_014,G1,,4,,,
2,2022,HR_014,G1,,6,,22.374,
2,2022,HR_050,G1,,1,,22.099,
2,2022,HR_050,G1,,3,,,
2,2022,HR_050,G1,,5,,,
2,2022,HR_050,G1,,6,,,
2,2022,HR_050,G1,,7,,,
2,2022,HR_050,G1,,8,,,
2,2022,HR_027,G1,,1,,,
2,2022,HR_027,G1,,2,,,
2,2022,HR_027,G1,,3,,,
2,2022,HR_027,G1,,7,,,
2,2022,HR_027,G1,,8,,23.37,
2,2022,HR_085,G1,,1,,,
2,2022,HR_085,G1,,2,,,
2,2022,HR_085,G1,,3,,,
2,2022,HR_085,G1,,4,,26.863,
2,2022,HR_085,G1,,5,,,
2,2022,HR_085,G1,,6,,,
2,2022,HR_085,G1,,7,,,
2,2022,HR_085,G1,,8,,,
2,2022,HR_015,G1,,3,,20.732,
2,2022,HR_015,G1,,4,,,
2,2022,HR_015,G1,,5,,,
2,2022,HR_015,G1,,6,,23.131,
2,2022,HR_015,G1,,7,,23.987,
2,2022,HR_015,G1,,8,,,
2,2022,HR_112,G1,,3,,23.737,
2,2022,HR_112,G1,,4,,,
2,2022,HR_112,G1,,5,,23.206,
2,2022,HR_112,G1,,6,,,
2,2022,HR_112,G1,,7,,21.247,
2,2022,HR_149,G1,,1,,26.362,
2,2022,HR_149,G1,,2,,24.6,
2,2022,HR_149,G1,,3,,,
2,2022,HR_149,G1,,4,,25.855,
2,2022,HR_149,G1,,5,,,
2,2022,HR_149,G1,,7,,,
2,2022,HR_149,G1,,8,,,
2,2022,HR_119,G1,,1,,22.953,
2,2022,HR_119,G1,,3,,,
2,2022,HR_119,G1,,4,,,
2,2022,HR_119,G1,,5,,24.9,
2,2022,HR_119,G1,,7,,,
2,2022,HR_119,G1,,8,,24.411,
2,2022,HR_107,G1,,1,,21.726,
2,2022,HR_107,G1,,3,,,
2,2022,HR_107,G1,,5,,,
2,2022,HR_107,G1,,8,,,
2,2022,HR_072,G1,,1,,,
2,2022,HR_072,G1,,4,,,
2,2022,HR_072,G1,,5,,,
2,2022,HR_072,G1,,7,,24.39,
2,2022,HR_161,G1,,4,,21.362,
2,2022,HR_161,G1,,5,,18.427,
2,2022,HR_161,G1,,8,,19.962,
2,2022,HR_035,G1,,3,,27.82,
2,2022,HR_035,G1,,5,,23.083,
2,2022,HR_035,G1,,6,,21.062,
2,2022,HR_035,G1,,7,,24.204,
2,2022,HR_126,G1,,7,,17.893,
2,2022,HR_169,G1,,1,,,
2,2022,HR_169,G1,,3,,,
2,2022,HR_169,G1,,5,,22.750,
2,2022,HR_169,G1,,6,,,
2,2022,HR_169,G1,,7,,,
2,2022,HR_169,G1,,8,,,
2,2022,HR_034,G1,,5,,23.621,
2,2022,HR_201,G1,,6,,21.336,
2,2022,HR_080,G1,,1,,19.642,
2,2022,HR_080,G1,,4,,19.63,
2,2022,HR_080,G1,,6,,18.468,
2,2022,HR_121,G1,,2,,23.631,
2,2022,HR_101,G1,,3,,19.413,
2,2022,HR_101,G1,,4,,23.176,
2,2022,HR_101,G1,,6,,21.43,
2,2022,HR_038,G1,,8,,18.126,
2,2022,HR_180,G1,,2,,24.663,
2,2022,HR_180,G1,,6,,20.628,
2,2022,HR_180,G1,,7,,,
2,2022,HR_129,G1,,2,,16.456,
2,2022,HR_088,G1,,1,,23.41,
2,2022,HR_142,G1,,1,,19.496,
2,2022,HR_142,G1,,3,,20.698,
2,2022,HR_142,G1,,4,,,
2,2022,HR_153,G1,,1,,22.351,
2,2022,HR_153,G1,,4,,22.254,
2,2022,HR_153,G1,,7,,23.305,
2,2022,HR_086,G1,,1,,23.265,
2,2022,HR_086,G1,,7,,20.11,
2,2022,HR_073,G1,,2,,19.735,
2,2022,HR_073,G1,,3,,20.842,
2,2022,HR_006,G1,,6,,23.792,
2,2022,HR_062,G1,,5,,17.837,
2,2022,HR_054,G1,,1,,24.779,
2,2022,HR_023,G1,,2,,21.897,
2,2022,HR_023,G1,,5,,,
2,2022,HR_104,G1,,4,,22.486,
2,2022,HR_145,G1,,3,,16.108,
2,2022,HR_145,G1,,5,,,
2,2022,HR_145,G1,,6,,19.415,
2,2022,HR_145,G1,,7,,21.81,
2,2022,HR_012,G1,,4,,,
2,2022,HR_012,G1,,7,,25.4,
2,2022,HR_165,G1,,8,,27.051,
2,2022,HR_064,G1,,6,,21.934,
2,2022,HR_064,G1,,7,,26.487,
2,2022,HR_064,G1,,8,,21.607,
2,2022,HR_137,G1,,3,,23.177,
2,2022,HR_137,G1,,8,,20.478,
2,2022,HR_043,G1,,1,,20.309,
2,2022,HR_043,G1,,4,,21.223,
2,2022,HR_043,G1,,5,,23.168,
2,2022,HR_051,G1,,1,,23.494,
2,2022,HR_051,G1,,3,,19.759,
2,2022,HR_133,G1,,5,,23.162,
2,2022,HR_133,G1,,6,,26.03,
2,2022,HR_078,G1,,2,,19.895,
2,2022,HR_164,G1,,3,,23.341,
2,2022,HR_109,G1,,8,,18.108,
2,2022,HR_071,G1,,2,,22.326,
2,2022,HR_071,G1,,5,,21.873,
2,2022,HR_071,G1,,7,,24.671,
2,2022,HR_059,G1,,1,,22.644,
2,2022,HR_059,G1,,5,,22.444,
2,2022,HR_059,G1,,8,,19.151,
3,2022,HR_070,G1,,7,,23.025,
3,2022,HR_070,G1,,8,,19.332,
3,2022,HR_009,G1,,1,,,
3,2022,HR_009,G1,,4,,,
3,2022,HR_009,G1,,5,,,
3,2022,HR_009,G1,,6,,,
3,2022,HR_009,G1,,7,,,
3,2022,HR_009,G1,,8,,21.396,
3,2022,HR_131,G1,,6,,25.638,
3,2022,HR_131,G1,,7,,,
3,2022,HR_131,G1,,8,,,
3,2022,HR_087,G1,,1,,,
3,2022,HR_087,G1,,2,,,
3,2022,HR_087,G1,,3,,,
3,2022,HR_087,G1,,4,,,
3,2022,HR_087,G1,,5,,,
3,2022,HR_087,G1,,6,,,
3,2022,HR_087,G1,,7,,21.769,
3,2022,HR_087,G1,,8,,,
3,2022,HR_118,G1,,1,,,
3,2022,HR_118,G1,,2,,,
3,2022,HR_118,G1,,3,,,
3,2022,HR_118,G1,,4,,,
3,2022,HR_118,G1,,5,,21.36,
3,2022,HR_118,G1,,6,,,
3,2022,HR_118,G1,,7,,20.943,
3,2022,HR_118,G1,,8,,24.19,
3,2022,HR_182,G1,,1,,,
3,2022,HR_182,G1,,3,,21.551,
3,2022,HR_182,G1,,4,,,
3,2022,HR_182,G1,,6,,22.105,
3,2022,HR_182,G1,,7,,,
3,2022,HR_182,G1,,8,,,
3,2022,HR_017,G1,,4,,23.113,
3,2022,HR_017,G1,,5,,,
3,2022,HR_017,G1,,6,,,
3,2022,HR_017,G1,,7,,24.49,
3,2022,HR_017,G1,,8,,25.018,
3,2022,HR_028,G1,,1,,24.085,
3,2022,HR_028,G1,,3,,,
3,2022,HR_028,G1,,4,,,
3,2022,HR_028,G1,,5,,,
3,2022,HR_028,G1,,7,,,
3,2022,HR_028,G1,,8,,22.379,
3,2022,HR_004,G1,,3,,19.27,
3,2022,HR_004,G1,,5,,,
3,2022,HR_004,G1,,6,,,
3,2022,HR_103,G1,,1,,,
3,2022,HR_103,G1,,2,,21.538,
3,2022,HR_103,G1,,3,,,
3,2022,HR_103,G1,,4,,,
3,2022,HR_103,G1,,5,,,
3,2022,HR_103,G1,,6,,,
3,2022,HR_103,G1,,8,,,
3,2022,HR_021,G1,,1,,,
3,2022,HR_021,G1,,2,,20.712,
3,2022,HR_021,G1,,3,,,
3,2022,HR_021,G1,,4,,18.326,
3,2022,HR_021,G1,,5,,,
3,2022,HR_021,G1,,6,,,
3,2022,HR_152,G1,,1,,20.544,
3,2022,HR_152,G1,,2,,,
3,2022,HR_152,G1,,4,,,
3,2022,HR_152,G1,,6,,,
3,2022,HR_152,G1,,7,,,
3,2022,HR_152,G1,,8,,,
3,2022,HR_150,G1,,1,,,
3,2022,HR_150,G1,,2,,21.166,
3,2022,HR_150,G1,,3,,,
3,2022,HR_150,G1,,4,,,
3,2022,HR_150,G1,,5,,,
3,2022,HR_150,G1,,6,,,
3,2022,HR_150,G1,,7,,,
3,2022,HR_150,G1,,8,,,
3,2022,HR_116,G1,,1,,22.406,
3,2022,HR_116,G1,,2,,,
3,2022,HR_116,G1,,3,,,
3,2022,HR_116,G1,,4,,,
3,2022,HR_116,G1,,5,,25.141,
3,2022,HR_190,G1,,1,,,
3,2022,HR_190,G1,,2,,,
3,2022,HR_190,G1,,3,,,
3,2022,HR_190,G1,,4,,21.586,
3,2022,HR_190,G1,,5,,,
3,2022,HR_190,G1,,6,,,
3,2022,HR_190,G1,,7,,,
3,2022,HR_190,G1,,8,,,
3,2022,HR_019,G1,,1,,20.928,
3,2022,HR_019,G1,,3,,,
3,2022,HR_019,G1,,4,,,
3,2022,HR_019,G1,,5,,14.971,
3,2022,HR_019,G1,,6,,26.806,
3,2022,HR_019,G1,,8,,,
3,2022,HR_179,G1,,3,,26.309,
3,2022,HR_179,G1,,6,,,
3,2022,HR_168,G1,,3,,18.383,
3,2022,HR_168,G1,,4,,19.18,
3,2022,HR_168,G1,,6,,,
3,2022,HR_168,G1,,7,,24.378,
3,2022,HR_168,G1,,8,,,
3,2022,HR_156,G1,,5,,15.943,
3,2022,HR_156,G1,,8,,17.896,
3,2022,HR_067,G1,,5,,15.729,
3,2022,HR_067,G1,,6,,,
3,2022,HR_067,G1,,7,,23.48,
3,2022,HR_066,G1,,7,,18.32,
3,2022,HR_159,G1,,2,,,
3,2022,HR_159,G1,,3,,19.34,
3,2022,HR_159,G1,,6,,,
3,2022,HR_159,G1,,8,,,
3,2022,HR_135,G1,,4,,19.94,
3,2022,HR_141,G1,,4,,21.96,
3,2022,HR_141,G1,,6,,21.88,
3,2022,HR_141,G1,,8,,19,
3,2022,HR_155,G1,,4,,,
3,2022,HR_155,G1,,5,,,
3,2022,HR_155,G1,,6,,,
3,2022,HR_155,G1,,7,,25.71,
3,2022,HR_001,G1,,4,,19.36,
3,2022,HR_001,G1,,5,,16.84,
3,2022,HR_001,G1,,7,,22.9,
3,2022,HR_001,G1,,8,,22.57,
3,2022,HR_111,G1,,3,,19.68,
3,2022,HR_111,G1,,4,,26.1,
3,2022,HR_068,G1,,2,,,
3,2022,HR_068,G1,,5,,22.081,
3,2022,HR_056,G1,,2,,21.329,
3,2022,HR_056,G1,,6,,27.79,
3,2022,HR_056,G1,,7,,25.264,
3,2022,HR_124,G1,,1,,,
3,2022,HR_124,G1,,3,,,
3,2022,HR_124,G1,,4,,24.603,
3,2022,HR_124,G1,,7,,16.737,
3,2022,HR_147,G1,,7,,20.998,
3,2022,HR_197,G1,,3,,,
3,2022,HR_197,G1,,7,,15.716,
3,2022,HR_065,G1,,6,,21.954,
3,2022,HR_044,G1,,1,,22.868,
3,2022,HR_044,G1,,4,,26.42,
3,2022,HR_044,G1,,8,,26.495,
3,2022,HR_127,G1,,7,,20.452,
3,2022,HR_192,G1,,1,,20.143,
3,2022,HR_192,G1,,3,,21.419,
3,2022,HR_079,G1,,3,,,
3,2022,HR_079,G1,,4,,21.131,
3,2022,HR_079,G1,,6,,22.338,
3,2022,HR_079,G1,,7,,21.701,
3,2022,HR_053,G1,,3,,22.116,
3,2022,HR_184,G1,,3,,21.912,
3,2022,HR_184,G1,,6,,20.429,
3,2022,HR_184,G1,,8,,19.381,
3,2022,HR_139,G1,,7,,23.012,
3,2022,HR_166,G1,,1,,22.614,
3,2022,HR_166,G1,,4,,,
3,2022,HR_042,G1,,2,,23.636,
3,2022,HR_042,G1,,5,,26.107,
3,2022,HR_042,G1,,7,,26.407,
4,2022,HR_107,G1,,7,,25.106,
4,2022,HR_136,G1,,4,,19.447,
4,2022,HR_136,G1,,6,,23.809,
4,2022,HR_136,G1,,7,,21.916,
4,2022,HR_071,G1,,4,,19.641,
4,2022,HR_071,G1,,5,,25.227,
4,2022,HR_071,G1,,7,,25.337,
4,2022,HR_036,G1,,1,,,
4,2022,HR_036,G1,,5,,,
4,2022,HR_036,G1,,7,,,
4,2022,HR_036,G1,,8,,25.304,
4,2022,HR_108,G1,,2,,23.832,
4,2022,HR_108,G1,,3,,17.881,
4,2022,HR_004,G1,,3,,17.013,
4,2022,HR_007,G1,,7,,22.591,
4,2022,HR_169,G1,,5,,25.314,
4,2022,HR_169,G1,,7,,26.397,
4,2022,HR_169,G1,,8,,23.597,
4,2022,HR_175,G1,,6,,26.865,
4,2022,HR_064,G1,,2,,21.197,
4,2022,HR_064,G1,,4,,21.137,
4,2022,HR_064,G1,,5,,22.942,
4,2022,HR_085,G1,,5,,20.23,
4,2022,HR_085,G1,,6,,20.763,
4,2022,HR_085,G1,,7,,19.724,
4,2022,HR_164,G1,,1,,22.796,
4,2022,HR_164,G1,,4,,15.297,
4,2022,HR_146,G1,,1,,24.894,
4,2022,HR_146,G1,,5,,22.569,
4,2022,HR_168,G1,,4,,21.788,
4,2022,HR_168,G1,,6,,19.654,
4,2022,HR_168,G1,,7,,15.361,
4,2022,HR_147,G1,,5,,24.387,
4,2022,HR_166,G1,,6,,20.844,
4,2022,HR_166,G1,,7,,20.628,
4,2022,HR_166,G1,,8,,23.718,
4,2022,HR_070,G1,,5,,24.476,
4,2022,HR_005,G1,,6,,20.082,
4,2022,HR_005,G1,,8,,18.183,
4,2022,HR_035,G1,,8,,21.569,
4,2022,HR_058,G1,,2,,21.815,
4,2022,HR_058,G1,,5,,21.825,
4,2022,HR_058,G1,,7,,24.224,
4,2022,HR_058,G1,,8,,19.938,
4,2022,HR_012,G1,,1,,25.304,
4,2022,HR_012,G1,,5,,21.589,
4,2022,HR_145,G1,,1,,18.679,
4,2022,HR_145,G1,,3,,23.52,
4,2022,HR_145,G1,,5,,21.207,
4,2022,HR_145,G1,,6,,22.305,
4,2022,HR_145,G1,,7,,20.218,
4,2022,HR_034,G1,,7,,20.263,
4,2022,HR_053,G1,,3,,22.564,
4,2022,HR_053,G1,,7,,21.785,
4,2022,HR_083,G1,,4,,20.421,
4,2022,HR_184,G1,,2,,24.152,
4,2022,HR_184,G1,,3,,21.11,
4,2022,HR_184,G1,,4,,16.096,
4,2022,HR_184,G1,,6,,21.375,
4,2022,HR_184,G1,,8,,21.21,
4,2022,HR_042,G1,,8,,18.327,
4,2022,HR_067,G1,,3,,16.583,
4,2022,HR_156,G1,,6,,18.364,
4,2022,HR_156,G1,,8,,20.103,
4,2022,HR_118,G1,,1,,17.714,
4,2022,HR_118,G1,,2,,15.307,
4,2022,HR_118,G1,,5,,19.017,
4,2022,HR_192,G1,,6,,15.641,
4,2022,HR_192,G1,,7,,14.539,
4,2022,HR_139,G1,,3,,,
4,2022,HR_139,G1,,4,,,
4,2022,HR_139,G1,,5,,,
4,2022,HR_078,G1,,8,,,
4,2022,HR_017,G1,,2,,18.44,
4,2022,HR_017,G1,,3,,23.61,
4,2022,HR_017,G1,,4,,,
4,2022,HR_017,G1,,5,,,
4,2022,HR_017,G1,,6,,20.066,
4,2022,HR_017,G1,,8,,,
4,2022,HR_011,G1,,2,,25.035,
4,2022,HR_011,G1,,4,,22.053,
4,2022,HR_011,G1,,6,,19.005,
4,2022,HR_011,G1,,8,,27.605,
4,2022,HR_126,G1,,4,,,
4,2022,HR_126,G1,,5,,,
4,2022,HR_126,G1,,6,,,
4,2022,HR_126,G1,,7,,,
4,2022,HR_126,G1,,8,,24.296,
4,2022,HR_080,G1,,1,,23.595,
4,2022,HR_080,G1,,3,,22.345,
4,2022,HR_080,G1,,4,,19.46,
4,2022,HR_080,G1,,5,,20.325,
4,2022,HR_080,G1,,8,,19.743,
4,2022,HR_150,G1,,1,,,
4,2022,HR_150,G1,,2,,,
4,2022,HR_150,G1,,3,,,
4,2022,HR_150,G1,,5,,21.336,
4,2022,HR_150,G1,,6,,,
4,2022,HR_150,G1,,7,,,
4,2022,HR_150,G1,,8,,,
4,2022,HR_049,G1,,3,,23.375,
4,2022,HR_049,G1,,4,,18.431,
4,2022,HR_049,G1,,5,,,
4,2022,HR_049,G1,,6,,,
4,2022,HR_049,G1,,7,,,
4,2022,HR_049,G1,,8,,,
4,2022,HR_158,G1,,2,,,
4,2022,HR_158,G1,,3,,,
4,2022,HR_158,G1,,4,,,
4,2022,HR_158,G1,,5,,,
4,2022,HR_158,G1,,6,,,
4,2022,HR_158,G1,,7,,22.477,
4,2022,HR_158,G1,,8,,,
4,2022,HR_196,G1,,1,,22.878,
4,2022,HR_196,G1,,4,,24.145,
4,2022,HR_196,G1,,6,,,
4,2022,HR_196,G1,,7,,,
4,2022,HR_196,G1,,8,,,
4,2022,HR_061,G1,,3,,22.967,
4,2022,HR_061,G1,,4,,22.537,
4,2022,HR_061,G1,,5,,,
4,2022,HR_061,G1,,6,,,
4,2022,HR_061,G1,,8,,,
4,2022,HR_040,G1,,2,,23.976,
4,2022,HR_040,G1,,5,,21.807,
4,2022,HR_040,G1,,6,,21.708,
4,2022,HR_040,G1,,8,,22.511,
4,2022,HR_039,G1,,4,,20.076,
4,2022,HR_039,G1,,5,,20.779,
4,2022,HR_039,G1,,6,,19.293,
4,2022,HR_039,G1,,8,,,
4,2022,HR_141,G1,,4,,22.977,
4,2022,HR_141,G1,,8,,20.445,
4,2022,HR_193,G1,,3,,22.247,
5,2022,HR_050,G1,,4,,,
5,2022,HR_050,G1,,6,,24.389,
5,2022,HR_050,G1,,8,,,
5,2022,HR_047,G1,,3,,21.883,
5,2022,HR_047,G1,,5,,20.213,
5,2022,HR_047,G1,,6,,,
5,2022,HR_047,G1,,8,,,
5,2022,HR_103,G1,,1,,,
5,2022,HR_103,G1,,2,,20.748,
5,2022,HR_103,G1,,3,,,
5,2022,HR_103,G1,,4,,,
5,2022,HR_103,G1,,5,,,
5,2022,HR_103,G1,,6,,,
5,2022,HR_103,G1,,8,,,
5,2022,HR_127,G1,,1,,23.369,
5,2022,HR_127,G1,,5,,,
5,2022,HR_127,G1,,6,,22.058,
5,2022,HR_127,G1,,7,,,
5,2022,HR_127,G1,,8,,,
5,2022,HR_152,G1,,1,,,
5,2022,HR_152,G1,,2,,,
5,2022,HR_152,G1,,3,,,
5,2022,HR_152,G1,,4,,,
5,2022,HR_152,G1,,5,,,
5,2022,HR_152,G1,,6,,,
5,2022,HR_152,G1,,7,,27.725,
5,2022,HR_152,G1,,8,,,
5,2022,HR_109,G1,,3,,,
5,2022,HR_109,G1,,4,,,
5,2022,HR_109,G1,,6,,,
5,2022,HR_109,G1,,8,,,
5,2022,HR_181,G1,,6,,22.508,
5,2022,HR_110,G1,,2,,22.766,
5,2022,HR_110,G1,,3,,23.257,
5,2022,HR_110,G1,,4,,24.243,
5,2022,HR_110,G1,,6,,24.376,
5,2022,HR_110,G1,,8,,25.254,
5,2022,HR_176,G1,,5,,25.475,
5,2022,HR_087,G1,,2,,,
5,2022,HR_087,G1,,3,,23.107,
5,2022,HR_087,G1,,6,,,
5,2022,HR_087,G1,,7,,,
5,2022,HR_073,G1,,4,,,
5,2022,HR_073,G1,,5,,22.044,
5,2022,HR_073,G1,,6,,,
5,2022,HR_073,G1,,7,,,
5,2022,HR_073,G1,,8,,,
5,2022,HR_123,G1,,7,,21.992,
5,2022,HR_123,G1,,8,,23.37,
5,2022,HR_057,G1,,5,,23.496,
5,2022,HR_065,G1,,4,,22.118,
5,2022,HR_033,G1,,4,,21.515,
5,2022,HR_033,G1,,6,,21.729,
5,2022,HR_054,G1,,4,,,
5,2022,HR_054,G1,,5,,,
5,2022,HR_054,G1,,6,,21.815,
5,2022,HR_119,G1,,1,,24.103,
5,2022,HR_119,G1,,2,,22.544,
5,2022,HR_119,G1,,6,,19.123,
5,2022,HR_119,G1,,7,,25.507,
5,2022,HR_119,G1,,8,,19.639,
5,2022,HR_072,G1,,6,,25.891,
5,2022,HR_177,G1,,6,,24.257,
5,2022,HR_201,G1,,4,,21.499,
5,2022,HR_201,G1,,5,,17.66,
5,2022,HR_201,G1,,6,,18.805,
5,2022,HR_183,G1,,3,,17.756,
5,2022,HR_086,G1,,3,,18.363,
5,2022,HR_086,G1,,8,,19.351,
5,2022,HR_134,G1,,4,,20.79,
5,2022,HR_134,G1,,8,,22.112,
5,2022,HR_006,G1,,1,,17.07,
5,2022,HR_006,G1,,4,,22.516,
5,2022,HR_006,G1,,5,,17.85,
5,2022,HR_006,G1,,8,,22.118,
5,2022,HR_197,G1,,1,,20.603,
5,2022,HR_197,G1,,3,,21.928,
5,2022,HR_197,G1,,4,,17.139,
5,2022,HR_133,G1,,5,,19.787,
5,2022,HR_180,G1,,2,,17.034,
5,2022,HR_180,G1,,4,,,
5,2022,HR_180,G1,,8,,19.845,
5,2022,HR_131,G1,,2,,21.93,
5,2022,HR_044,G1,,3,,23.771,
5,2022,HR_044,G1,,5,,19.905,
5,2022,HR_044,G1,,6,,18.732,
5,2022,HR_021,G1,,1,,20.825,
5,2022,HR_021,G1,,3,,17.84,
5,2022,HR_124,G1,,2,,,
5,2022,HR_124,G1,,3,,16.362,
5,2022,HR_124,G1,,6,,19.179,
5,2022,HR_124,G1,,8,,,
5,2022,HR_173,G1,,1,,20.367,
5,2022,HR_173,G1,,6,,21.002,
5,2022,HR_173,G1,,8,,18.979,
5,2022,HR_068,G1,,7,,19.36,
5,2022,HR_066,G1,,2,,,
5,2022,HR_066,G1,,3,,,
5,2022,HR_142,G1,,2,,18.813,
5,2022,HR_162,G1,,1,,18.763,
5,2022,HR_162,G1,,2,,19.997,
5,2022,HR_162,G1,,6,,16.76,
5,2022,HR_062,G1,,2,,22.574,
5,2022,HR_062,G1,,3,,,
5,2022,HR_062,G1,,4,,,
5,2022,HR_062,G1,,5,,,
5,2022,HR_062,G1,,6,,,
5,2022,HR_062,G1,,7,,,
5,2022,HR_043,G1,,1,,24.711,
5,2022,HR_043,G1,,2,,25.411,
5,2022,HR_043,G1,,3,,,
5,2022,HR_043,G1,,4,,,
5,2022,HR_043,G1,,5,,,
5,2022,HR_043,G1,,6,,,
5,2022,HR_043,G1,,7,,20.629,
5,2022,HR_043,G1,,8,,,
5,2022,HR_046,G1,,1,,,
5,2022,HR_046,G1,,2,,,
5,2022,HR_046,G1,,3,,,
5,2022,HR_046,G1,,5,,,
5,2022,HR_046,G1,,6,,,
5,2022,HR_046,G1,,7,,,
5,2022,HR_046,G1,,8,,,
5,2022,HR_009,G1,,1,,,
5,2022,HR_009,G1,,2,,,
5,2022,HR_009,G1,,3,,24.175,
5,2022,HR_009,G1,,4,,,
5,2022,HR_009,G1,,5,,,
5,2022,HR_009,G1,,6,,23.256,
5,2022,HR_009,G1,,7,,,
5,2022,HR_009,G1,,8,,,
5,2022,HR_001,G1,,2,,,
5,2022,HR_001,G1,,4,,,
5,2022,HR_001,G1,,5,,21.644,
5,2022,HR_001,G1,,6,,,
5,2022,HR_001,G1,,7,,,
5,2022,HR_001,G1,,8,,,
5,2022,HR_056,G1,,3,,23.613,
5,2022,HR_056,G1,,4,,22.319,
5,2022,HR_056,G1,,5,,,
5,2022,HR_056,G1,,6,,,
5,2022,HR_056,G1,,7,,20.674,
6,2022,HR_027,G1,,1,,,
6,2022,HR_027,G1,,2,,,
6,2022,HR_027,G1,,3,,,
6,2022,HR_027,G1,,4,,28.773,
6,2022,HR_027,G1,,5,,22.417,
6,2022,HR_027,G1,,6,,,
6,2022,HR_027,G1,,7,,,
6,2022,HR_027,G1,,8,,,
6,2022,HR_112,G1,,1,,24.044,
6,2022,HR_112,G1,,2,,22.908,
6,2022,HR_112,G1,,4,,27.231,
6,2022,HR_112,G1,,7,,18.373,
6,2022,HR_112,G1,,8,,21.737,
6,2022,HR_028,G1,,1,,24.289,
6,2022,HR_028,G1,,2,,,
6,2022,HR_028,G1,,5,,,
6,2022,HR_028,G1,,6,,22.343,
6,2022,HR_092,G1,,2,,,
6,2022,HR_092,G1,,3,,21.487,
6,2022,HR_092,G1,,4,,,
6,2022,HR_092,G1,,6,,,
6,2022,HR_092,G1,,8,,,
6,2022,HR_019,G1,,2,,,
6,2022,HR_019,G1,,4,,26.218,
6,2022,HR_019,G1,,5,,,
6,2022,HR_019,G1,,6,,,
6,2022,HR_019,G1,,7,,,
6,2022,HR_019,G1,,8,,26.515,
6,2022,HR_023,G1,,3,,18.292,
6,2022,HR_023,G1,,4,,,
6,2022,HR_023,G1,,6,,,
6,2022,HR_023,G1,,7,,,
6,2022,HR_111,G1,,2,,15.642,
6,2022,HR_111,G1,,4,,27.635,
6,2022,HR_111,G1,,6,,20.44,
6,2022,HR_111,G1,,7,,20.791,
6,2022,HR_129,G1,,3,,,
6,2022,HR_129,G1,,4,,19.722,
6,2022,HR_129,G1,,6,,,
6,2022,HR_129,G1,,7,,12.868,
6,2022,HR_129,G1,,8,,,
6,2022,HR_010,G1,,1,,22.372,
6,2022,HR_010,G1,,8,,,
6,2022,HR_159,G1,,1,,,
6,2022,HR_159,G1,,2,,,
6,2022,HR_159,G1,,4,,26.106,
6,2022,HR_159,G1,,5,,,
6,2022,HR_159,G1,,6,,,
6,2022,HR_159,G1,,7,,,
6,2022,HR_195,G1,,4,,14.412,
6,2022,HR_195,G1,,5,,22.449,
6,2022,HR_195,G1,,7,,12.438,
6,2022,HR_195,G1,,8,,19.364,
6,2022,HR_148,G1,,3,,24.951,
6,2022,HR_148,G1,,4,,24.561,
6,2022,HR_148,G1,,5,,,
6,2022,HR_148,G1,,6,,22.798,
6,2022,HR_148,G1,,7,,,
6,2022,HR_148,G1,,8,,19.24,
6,2022,HR_101,G1,,2,,21.188,
6,2022,HR_101,G1,,3,,,
6,2022,HR_101,G1,,4,,21.772,
6,2022,HR_101,G1,,5,,,
6,2022,HR_101,G1,,6,,,
6,2022,HR_037,G1,,1,,,
6,2022,HR_037,G1,,2,,24.845,
6,2022,HR_037,G1,,3,,,
6,2022,HR_037,G1,,4,,,
6,2022,HR_037,G1,,5,,,
6,2022,HR_037,G1,,6,,19.08,
6,2022,HR_037,G1,,7,,27.894,
6,2022,HR_037,G1,,8,,,
6,2022,HR_182,G1,,1,,23.056,
6,2022,HR_182,G1,,3,,,
6,2022,HR_182,G1,,4,,,
6,2022,HR_182,G1,,5,,,
6,2022,HR_182,G1,,6,,19.724,
6,2022,HR_182,G1,,7,,,
6,2022,HR_182,G1,,8,,,
6,2022,HR_121,G1,,2,,23.307,
6,2022,HR_121,G1,,7,,20.461,
6,2022,HR_121,G1,,8,,,
6,2022,HR_115,G1,,3,,17.249,
6,2022,HR_115,G1,,6,,,
6,2022,HR_014,G1,,2,,,
6,2022,HR_014,G1,,4,,24.067,
6,2022,HR_014,G1,,5,,22.157,
6,2022,HR_014,G1,,7,,,
6,2022,HR_014,G1,,8,,,
6,2022,HR_095,G1,,2,,23.891,
6,2022,HR_095,G1,,3,,,
6,2022,HR_095,G1,,4,,,
6,2022,HR_095,G1,,6,,24.326,
6,2022,HR_095,G1,,8,,,
6,2022,HR_190,G1,,4,,23.859,
6,2022,HR_190,G1,,7,,23.353,
6,2022,HR_026,G1,,2,,26.754,
6,2022,HR_026,G1,,3,,20.406,
6,2022,HR_026,G1,,4,,,
6,2022,HR_026,G1,,5,,,
6,2022,HR_026,G1,,6,,,
6,2022,HR_026,G1,,8,,,
6,2022,HR_059,G1,,3,,18.887,
6,2022,HR_059,G1,,4,,24.593,
6,2022,HR_059,G1,,7,,,
6,2022,HR_059,G1,,8,,23.113,
6,2022,HR_114,G1,,1,,,
6,2022,HR_114,G1,,3,,,
6,2022,HR_114,G1,,4,,22.733,
6,2022,HR_114,G1,,5,,,
6,2022,HR_114,G1,,6,,,
6,2022,HR_114,G1,,7,,22.279,
6,2022,HR_114,G1,,8,,,
6,2022,HR_179,G1,,6,,13.794,
6,2022,HR_179,G1,,7,,22.861,
6,2022,HR_179,G1,,8,,23.353,
6,2022,HR_135,G1,,8,,20.577,
6,2022,HR_016,G1,,2,,,
6,2022,HR_016,G1,,3,,,
6,2022,HR_016,G1,,7,,20.374,
6,2022,HR_016,G1,,8,,24.633,
6,2022,HR_104,G1,,2,,19.007,
6,2022,HR_104,G1,,5,,,
6,2022,HR_104,G1,,7,,,
6,2022,HR_104,G1,,8,,16.784,
6,2022,HR_161,G1,,6,,16.444,
6,2022,HR_161,G1,,7,,20.6,
6,2022,HR_113,G1,,2,,,
6,2022,HR_113,G1,,3,,,
6,2022,HR_113,G1,,4,,,
6,2022,HR_113,G1,,5,,17.592,
6,2022,HR_113,G1,,7,,,
6,2022,HR_038,G1,,4,,,
6,2022,HR_038,G1,,6,,,
6,2022,HR_038,G1,,7,,21.427,
6,2022,HR_038,G1,,8,,,
6,2022,HR_155,G1,,1,,,
6,2022,HR_155,G1,,3,,,
6,2022,HR_155,G1,,4,,20.263,
6,2022,HR_155,G1,,5,,,
6,2022,HR_155,G1,,6,,20.027,
6,2022,HR_155,G1,,7,,,
6,2022,HR_155,G1,,8,,,
6,2022,HR_088,G1,,2,,27.198,
6,2022,HR_088,G1,,3,,,
6,2022,HR_088,G1,,4,,,
6,2022,HR_088,G1,,5,,,
6,2022,HR_088,G1,,6,,,
6,2022,HR_088,G1,,7,,,
6,2022,HR_088,G1,,8,,,
6,2022,HR_105,G1,,1,,24.701,
6,2022,HR_105,G1,,2,,23.124,
6,2022,HR_105,G1,,3,,,
6,2022,HR_105,G1,,4,,,
6,2022,HR_105,G1,,5,,,
6,2022,HR_105,G1,,8,,,
6,2022,HR_051,G1,,1,,,
6,2022,HR_051,G1,,2,,,
6,2022,HR_051,G1,,4,,,
6,2022,HR_051,G1,,5,,20.572,
6,2022,HR_051,G1,,6,,18.544,
6,2022,HR_051,G1,,8,,,
6,2022,HR_178,G1,,1,,23.277,
6,2022,HR_178,G1,,2,,22.809,
6,2022,HR_178,G1,,3,,,
6,2022,HR_178,G1,,4,,,
6,2022,HR_178,G1,,5,,,
6,2022,HR_178,G1,,6,,,
6,2022,HR_178,G1,,8,,,
6,2022,HR_174,G1,,2,,,
6,2022,HR_174,G1,,3,,,
6,2022,HR_174,G1,,4,,,
6,2022,HR_174,G1,,5,,,
6,2022,HR_174,G1,,6,,,
6,2022,HR_174,G1,,7,,25.488,
6,2022,HR_041,G1,,2,,,
6,2022,HR_041,G1,,3,,24.7,
6,2022,HR_041,G1,,4,,,
6,2022,HR_041,G1,,5,,24.856,
6,2022,HR_041,G1,,6,,25.207,
6,2022,HR_041,G1,,7,,,
6,2022,HR_041,G1,,8,,,
6,2022,HR_025,G1,,3,,23.042,
6,2022,HR_116,G1,,1,,,
6,2022,HR_116,G1,,3,,22.887,
6,2022,HR_116,G1,,4,,,
6,2022,HR_116,G1,,6,,,
6,2022,HR_116,G1,,7,,,
6,2022,HR_116,G1,,8,,20.394,
6,2022,HR_137,G1,,1,,,
6,2022,HR_137,G1,,2,,,
6,2022,HR_137,G1,,3,,,
6,2022,HR_137,G1,,4,,22.933,
6,2022,HR_137,G1,,5,,,
6,2022,HR_137,G1,,6,,23.045,
6,2022,HR_137,G1,,7,,,
6,2022,HR_137,G1,,8,,,
6,2022,HR_032,G1,,2,,,
6,2022,HR_032,G1,,3,,21.074,
6,2022,HR_032,G1,,4,,,
6,2022,HR_032,G1,,5,,,
6,2022,HR_032,G1,,7,,,
6,2022,HR_032,G1,,8,,22.203,
6,2022,HR_018,G1,,1,,,
6,2022,HR_018,G1,,2,,,
6,2022,HR_018,G1,,3,,,
6,2022,HR_018,G1,,4,,23.755,
6,2022,HR_018,G1,,5,,20.856,
6,2022,HR_018,G1,,6,,,
6,2022,HR_018,G1,,7,,,
6,2022,HR_018,G1,,8,,,
6,2022,HR_149,G1,,1,,,
6,2022,HR_149,G1,,2,,,
6,2022,HR_149,G1,,3,,18.794,
6,2022,HR_149,G1,,4,,22.264,
6,2022,HR_149,G1,,5,,,
6,2022,HR_149,G1,,6,,24.288,
6,2022,HR_149,G1,,7,,,
6,2022,HR_149,G1,,8,,,
7,2022,HR_023,G1,,3,,24.471,
7,2022,HR_059,G1,,1,,,
7,2022,HR_059,G1,,2,,,
7,2022,HR_059,G1,,3,,,
7,2022,HR_059,G1,,4,,22.607,
7,2022,HR_059,G1,,5,,26.193,
7,2022,HR_059,G1,,6,,,
7,2022,HR_059,G1,,7,,26.462,
7,2022,HR_059,G1,,8,,,
7,2022,HR_005,G1,,2,,,
7,2022,HR_005,G1,,3,,22.536,
7,2022,HR_005,G1,,6,,,
7,2022,HR_005,G1,,7,,,
7,2022,HR_005,G1,,8,,,
7,2022,HR_061,G1,,2,,,
7,2022,HR_061,G1,,3,,23.659,
7,2022,HR_061,G1,,4,,,
7,2022,HR_061,G1,,5,,,
7,2022,HR_061,G1,,6,,,
7,2022,HR_061,G1,,7,,,
7,2022,HR_032,G1,,1,,24.376,
7,2022,HR_032,G1,,3,,,
7,2022,HR_032,G1,,4,,,
7,2022,HR_032,G1,,5,,,
7,2022,HR_032,G1,,6,,,
7,2022,HR_032,G1,,7,,,
7,2022,HR_032,G1,,8,,,
7,2022,HR_175,G1,,2,,,
7,2022,HR_175,G1,,4,,,
7,2022,HR_175,G1,,5,,,
7,2022,HR_175,G1,,6,,,
7,2022,HR_175,G1,,7,,27.805,
7,2022,HR_175,G1,,8,,,
7,2022,HR_180,G1,,2,,,
7,2022,HR_180,G1,,4,,19.54,
7,2022,HR_180,G1,,5,,23.148,
7,2022,HR_067,G1,,6,,,
7,2022,HR_067,G1,,7,,,
7,2022,HR_112,G1,,2,,24.614,
7,2022,HR_112,G1,,3,,21.56,
7,2022,HR_112,G1,,4,,,
7,2022,HR_112,G1,,5,,,
7,2022,HR_112,G1,,7,,,
7,2022,HR_136,G1,,1,,,
7,2022,HR_136,G1,,2,,22.521,
7,2022,HR_136,G1,,5,,,
7,2022,HR_136,G1,,6,,,
7,2022,HR_136,G1,,7,,,
7,2022,HR_136,G1,,8,,,
7,2022,HR_046,G1,,1,,,
7,2022,HR_046,G1,,2,,,
7,2022,HR_046,G1,,4,,17.315,
7,2022,HR_056,G1,,1,,23.849,
7,2022,HR_056,G1,,2,,,
7,2022,HR_056,G1,,5,,,
7,2022,HR_056,G1,,6,,,
7,2022,HR_056,G1,,7,,,
7,2022,HR_056,G1,,8,,20.667,
7,2022,HR_010,G1,,1,,22.051,
7,2022,HR_010,G1,,4,,,
7,2022,HR_142,G1,,3,,,
7,2022,HR_142,G1,,5,,23.195,
7,2022,HR_142,G1,,8,,23.476,
7,2022,HR_137,G1,,1,,,
7,2022,HR_137,G1,,2,,,
7,2022,HR_137,G1,,3,,,
7,2022,HR_137,G1,,4,,,
7,2022,HR_137,G1,,5,,25.5,
7,2022,HR_137,G1,,6,,,
7,2022,HR_137,G1,,8,,,
7,2022,HR_017,G1,,3,,18.8,
7,2022,HR_017,G1,,5,,24.13,
7,2022,HR_058,G1,,2,,18.71,
7,2022,HR_058,G1,,3,,,
7,2022,HR_058,G1,,4,,23.31,
7,2022,HR_058,G1,,5,,,
7,2022,HR_058,G1,,6,,,
7,2022,HR_058,G1,,7,,,
7,2022,HR_058,G1,,8,,,
7,2022,HR_179,G1,,1,,,
7,2022,HR_179,G1,,2,,19.11,
7,2022,HR_179,G1,,3,,,
7,2022,HR_179,G1,,5,,23.2,
7,2022,HR_179,G1,,6,,,
7,2022,HR_179,G1,,7,,,
7,2022,HR_054,G1,,1,,,
7,2022,HR_054,G1,,2,,,
7,2022,HR_054,G1,,3,,,
7,2022,HR_054,G1,,4,,21.2,
7,2022,HR_054,G1,,5,,,
7,2022,HR_054,G1,,6,,,
7,2022,HR_054,G1,,7,,,
7,2022,HR_054,G1,,8,,,
7,2022,HR_201,G1,,2,,,
7,2022,HR_201,G1,,3,,,
7,2022,HR_201,G1,,4,,25.3,
7,2022,HR_201,G1,,5,,,
7,2022,HR_201,G1,,6,,,
7,2022,HR_015,G1,,1,,24.24,
7,2022,HR_015,G1,,2,,26.5,
7,2022,HR_015,G1,,3,,,
7,2022,HR_015,G1,,4,,,
7,2022,HR_015,G1,,6,,18.02,
7,2022,HR_015,G1,,7,,,
7,2022,HR_015,G1,,8,,,
7,2022,HR_165,G1,,1,,,
7,2022,HR_165,G1,,2,,,
7,2022,HR_165,G1,,3,,25.4,
7,2022,HR_165,G1,,5,,20.74,
7,2022,HR_165,G1,,6,,27.07,
7,2022,HR_165,G1,,7,,24.78,
7,2022,HR_165,G1,,8,,25.77,
7,2022,HR_184,G1,,1,,,
7,2022,HR_184,G1,,3,,,
7,2022,HR_184,G1,,4,,23.76,
7,2022,HR_184,G1,,5,,,
7,2022,HR_184,G1,,6,,19.61,
7,2022,HR_184,G1,,7,,23.89,
7,2022,HR_184,G1,,8,,18.29,
7,2022,HR_124,G1,,1,,,
7,2022,HR_124,G1,,6,,,
7,2022,HR_124,G1,,7,,,
7,2022,HR_124,G1,,8,,16.62,
7,2022,HR_114,G1,,1,,,
7,2022,HR_114,G1,,3,,23.17,
7,2022,HR_114,G1,,4,,,
7,2022,HR_114,G1,,5,,,
7,2022,HR_114,G1,,6,,,
7,2022,HR_114,G1,,7,,18.79,
7,2022,HR_114,G1,,8,,,
7,2022,HR_127,G1,,1,,,
7,2022,HR_127,G1,,2,,18.35,
7,2022,HR_127,G1,,4,,,
7,2022,HR_127,G1,,5,,,
7,2022,HR_127,G1,,6,,18.17,
7,2022,HR_127,G1,,7,,,
7,2022,HR_127,G1,,8,,18.88,
7,2022,HR_182,G1,,1,,,
7,2022,HR_182,G1,,2,,,
7,2022,HR_182,G1,,3,,,
7,2022,HR_182,G1,,5,,,
7,2022,HR_182,G1,,7,,25.636,
7,2022,HR_182,G1,,8,,20.212,
7,2022,HR_147,G1,,1,,,
7,2022,HR_147,G1,,2,,21.67,
7,2022,HR_147,G1,,3,,,
7,2022,HR_147,G1,,4,,23.136,
7,2022,HR_147,G1,,6,,,
7,2022,HR_147,G1,,8,,,
7,2022,HR_134,G1,,1,,,
7,2022,HR_134,G1,,2,,,
7,2022,HR_134,G1,,3,,19.763,
7,2022,HR_134,G1,,4,,19.093,
7,2022,HR_134,G1,,5,,20.465,
7,2022,HR_134,G1,,7,,11.98,
7,2022,HR_134,G1,,8,,16.575,
7,2022,HR_065,G1,,1,,19.068,
7,2022,HR_065,G1,,2,,,
7,2022,HR_065,G1,,3,,,
7,2022,HR_065,G1,,4,,,
7,2022,HR_065,G1,,5,,,
7,2022,HR_065,G1,,6,,20.147,
7,2022,HR_065,G1,,7,,,
7,2022,HR_065,G1,,8,,18.865,
7,2022,HR_001,G1,,1,,,
7,2022,HR_001,G1,,2,,,
7,2022,HR_001,G1,,3,,,
7,2022,HR_001,G1,,4,,,
7,2022,HR_001,G1,,5,,24.9,
7,2022,HR_001,G1,,6,,,
7,2022,HR_001,G1,,7,,,
7,2022,HR_001,G1,,8,,,
7,2022,HR_183,G1,,1,,22.51,
7,2022,HR_183,G1,,2,,21.8,
7,2022,HR_183,G1,,3,,,
7,2022,HR_183,G1,,5,,,
7,2022,HR_183,G1,,6,,,
7,2022,HR_183,G1,,7,,,
7,2022,HR_183,G1,,8,,,
7,2022,HR_148,G1,,1,,20.543,
7,2022,HR_148,G1,,2,,,
7,2022,HR_148,G1,,3,,,
7,2022,HR_148,G1,,4,,23.299,
7,2022,HR_148,G1,,5,,,
7,2022,HR_148,G1,,6,,,
7,2022,HR_148,G1,,7,,24.322,
7,2022,HR_148,G1,,8,,22.43,
7,2022,HR_156,G1,,1,,,
7,2022,HR_156,G1,,2,,21.499,
7,2022,HR_156,G1,,3,,,
7,2022,HR_156,G1,,4,,,
7,2022,HR_156,G1,,5,,,
7,2022,HR_156,G1,,6,,,
7,2022,HR_156,G1,,7,,23.647,
7,2022,HR_049,G1,,1,,18.538,
7,2022,HR_049,G1,,2,,,
7,2022,HR_049,G1,,3,,,
7,2022,HR_049,G1,,4,,19.143,
7,2022,HR_049,G1,,6,,,
7,2022,HR_049,G1,,7,,,
7,2022,HR_049,G1,,8,,,
7,2022,HR_131,G1,,1,,22.832,
7,2022,HR_131,G1,,2,,,
7,2022,HR_131,G1,,6,,22.661,
8,2022,HR_139,G1,,1,,18.96,
8,2022,HR_139,G1,,2,,,
8,2022,HR_139,G1,,3,,26.188,
8,2022,HR_139,G1,,4,,,
8,2022,HR_139,G1,,5,,,
8,2022,HR_139,G1,,7,,,
8,2022,HR_139,G1,,8,,,
8,2022,HR_019,G1,,1,,,
8,2022,HR_019,G1,,3,,22.309,
8,2022,HR_019,G1,,4,,,
8,2022,HR_019,G1,,5,,19.918,
8,2022,HR_019,G1,,6,,23.52,
8,2022,HR_019,G1,,8,,23.352,
8,2022,HR_121,G1,,1,,22.76,
8,2022,HR_121,G1,,3,,,
8,2022,HR_121,G1,,4,,,
8,2022,HR_121,G1,,5,,,
8,2022,HR_121,G1,,7,,24.925,
8,2022,HR_150,G1,,1,,,
8,2022,HR_150,G1,,2,,23.025,
8,2022,HR_150,G1,,3,,,
8,2022,HR_150,G1,,4,,,
8,2022,HR_150,G1,,5,,19.659,
8,2022,HR_150,G1,,6,,,
8,2022,HR_150,G1,,7,,,
8,2022,HR_150,G1,,8,,,
8,2022,HR_092,G1,,1,,,
8,2022,HR_092,G1,,2,,17.936,
8,2022,HR_092,G1,,3,,,
8,2022,HR_092,G1,,4,,,
8,2022,HR_092,G1,,7,,,
8,2022,HR_041,G1,,3,,,
8,2022,HR_041,G1,,4,,,
8,2022,HR_041,G1,,6,,26.981,
8,2022,HR_041,G1,,7,,23.45,
8,2022,HR_041,G1,,8,,,
8,2022,HR_033,G1,,1,,,
8,2022,HR_033,G1,,3,,,
8,2022,HR_033,G1,,5,,21.79,
8,2022,HR_033,G1,,6,,,
8,2022,HR_033,G1,,7,,17.01,
8,2022,HR_033,G1,,8,,,
8,2022,HR_169,G1,,1,,,
8,2022,HR_169,G1,,2,,,
8,2022,HR_169,G1,,3,,,
8,2022,HR_169,G1,,4,,,
8,2022,HR_169,G1,,6,,21.99,
8,2022,HR_169,G1,,7,,,
8,2022,HR_072,G1,,1,,,
8,2022,HR_072,G1,,3,,,
8,2022,HR_072,G1,,4,,,
8,2022,HR_072,G1,,5,,23.71,
8,2022,HR_072,G1,,6,,15.9,
8,2022,HR_177,G1,,1,,,
8,2022,HR_177,G1,,2,,24.18,
8,2022,HR_177,G1,,3,,,
8,2022,HR_177,G1,,6,,,
8,2022,HR_051,G1,,1,,,
8,2022,HR_051,G1,,3,,,
8,2022,HR_051,G1,,4,,,
8,2022,HR_051,G1,,5,,17.69,
8,2022,HR_051,G1,,6,,,
8,2022,HR_051,G1,,8,,23.06,
8,2022,HR_164,G1,,1,,,
8,2022,HR_164,G1,,2,,,
8,2022,HR_164,G1,,3,,12.51,
8,2022,HR_164,G1,,4,,,
8,2022,HR_164,G1,,5,,,
8,2022,HR_164,G1,,6,,,
8,2022,HR_164,G1,,7,,,
8,2022,HR_164,G1,,8,,,
8,2022,HR_119,G1,,1,,,
8,2022,HR_119,G1,,2,,,
8,2022,HR_119,G1,,3,,18.06,
8,2022,HR_119,G1,,4,,,
8,2022,HR_119,G1,,5,,19.97,
8,2022,HR_119,G1,,6,,27.064,
8,2022,HR_119,G1,,8,,,
8,2022,HR_141,G1,,2,,,
8,2022,HR_141,G1,,3,,,
8,2022,HR_141,G1,,4,,,
8,2022,HR_141,G1,,5,,,
8,2022,HR_141,G1,,6,,26.104,
8,2022,HR_141,G1,,7,,,
8,2022,HR_141,G1,,8,,,
8,2022,HR_158,G1,,1,,,
8,2022,HR_158,G1,,2,,,
8,2022,HR_158,G1,,3,,20.1,
8,2022,HR_158,G1,,6,,,
8,2022,HR_158,G1,,7,,23.03,
8,2022,HR_158,G1,,8,,,
8,2022,HR_026,G1,,1,,,
8,2022,HR_026,G1,,2,,20.252,
8,2022,HR_026,G1,,3,,25.015,
8,2022,HR_026,G1,,4,,,
8,2022,HR_026,G1,,5,,19.919,
8,2022,HR_026,G1,,6,,26.784,
8,2022,HR_026,G1,,7,,,
8,2022,HR_026,G1,,8,,,
8,2022,HR_178,G1,,1,,,
8,2022,HR_178,G1,,3,,,
8,2022,HR_178,G1,,4,,,
8,2022,HR_178,G1,,5,,,
8,2022,HR_178,G1,,6,,22.071,
8,2022,HR_178,G1,,7,,22.349,
8,2022,HR_178,G1,,8,,,
8,2022,HR_042,G1,,1,,,
8,2022,HR_042,G1,,3,,,
8,2022,HR_042,G1,,5,,,
8,2022,HR_042,G1,,6,,,
8,2022,HR_042,G1,,7,,25.413,
8,2022,HR_042,G1,,8,,25.366,
8,2022,HR_012,G1,,3,,,
8,2022,HR_012,G1,,4,,,
8,2022,HR_012,G1,,5,,,
8,2022,HR_012,G1,,8,,,
8,2022,HR_153,G1,,1,,,
8,2022,HR_153,G1,,2,,,
8,2022,HR_153,G1,,3,,,
8,2022,HR_153,G1,,4,,,
8,2022,HR_153,G1,,5,,,
8,2022,HR_153,G1,,6,,26.172,
8,2022,HR_153,G1,,7,,,
8,2022,HR_153,G1,,8,,,
8,2022,HR_133,G1,,1,,,
8,2022,HR_133,G1,,4,,,
8,2022,HR_133,G1,,5,,16.317,
8,2022,HR_133,G1,,6,,,
8,2022,HR_133,G1,,7,,,
8,2022,HR_133,G1,,8,,,
8,2022,HR_110,G1,,1,,19.849,
8,2022,HR_110,G1,,2,,,
8,2022,HR_110,G1,,3,,,
8,2022,HR_110,G1,,4,,,
8,2022,HR_110,G1,,5,,,
8,2022,HR_110,G1,,6,,,
8,2022,HR_110,G1,,7,,,
8,2022,HR_110,G1,,8,,,
8,2022,HR_145,G1,,2,,,
8,2022,HR_145,G1,,3,,21.568,
8,2022,HR_145,G1,,4,,17.091,
8,2022,HR_145,G1,,5,,22.613,
8,2022,HR_145,G1,,6,,,
8,2022,HR_145,G1,,7,,,
8,2022,HR_145,G1,,8,,,
8,2022,HR_111,G1,,1,,20.284,
8,2022,HR_111,G1,,3,,,
8,2022,HR_111,G1,,4,,,
8,2022,HR_111,G1,,6,,22.122,
8,2022,HR_111,G1,,7,,,
8,2022,HR_162,G1,,1,,,
8,2022,HR_162,G1,,2,,16.195,
8,2022,HR_162,G1,,4,,,
8,2022,HR_162,G1,,7,,20.139,
8,2022,HR_162,G1,,8,,19.043,
8,2022,HR_109,G1,,1,,,
8,2022,HR_109,G1,,2,,,
8,2022,HR_109,G1,,3,,18.069,
8,2022,HR_109,G1,,4,,,
8,2022,HR_109,G1,,5,,,
8,2022,HR_025,G1,,1,,18.701,
8,2022,HR_025,G1,,2,,18.398,
8,2022,HR_025,G1,,3,,,
8,2022,HR_007,G1,,1,,,
8,2022,HR_007,G1,,3,,18.956,
8,2022,HR_007,G1,,4,,,
8,2022,HR_007,G1,,6,,,
8,2022,HR_007,G1,,8,,,
8,2022,HR_176,G1,,1,,,
8,2022,HR_176,G1,,2,,,
8,2022,HR_176,G1,,3,,,
8,2022,HR_176,G1,,4,,,
8,2022,HR_176,G1,,5,,,
8,2022,HR_176,G1,,6,,,
8,2022,HR_176,G1,,7,,,
8,2022,HR_176,G1,,8,,,
8,2022,HR_064,G1,,1,,18.031,
8,2022,HR_064,G1,,2,,,
8,2022,HR_064,G1,,3,,23.402,
8,2022,HR_064,G1,,4,,17.506,
8,2022,HR_064,G1,,5,,,
8,2022,HR_064,G1,,6,,,
8,2022,HR_064,G1,,7,,,
8,2022,HR_064,G1,,8,,17.71,
8,2022,HR_006,G1,,1,,23.027,
8,2022,HR_006,G1,,2,,,
8,2022,HR_006,G1,,3,,,
8,2022,HR_006,G1,,4,,,
8,2022,HR_006,G1,,5,,,
8,2022,HR_006,G1,,7,,,
8,2022,HR_006,G1,,8,,,
8,2022,HR_115,G1,,1,,17.55,
8,2022,HR_115,G1,,2,,20.647,
8,2022,HR_115,G1,,3,,20.703,
8,2022,HR_115,G1,,4,,,
8,2022,HR_115,G1,,5,,,
8,2022,HR_115,G1,,8,,,
8,2022,HR_083,G1,,1,,,
8,2022,HR_083,G1,,2,,,
8,2022,HR_083,G1,,3,,,
8,2022,HR_083,G1,,4,,,
8,2022,HR_083,G1,,5,,21.471,
8,2022,HR_083,G1,,6,,20.913,
8,2022,HR_083,G1,,7,,19.654,
8,2022,HR_166,G1,,2,,,
8,2022,HR_166,G1,,3,,25.651,
8,2022,HR_166,G1,,4,,,
8,2022,HR_166,G1,,5,,21.257,
8,2022,HR_166,G1,,6,,,
8,2022,HR_166,G1,,7,,,
8,2022,HR_166,G1,,8,,,
8,2022,HR_088,G1,,2,,,
8,2022,HR_088,G1,,3,,,
8,2022,HR_088,G1,,4,,,
8,2022,HR_088,G1,,5,,,
8,2022,HR_088,G1,,6,,23.809,
8,2022,HR_088,G1,,7,,,
8,2022,HR_088,G1,,8,,21.059,
8,2022,HR_168,G1,,1,,,
8,2022,HR_168,G1,,2,,21.841,
8,2022,HR_168,G1,,3,,,
8,2022,HR_168,G1,,5,,,
8,2022,HR_168,G1,,6,,18.788,
8,2022,HR_168,G1,,7,,,
8,2022,HR_168,G1,,8,,,
8,2022,HR_068,G1,,1,,,
8,2022,HR_068,G1,,2,,,
8,2022,HR_068,G1,,3,,20.989,
8,2022,HR_068,G1,,4,,,
8,2022,HR_068,G1,,5,,,
8,2022,HR_068,G1,,6,,24.15,
8,2022,HR_068,G1,,7,,25.194,
8,2022,HR_068,G1,,8,,,
8,2022,HR_181,G1,,1,,,
8,2022,HR_181,G1,,3,,22.737,
8,2022,HR_181,G1,,4,,,
8,2022,HR_181,G1,,5,,,
8,2022,HR_181,G1,,6,,,
8,2022,HR_181,G1,,7,,,
8,2022,HR_181,G1,,8,,,
8,2022,HR_034,G1,,1,,,
8,2022,HR_034,G1,,4,,22.263,
8,2022,HR_034,G1,,6,,,
8,2022,HR_034,G1,,7,,,
8,2022,HR_034,G1,,8,,19.624,
8,2022,HR_018,G1,,1,,,
8,2022,HR_018,G1,,2,,,
8,2022,HR_018,G1,,3,,,
8,2022,HR_018,G1,,4,,,
8,2022,HR_018,G1,,5,,,
8,2022,HR_018,G1,,6,,22.211,
8,2022,HR_018,G1,,7,,,
8,2022,HR_018,G1,,8,,,
8,2022,HR_020,G1,,1,,,
8,2022,HR_020,G1,,2,,,
8,2022,HR_020,G1,,3,,,
8,2022,HR_020,G1,,4,,,
8,2022,HR_020,G1,,5,,19.207,
8,2022,HR_020,G1,,6,,,
8,2022,HR_020,G1,,7,,24.136,
8,2022,HR_020,G1,,8,,21.158,
8,2022,HR_116,G1,,1,,,
8,2022,HR_116,G1,,2,,,
8,2022,HR_116,G1,,3,,16.368,
8,2022,HR_116,G1,,4,,,
8,2022,HR_116,G1,,5,,,
8,2022,HR_116,G1,,6,,18.459,
8,2022,HR_116,G1,,7,,20.661,
8,2022,HR_116,G1,,8,,,
8,2022,HR_014,G1,,1,,22.243,
8,2022,HR_014,G1,,2,,,
8,2022,HR_014,G1,,3,,,
8,2022,HR_014,G1,,6,,22.13,
8,2022,HR_014,G1,,7,,24.239,
8,2022,HR_040,G1,,1,,,
8,2022,HR_040,G1,,2,,,
8,2022,HR_040,G1,,3,,,
8,2022,HR_040,G1,,4,,21.969,
8,2022,HR_040,G1,,8,,20.254,
8,2022,HR_071,G1,,1,,,
8,2022,HR_071,G1,,3,,19.961,
8,2022,HR_071,G1,,4,,22.219,
8,2022,HR_071,G1,,5,,23.192,
8,2022,HR_071,G1,,7,,21.94,
8,2022,HR_071,G1,,8,,,
8,2022,HR_079,G1,,1,,,
8,2022,HR_079,G1,,2,,,
8,2022,HR_079,G1,,4,,,
8,2022,HR_079,G1,,5,,,
8,2022,HR_079,G1,,6,,,
8,2022,HR_079,G1,,7,,,
8,2022,HR_079,G1,,8,,21.972,
9,2022,HR_193,G1,,1,,22.329,
9,2022,HR_193,G1,,2,,,
9,2022,HR_193,G1,,3,,,
9,2022,HR_193,G1,,4,,,
9,2022,HR_193,G1,,5,,,
9,2022,HR_193,G1,,6,,,
9,2022,HR_193,G1,,7,,,
9,2022,HR_193,G1,,8,,24.929,
9,2022,HR_016,G1,,1,,,
9,2022,HR_016,G1,,2,,24.091,
9,2022,HR_016,G1,,3,,,
9,2022,HR_016,G1,,4,,,
9,2022,HR_016,G1,,5,,,
9,2022,HR_016,G1,,6,,,
9,2022,HR_016,G1,,7,,,
9,2022,HR_016,G1,,8,,24.414,
9,2022,HR_190,G1,,1,,,
9,2022,HR_190,G1,,2,,,
9,2022,HR_190,G1,,3,,,
9,2022,HR_190,G1,,4,,,
9,2022,HR_190,G1,,5,,,
9,2022,HR_190,G1,,6,,,
9,2022,HR_190,G1,,7,,,
9,2022,HR_004,G1,,2,,,
9,2022,HR_004,G1,,4,,21.167,
9,2022,HR_004,G1,,5,,,
9,2022,HR_004,G1,,6,,,
9,2022,HR_004,G1,,7,,,
9,2022,HR_004,G1,,8,,,
9,2022,HR_113,G1,,2,,,
9,2022,HR_113,G1,,3,,,
9,2022,HR_113,G1,,4,,20.857,
9,2022,HR_113,G1,,5,,,
9,2022,HR_113,G1,,6,,,
9,2022,HR_113,G1,,7,,23.995,
9,2022,HR_113,G1,,8,,16.686,
9,2022,HR_009,G1,,1,,,
9,2022,HR_009,G1,,2,,,
9,2022,HR_009,G1,,3,,23.434,
9,2022,HR_009,G1,,4,,,
9,2022,HR_009,G1,,5,,,
9,2022,HR_009,G1,,6,,,
9,2022,HR_009,G1,,7,,22.947,
9,2022,HR_009,G1,,8,,,
9,2022,HR_103,G1,,1,,26.403,
9,2022,HR_103,G1,,2,,,
9,2022,HR_103,G1,,3,,,
9,2022,HR_103,G1,,4,,,
9,2022,HR_103,G1,,5,,,
9,2022,HR_103,G1,,6,,,
9,2022,HR_103,G1,,7,,,
9,2022,HR_103,G1,,8,,,
9,2022,HR_073,G1,,1,,,
9,2022,HR_073,G1,,2,,,
9,2022,HR_073,G1,,3,,,
9,2022,HR_073,G1,,4,,20.884,
9,2022,HR_073,G1,,5,,,
9,2022,HR_073,G1,,6,,,
9,2022,HR_073,G1,,7,,,
9,2022,HR_073,G1,,8,,,
9,2022,HR_149,G1,,1,,19.621,
9,2022,HR_149,G1,,2,,,
9,2022,HR_149,G1,,3,,21.085,
9,2022,HR_149,G1,,4,,,
9,2022,HR_149,G1,,5,,,
9,2022,HR_149,G1,,6,,24.715,
9,2022,HR_149,G1,,7,,20.468,
9,2022,HR_149,G1,,8,,22.706,
9,2022,HR_021,G1,,1,,,
9,2022,HR_021,G1,,2,,,
9,2022,HR_021,G1,,3,,,
9,2022,HR_021,G1,,5,,23.784,
9,2022,HR_021,G1,,6,,,
9,2022,HR_021,G1,,8,,25.071,
9,2022,HR_086,G1,,1,,,
9,2022,HR_086,G1,,2,,,
9,2022,HR_086,G1,,3,,19.859,
9,2022,HR_086,G1,,4,,,
9,2022,HR_086,G1,,5,,25.433,
9,2022,HR_086,G1,,6,,,
9,2022,HR_086,G1,,7,,,
9,2022,HR_086,G1,,8,,,
9,2022,HR_108,G1,,1,,22.931,
9,2022,HR_108,G1,,3,,,
9,2022,HR_108,G1,,5,,,
9,2022,HR_108,G1,,6,,,
9,2022,HR_108,G1,,7,,20.725,
9,2022,HR_108,G1,,8,,22.548,
9,2022,HR_085,G1,,1,,,
9,2022,HR_085,G1,,2,,,
9,2022,HR_085,G1,,3,,,
9,2022,HR_085,G1,,4,,24.765,
9,2022,HR_085,G1,,5,,,
9,2022,HR_085,G1,,6,,,
9,2022,HR_085,G1,,7,,,
9,2022,HR_085,G1,,8,,25.248,
9,2022,HR_197,G1,,1,,,
9,2022,HR_197,G1,,2,,,
9,2022,HR_197,G1,,3,,,
9,2022,HR_197,G1,,4,,20.436,
9,2022,HR_197,G1,,5,,,
9,2022,HR_197,G1,,6,,,
9,2022,HR_197,G1,,7,,11.689,
9,2022,HR_197,G1,,8,,24.336,
9,2022,HR_146,G1,,1,,,
9,2022,HR_146,G1,,2,,22.323,
9,2022,HR_146,G1,,3,,,
9,2022,HR_146,G1,,4,,,
9,2022,HR_146,G1,,5,,22.124,
9,2022,HR_146,G1,,6,,21.947,
9,2022,HR_146,G1,,8,,,
9,2022,HR_095,G1,,1,,26.277,
9,2022,HR_095,G1,,2,,,
9,2022,HR_095,G1,,3,,26.107,
9,2022,HR_095,G1,,4,,20.429,
9,2022,HR_095,G1,,5,,,
9,2022,HR_095,G1,,6,,,
9,2022,HR_095,G1,,7,,,
9,2022,HR_095,G1,,8,,,
9,2022,HR_053,G1,,1,,,
9,2022,HR_053,G1,,2,,,
9,2022,HR_053,G1,,3,,,
9,2022,HR_053,G1,,4,,23.153,
9,2022,HR_053,G1,,5,,,
9,2022,HR_053,G1,,6,,,
9,2022,HR_053,G1,,7,,,
9,2022,HR_053,G1,,8,,,
9,2022,HR_196,G1,,2,,,
9,2022,HR_196,G1,,3,,22.039,
9,2022,HR_196,G1,,4,,,
9,2022,HR_196,G1,,7,,18.385,
9,2022,HR_196,G1,,8,,,
9,2022,HR_101,G1,,2,,,
9,2022,HR_101,G1,,3,,17.569,
9,2022,HR_101,G1,,4,,,
9,2022,HR_101,G1,,5,,,
9,2022,HR_101,G1,,6,,19.862,
9,2022,HR_101,G1,,7,,,
9,2022,HR_101,G1,,8,,22.529,
9,2022,HR_027,G1,,1,,,
9,2022,HR_027,G1,,2,,,
9,2022,HR_027,G1,,3,,25.964,
9,2022,HR_027,G1,,5,,27.006,
9,2022,HR_027,G1,,6,,23.895,
9,2022,HR_027,G1,,7,,,
9,2022,HR_027,G1,,8,,26.773,
9,2022,HR_135,G1,,2,,25.096,
9,2022,HR_135,G1,,3,,,
9,2022,HR_135,G1,,4,,,
9,2022,HR_135,G1,,6,,,
9,2022,HR_135,G1,,8,,22.067,
9,2022,HR_087,G1,,1,,,
9,2022,HR_087,G1,,2,,,
9,2022,HR_087,G1,,3,,,
9,2022,HR_087,G1,,4,,23.092,
9,2022,HR_087,G1,,5,,,
9,2022,HR_087,G1,,6,,,
9,2022,HR_087,G1,,7,,,
9,2022,HR_087,G1,,8,,24.214,
9,2022,HR_011,G1,,2,,,
9,2022,HR_011,G1,,3,,,
9,2022,HR_011,G1,,4,,,
9,2022,HR_011,G1,,5,,,
9,2022,HR_011,G1,,6,,20.168,
9,2022,HR_011,G1,,8,,22.001,
9,2022,HR_050,G1,,4,,,
9,2022,HR_050,G1,,5,,19.019,
9,2022,HR_050,G1,,6,,24.466,
9,2022,HR_050,G1,,7,,25.675,
9,2022,HR_047,G1,,1,,,
9,2022,HR_047,G1,,2,,,
9,2022,HR_047,G1,,3,,,
9,2022,HR_047,G1,,4,,,
9,2022,HR_047,G1,,5,,,
9,2022,HR_047,G1,,6,,,
9,2022,HR_047,G1,,7,,25.13,
9,2022,HR_047,G1,,8,,,
9,2022,HR_043,G1,,1,,,
9,2022,HR_043,G1,,2,,,
9,2022,HR_043,G1,,3,,22.711,
9,2022,HR_043,G1,,4,,23.986,
9,2022,HR_043,G1,,5,,,
9,2022,HR_043,G1,,7,,,
9,2022,HR_043,G1,,8,,25.631,
9,2022,HR_123,G1,,1,,,
9,2022,HR_123,G1,,2,,,
9,2022,HR_123,G1,,3,,,
9,2022,HR_123,G1,,4,,,
9,2022,HR_123,G1,,5,,,
9,2022,HR_123,G1,,6,,,
9,2022,HR_123,G1,,7,,,
9,2022,HR_123,G1,,8,,24.183,
9,2022,HR_044,G1,,1,,,
9,2022,HR_044,G1,,2,,,
9,2022,HR_044,G1,,3,,,
9,2022,HR_044,G1,,4,,22.225,
9,2022,HR_044,G1,,5,,,
9,2022,HR_044,G1,,6,,23.888,
9,2022,HR_044,G1,,8,,25.119,
9,2022,HR_035,G1,,1,,23.151,
9,2022,HR_035,G1,,2,,,
9,2022,HR_035,G1,,3,,25.642,
9,2022,HR_035,G1,,4,,,
9,2022,HR_035,G1,,5,,,
9,2022,HR_035,G1,,6,,,
9,2022,HR_035,G1,,7,,25.23,
9,2022,HR_035,G1,,8,,,
9,2022,HR_118,G1,,1,,20.065,
9,2022,HR_118,G1,,2,,,
9,2022,HR_118,G1,,3,,,
9,2022,HR_118,G1,,4,,,
9,2022,HR_118,G1,,5,,17.352,
9,2022,HR_118,G1,,6,,,
9,2022,HR_118,G1,,7,,,
9,2022,HR_118,G1,,8,,,
9,2022,HR_126,G1,,1,,19.844,
9,2022,HR_126,G1,,2,,,
9,2022,HR_126,G1,,3,,23.18,
9,2022,HR_126,G1,,4,,,
9,2022,HR_126,G1,,5,,,
9,2022,HR_126,G1,,6,,,
9,2022,HR_126,G1,,7,,,
9,2022,HR_126,G1,,8,,,
9,2022,HR_170,G1,,1,,,
9,2022,HR_170,G1,,2,,,
9,2022,HR_170,G1,,3,,,
9,2022,HR_170,G1,,4,,21.135,
9,2022,HR_170,G1,,7,,20.687,
9,2022,HR_170,G1,,8,,,
9,2022,HR_080,G1,,2,,,
9,2022,HR_080,G1,,3,,21.142,
9,2022,HR_080,G1,,4,,19.525,
9,2022,HR_080,G1,,5,,21.281,
9,2022,HR_080,G1,,7,,,
9,2022,HR_038,G1,,1,,,
9,2022,HR_038,G1,,2,,,
9,2022,HR_038,G1,,3,,,
9,2022,HR_038,G1,,4,,,
9,2022,HR_038,G1,,5,,,
9,2022,HR_038,G1,,6,,,
9,2022,HR_038,G1,,7,,23.652,
9,2022,HR_038,G1,,8,,23.292,
9,2022,HR_066,G1,,1,,,
9,2022,HR_066,G1,,3,,,
9,2022,HR_066,G1,,4,,,
9,2022,HR_066,G1,,5,,18.906,
9,2022,HR_066,G1,,6,,,
9,2022,HR_066,G1,,8,,26.949,
9,2022,HR_062,G1,,1,,,
9,2022,HR_062,G1,,2,,,
9,2022,HR_062,G1,,3,,,
9,2022,HR_062,G1,,4,,,
9,2022,HR_062,G1,,5,,18.978,
9,2022,HR_062,G1,,6,,,
9,2022,HR_062,G1,,7,,20.512,
9,2022,HR_062,G1,,8,,21.224,
9,2022,HR_129,G1,,1,,22.005,
9,2022,HR_129,G1,,2,,,
9,2022,HR_129,G1,,3,,,
9,2022,HR_129,G1,,4,,,
9,2022,HR_129,G1,,5,,,
9,2022,HR_129,G1,,6,,14.197,
9,2022,HR_129,G1,,7,,19.034,
9,2022,HR_129,G1,,8,,20.915,
9,2022,HR_039,G1,,1,,,
9,2022,HR_039,G1,,2,,21.745,
9,2022,HR_039,G1,,3,,,
9,2022,HR_039,G1,,4,,,
9,2022,HR_039,G1,,5,,,
9,2022,HR_039,G1,,6,,,
9,2022,HR_039,G1,,7,,22.28,
9,2022,HR_039,G1,,8,,,
9,2022,HR_037,G1,,1,,,
9,2022,HR_037,G1,,2,,17.165,
9,2022,HR_037,G1,,3,,,
9,2022,HR_037,G1,,4,,,
9,2022,HR_037,G1,,5,,23.684,
9,2022,HR_037,G1,,6,,21.916,
9,2022,HR_037,G1,,7,,22.8,
9,2022,HR_037,G1,,8,,18.66,
9,2022,HR_107,G1,,1,,19.438,
9,2022,HR_107,G1,,2,,22.042,
9,2022,HR_107,G1,,3,,,
9,2022,HR_107,G1,,4,,20.443,
9,2022,HR_107,G1,,5,,,
9,2022,HR_107,G1,,6,,,
9,2022,HR_107,G1,,7,,,
9,2022,HR_107,G1,,8,,,
9,2022,HR_159,G1,,1,,16.39,
9,2022,HR_159,G1,,2,,25.658,
9,2022,HR_159,G1,,3,,,
9,2022,HR_159,G1,,4,,21.395,
9,2022,HR_159,G1,,5,,22.741,
9,2022,HR_159,G1,,7,,21.376,
9,2022,HR_159,G1,,8,,,
9,2022,HR_195,G1,,1,,23.467,
9,2022,HR_195,G1,,2,,,
9,2022,HR_195,G1,,3,,,
9,2022,HR_195,G1,,5,,,
9,2022,HR_195,G1,,7,,,
9,2022,HR_195,G1,,8,,20.12,
9,2022,HR_036,G1,,1,,,
9,2022,HR_036,G1,,2,,23.919,
9,2022,HR_036,G1,,3,,,
9,2022,HR_036,G1,,4,,,
9,2022,HR_036,G1,,6,,17.371,
9,2022,HR_036,G1,,7,,18.432,
9,2022,HR_036,G1,,8,,17.317,
9,2022,HR_174,G1,,1,,,
9,2022,HR_174,G1,,2,,,
9,2022,HR_174,G1,,3,,,
9,2022,HR_174,G1,,4,,,
9,2022,HR_174,G1,,5,,20.86,
9,2022,HR_174,G1,,6,,24.023,
9,2022,HR_174,G1,,7,,21.748,
9,2022,HR_174,G1,,8,,,
W1,2022,HR_112,G1,,1,,21.346,
W1,2022,HR_080,G1,,3,,19.248,
W1,2022,HR_119,G1,,7,,25.448,
W1,2022,HR_059,G1,,2,,21.017,
W1,2022,HR_071,G1,,1,,22.311,
W1,2022,HR_071,G1,,3,,16.485,
W1,2022,HR_044,G1,,1,,23.325,
W1,2022,HR_044,G1,,2,,21.777,
W1,2022,HR_044,G1,,6,,22.391,
W1,2022,HR_015,G1,,1,,17.039,
W1,2022,HR_015,G1,,5,,21.612,
W1,2022,HR_015,G1,,8,,23.701,
W1,2022,HR_017,G1,,4,,22.855,
W1,2022,HR_017,G1,,8,,17.442,
W1,2022,HR_043,G1,,1,,22.592,
W1,2022,HR_043,G1,,2,,25.83,
W1,2022,HR_043,G1,,7,,22.326,
W1,2022,HR_142,G1,,1,,23.124,
W1,2022,HR_142,G1,,4,,24.506,
W1,2022,HR_142,G1,,6,,21.377,
W1,2022,HR_040,G1,,3,,,
W1,2022,HR_040,G1,,4,,26.247,
W1,2022,HR_040,G1,,5,,22.323,
W1,2022,HR_040,G1,,7,,,
W1,2022,HR_056,G1,,1,,19.14,
W1,2022,HR_056,G1,,3,,22.373,
W1,2022,HR_056,G1,,6,,25.433,
W1,2022,HR_149,G1,,2,,20.521,
W1,2022,HR_149,G1,,7,,22.23,
W1,2022,HR_149,G1,,8,,22.032,
W1,2022,HR_184,G1,,2,,25.719,
W1,2022,HR_184,G1,,4,,25.082,
W1,2022,HR_184,G1,,6,,24.337,
W2,2022,HR_015,G1,,8,,23.397,
W2,2022,HR_180,G1,,2,,20.605,
W2,2022,HR_180,G1,,4,,19.086,
W2,2022,HR_180,G1,,8,,,
W2,2022,HR_056,G1,,8,,20.185,
W2,2022,HR_044,G1,,7,,19.987,
W2,2022,HR_040,G1,,7,,,
W2,2022,HR_017,G1,,1,,26.602,
W2,2022,HR_017,G1,,3,,,
W2,2022,HR_080,G1,,1,,21.295,
W2,2022,HR_080,G1,,2,,21.609,
W2,2022,HR_080,G1,,7,,24.894,
W2,2022,HR_148,G1,,1,,20.149,
W2,2022,HR_148,G1,,3,,21.204,
W2,2022,HR_112,G1,,2,,21.562,
W2,2022,HR_112,G1,,3,,17.245,
W2,2022,HR_112,G1,,5,,22.446,
W2,2022,HR_071,G1,,3,,23.917,
W2,2022,HR_071,G1,,4,,19.516,
W2,2022,HR_071,G1,,8,,23.924,