Year,Gen,Transect,Sequence,Donor,Recipient,Plant_ID,F_plant,SegPos,Sow_Date,Plant_Date,FFD,days_sow2flower,days_plant2flower,LFD,fl_duration,LeafD,FLR_P,F_Num_01,F_Num_02,F_Num_03,skel_weight_mg,Sym,ALL_closed_fruit,ALL_open_fruit,ALL_filled_seeds,total_seeds,total_fruits,mean_seeds_per_fruit,est_fecundity,mean_seed_mass_mg,corolla_diam_mm,photo_date,leaf_area_mm2,leaf_dryweight_mg,SLA,d13C,sample_weight_mg,surv_to_flower,surv_to_fruitprod,prod_closed_fruits,prod_filled_seeds
2023,G1,1,14,BO_039,BO_087,4,TRUE,14L,2022-10-31,2022-11-03,2023-05-05,186,183,2023-05-05,0,NA,2023-05-05,NA,NA,NA,22.55,-,2,9,0,0,11,0,0,NA,NA,NA,NA,NA,NA,-29.26,4.92,1,1,1,0
2023,G1,1,15,BO_153,BO_177,2,TRUE,15R,2022-10-31,2022-11-03,2023-05-17,198,195,2023-05-17,0,NA,2023-05-17,NA,1,NA,NA,-,0,0,0,0,0,NA,0,NA,NA,NA,NA,NA,NA,NA,NA,1,0,0,0
2023,G1,1,17,BO_201,BO_189,4,TRUE,17L,2022-10-31,2022-11-03,2023-05-17,198,195,2023-05-17,0,NA,2023-05-17,NA,NA,NA,NA,-,1,0,4,4,1,4,4,4.8,NA,NA,NA,NA,NA,-27.58,4.26,1,1,1,1
2023,G1,1,18,BO_189,BO_142,3,TRUE,18R,2022-10-31,2022-11-03,2023-05-05,186,183,2023-05-05,0,NA,2023-05-05,NA,NA,NA,NA,-,2,1,0,0,3,0,0,NA,NA,NA,45.093,3.94,11.444923857868021,NA,NA,1,1,1,0
2023,G1,1,19,BO_170,BO_055,4,TRUE,19R,2022-10-31,2022-11-03,2023-05-17,198,195,2023-06-15,29,2023-06-15,NA,NA,NA,NA,29.05,-,2,1,0,0,3,0,0,NA,NA,NA,43.562,2.72,16.015441176470585,-28.43,5.17,1,1,1,0
2023,G2,1,20,BO_033,BO_124,2,TRUE,20R,2022-10-31,2022-11-03,2023-05-05,186,183,2023-05-05,0,NA,2023-05-05,NA,NA,NA,NA,X,0,1,0,0,1,NA,NA,NA,NA,NA,NA,NA,NA,NA,NA,1,1,0,0
2023,G2,1,21,BO_173,BO_091,1,TRUE,21L,2022-10-31,2022-11-03,2023-05-05,186,183,2023-05-05,0,NA,NA,NA,NA,NA,NA,X,0,0,0,0,0,NA,0,NA,NA,NA,NA,NA,NA,NA,NA,1,0,0,0
2023,G1,1,22,BO_029,BO_190,5,TRUE,22R,2022-10-31,2022-11-03,2023-05-05,186,183,2023-05-05,0,NA,2023-05-05,NA,NA,NA,33.18,-,2,0,2,2,2,1,2,6.785,NA,NA,NA,NA,NA,-28.51,4.85,1,1,1,1
2023,G1,1,24,BO_033,BO_099,1,TRUE,24L,2022-10-31,2022-11-03,2023-05-05,186,183,2023-05-05,0,2023-06-15,2023-05-05,NA,NA,NA,6.78,-,1,2,0,3,3,0,0,NA,NA,NA,21.346,1.4,15.247142857142858,-30.67,3.96,1,1,1,0
2023,G1,1,25,BO_170,BO_055,5,TRUE,25L,2022-10-31,2022-11-03,2023-05-05,186,183,2023-05-05,0,NA,2023-05-05,1,NA,NA,4.56,-,5,0,5,7,5,1,5,1.894,NA,NA,NA,NA,NA,-29.09,2.5,1,1,1,1
2023,G1,1,26,BO_194,BO_037,2,TRUE,26R,2022-10-31,2022-11-03,2023-05-05,186,183,2023-05-05,0,NA,2023-05-05,1,NA,NA,NA,-,0,1,0,0,1,NA,NA,NA,NA,NA,NA,NA,NA,-32.09,2.04,1,1,0,0
2023,G1,1,27,BO_177,BO_139,4,TRUE,27R,2022-10-31,2022-11-03,2023-05-05,186,183,2023-05-05,0,NA,2023-05-05,2,NA,NA,NA,-,2,0,1,2,2,0.5,1,4.74,NA,NA,15.721,0.95,16.54842105263158,-30.62,3.2,1,1,1,1
2023,G2,1,28,BO_033,BO_124,5,TRUE,28R,2022-10-31,2022-11-03,2023-05-17,198,195,2023-05-17,0,NA,NA,NA,NA,NA,NA,X,1,0,0,0,1,0,0,NA,NA,NA,NA,NA,NA,-31.01,1.56,1,1,1,0
2023,G1,1,28,BO_163,BO_144,1,TRUE,28L,2022-10-31,2022-11-03,2023-05-05,186,183,2023-05-05,0,NA,2023-05-05,1,NA,NA,NA,-,0,1,0,0,1,NA,NA,NA,NA,NA,NA,NA,NA,NA,NA,1,1,0,0
2023,G1,1,30,BO_162,BO_089,1,TRUE,30L,2022-10-31,2022-11-03,2023-04-21,172,169,2023-05-05,14,NA,2023-04-21,6,NA,NA,55.84,-,8,10,25,36,18,3.125,56.25,4.004673913,NA,NA,NA,NA,NA,-29.46,5.23,1,1,1,1
2023,G1,1,33,BO_001,BO_151,3,TRUE,33L,2022-10-31,2022-11-03,2023-05-05,186,183,2023-05-05,0,NA,2023-05-05,2,NA,NA,33.43,-,5,6,8,13,11,1.6,17.6,3.187857143,NA,NA,NA,NA,NA,-29.39,5.29,1,1,1,1
2023,G1,1,35,BO_128,BO_060,1,TRUE,35L,2022-10-31,2022-11-03,2023-05-05,186,183,2023-05-05,0,NA,2023-05-05,2,NA,NA,NA,-,0,0,0,0,0,NA,0,NA,NA,NA,NA,NA,NA,NA,NA,1,0,0,0
2023,G1,1,37,BO_194,BO_125,5,TRUE,37L,2022-10-31,2022-11-03,2023-05-05,186,183,2023-05-17,12,NA,2023-05-05,1,1,NA,20.6,-,0,3,0,0,3,NA,NA,NA,NA,NA,NA,NA,NA,-29.91,4.03,1,1,0,0
2023,G1,1,39,BO_088,BO_140,5,TRUE,39R,2022-10-31,2022-11-03,2023-05-17,198,195,2023-05-17,0,NA,NA,NA,NA,NA,NA,-,1,0,5,5,1,5,5,3.208,NA,NA,NA,NA,NA,NA,NA,1,1,1,1
2023,G1,2,41,BO_168,BO_175,1,TRUE,1L,2022-10-31,2022-11-03,2023-05-17,198,195,2023-06-15,29,NA,2023-05-17,NA,NA,2,53.9,-,2,1,2,3,3,1,3,7.855,NA,NA,NA,NA,NA,-27.89,4.01,1,1,1,1
2023,G2,2,47,BO_109,BO_095,5,TRUE,7L,2022-10-31,2022-11-03,2023-05-17,198,195,2023-05-17,0,NA,2023-05-17,NA,NA,NA,NA,X,3,0,1,4,3,0.3333333333,1,2.36,NA,NA,NA,NA,NA,-27.11,2.67,1,1,1,1
2023,G1,2,48,BO_040,BO_067,1,TRUE,8R,2022-10-31,2022-11-03,2023-05-05,186,183,2023-05-05,0,NA,NA,NA,NA,NA,NA,-,0,0,0,0,0,NA,0,NA,NA,NA,NA,NA,NA,NA,NA,1,0,0,0
2023,G2,2,48,BO_058,BO_094,2,TRUE,8L,2022-10-31,2022-11-03,2023-05-17,198,195,2023-06-01,15,NA,2023-05-17,NA,NA,NA,NA,X,2,1,1,3,3,0.5,1.5,7.22,NA,NA,NA,NA,NA,-28.69,4.12,1,1,1,1
2023,G1,2,49,BO_040,BO_067,1,TRUE,9L,2022-10-31,2022-11-03,2023-05-17,198,195,2023-06-01,15,NA,NA,NA,NA,NA,19.02,-,4,0,12,12,4,3,12,2.626666667,NA,NA,NA,NA,NA,-28.74,2.42,1,1,1,1
2023,G2,2,50,BO_069,BO_201,4,TRUE,10R,2022-10-31,2022-11-03,2023-05-05,186,183,2023-05-05,0,NA,NA,NA,NA,NA,2.04,X,0,0,0,0,0,NA,0,NA,NA,NA,NA,NA,NA,-29.54,1.94,1,0,0,0
2023,G1,2,51,BO_033,BO_143,2,TRUE,11R,2022-10-31,2022-11-03,2023-04-21,172,169,2023-05-05,14,NA,2023-04-21,1,NA,NA,3.31,-,0,3,0,0,3,NA,NA,NA,NA,NA,NA,NA,NA,-31.03,1.81,1,1,0,0
2023,G1,2,52,BO_058,BO_081,3,TRUE,12R,2022-10-31,2022-11-03,2023-04-21,172,169,2023-04-21,0,NA,2023-04-21,NA,NA,NA,NA,-,0,1,0,0,1,NA,NA,NA,NA,NA,15.862,0.76,20.871052631578948,NA,NA,1,1,0,0
2023,G1,2,54,BO_032,BO_096,5,TRUE,14L,2022-10-31,2022-11-03,2023-05-05,186,183,2023-05-05,0,NA,NA,1,NA,NA,3.39,-,1,0,1,1,1,1,1,6.09,NA,NA,32.519,2.09,15.55933014354067,-30.45,1.93,1,1,1,1
2023,G1,2,55,BO_058,BO_081,5,TRUE,15R,2022-10-31,2022-11-03,2023-04-21,172,169,2023-05-05,14,NA,2023-04-21,3,NA,NA,12.87,-,2,1,2,7,3,1,3,1.565,NA,NA,NA,NA,NA,-29.32,2.9,1,1,1,1
2023,G1,2,55,BO_106,BO_104,2,TRUE,15L,2022-10-31,2022-11-03,2023-05-05,186,183,2023-05-05,0,NA,2023-05-05,1,NA,NA,NA,-,3,0,0,0,3,0,0,NA,NA,NA,NA,NA,NA,-31.13,4.95,1,1,1,0
2023,G1,2,56,BO_130,BO_174,4,TRUE,16R,2022-10-31,2022-11-03,2023-05-05,186,183,2023-05-05,0,NA,NA,1,NA,NA,NA,-,1,1,3,3,2,3,6,1.91,NA,NA,NA,NA,NA,-31.81,2.12,1,1,1,1
2023,G1,2,58,BO_163,BO_144,4,TRUE,18R,2022-10-31,2022-11-03,2023-05-05,186,183,2023-06-15,41,NA,2023-05-05,1,NA,0,NA,-,5,0,16,16,5,3.2,16,3.95125,NA,NA,NA,NA,NA,-29.16,3.67,1,1,1,1
2023,G1,2,60,BO_069,BO_043,1,TRUE,20L,2022-10-31,2022-11-03,2023-04-21,172,169,2023-05-05,14,NA,2023-04-21,0,NA,NA,7.38,-,3,0,0,2,3,0,0,NA,NA,NA,NA,NA,NA,-27.58,2.5,1,1,1,0
2023,G2,2,60,BO_128,BO_060,5,TRUE,20R,2022-10-31,2022-11-03,2023-04-21,172,169,2023-05-05,14,NA,2023-04-21,5,NA,NA,40.32,X,11,1,23,31,12,2.090909091,25.09090909,3.815708333,NA,NA,NA,NA,NA,-28.85,3.57,1,1,1,1
2023,G1,2,61,BO_038,BO_137,5,TRUE,21L,2022-10-31,2022-11-03,2023-04-21,172,169,2023-05-05,14,NA,2023-04-21,0,NA,NA,NA,-,1,2,2,2,3,2,6,7.105,NA,NA,NA,NA,NA,-28.81,2.25,1,1,1,1
2023,G2,2,62,BO_199,BO_015,1,TRUE,22L,2022-10-31,2022-11-03,2023-05-05,186,183,2023-05-05,0,NA,2023-05-05,3,NA,NA,11.43,X,3,3,14,19,6,4.666666667,28,1.641212121,NA,NA,NA,NA,NA,-29.08,2.04,1,1,1,1
2023,G1,2,64,BO_183,BO_063,5,TRUE,24R,2022-10-31,2022-11-03,2023-05-05,186,183,2023-05-17,12,NA,2023-05-05,1,NA,NA,NA,-,5,0,26,32,5,5.2,26,2.42425,NA,NA,NA,NA,NA,-27.49,2.9,1,1,1,1
2023,G1,2,66,BO_128,BO_044,1,TRUE,26L,2022-10-31,2022-11-03,2023-05-17,198,195,2023-06-01,15,NA,2023-05-17,NA,13,4,173.75,-,14,11,23,23,25,1.642857143,41.07142857,5.139078947,NA,NA,NA,NA,NA,-25.96,3.02,1,1,1,1
2023,G1,2,69,BO_187,BO_031,1,TRUE,29L,2022-10-31,2022-11-03,2023-04-21,172,169,2023-05-17,26,NA,2023-04-21,1,1,NA,NA,-,4,1,20,27,5,5,25,2.638666667,NA,NA,NA,NA,NA,NA,NA,1,1,1,1
2023,G1,2,71,BO_187,BO_031,2,TRUE,31L,2022-10-31,2022-11-03,NA,NA,NA,NA,NA,NA,NA,NA,NA,NA,NA,-,0,1,0,0,1,NA,NA,NA,NA,NA,NA,NA,NA,-25.69,2.99,0,1,0,0
2023,G2,2,71,BO_088,BO_169,1,TRUE,31R,2022-10-31,2022-11-03,2023-05-17,198,195,2023-05-17,0,NA,2023-05-17,NA,2,NA,12.2,X,0,0,0,0,0,NA,0,NA,NA,NA,NA,NA,NA,-28.74,2.63,1,0,0,0
2023,G1,3,73,BO_199,BO_015,4,TRUE,2R,2022-10-31,2022-11-03,2023-05-05,186,183,2023-05-17,12,NA,2023-05-05,1,2,NA,22.34,-,0,0,0,0,0,NA,0,NA,NA,NA,NA,NA,NA,-30.39,5.21,1,0,0,0
2023,G1,3,75,BO_130,BO_174,2,TRUE,4R,2022-10-31,2022-11-03,2023-05-05,186,183,2023-05-05,0,NA,NA,NA,NA,NA,10.4,-,0,2,0,0,2,NA,NA,NA,NA,NA,NA,NA,NA,-31.43,2.34,1,1,0,0
2023,G1,3,76,BO_189,BO_086,5,TRUE,5R,2022-10-31,2022-11-03,2023-05-05,186,183,2023-05-17,12,NA,2023-05-05,1,4,NA,25.15,-,1,0,1,1,1,1,1,4.46,NA,NA,18.553,1.47,12.621088435374151,-30.76,5.21,1,1,1,1
2023,G1,3,76,BO_153,BO_177,5,TRUE,5L,2022-10-31,2022-11-03,2023-04-21,172,169,2023-05-17,26,NA,2023-04-21,1,1,NA,7.7,-,0,1,0,0,1,NA,NA,NA,NA,NA,NA,NA,NA,-30.27,1.26,1,1,0,0
2023,G1,3,77,BO_170,BO_111,4,TRUE,6R,2022-10-31,2022-11-03,2023-05-05,186,183,2023-05-05,0,NA,2023-05-05,2,NA,NA,71.88,-,5,0,6,7,5,1.2,6,3.001666667,NA,NA,NA,NA,NA,-28.94,3.79,1,1,1,1
2023,G2,3,83,BO_163,BO_072,3,TRUE,12L,2022-10-31,2022-11-03,2023-05-17,198,195,2023-05-17,0,NA,2023-05-17,NA,NA,NA,10.49,X,0,4,0,0,4,NA,NA,NA,NA,NA,NA,NA,NA,-29.25,2.89,1,1,0,0
2023,G1,3,85,BO_170,BO_045,4,TRUE,14R,2022-10-31,2022-11-03,NA,NA,NA,NA,NA,NA,NA,NA,NA,NA,23.6,-,3,1,8,9,4,2.666666667,10.66666667,3.11875,NA,NA,NA,NA,NA,-30.78,4.79,0,1,1,1
2023,G1,3,85,BO_168,BO_180,4,TRUE,14L,2022-10-31,2022-11-03,2023-05-05,186,183,2023-05-05,0,NA,2023-05-05,3,NA,NA,22.16,-,0,7,0,0,7,NA,NA,NA,NA,NA,NA,NA,NA,-30.03,4.06,1,1,0,0
2023,G2,3,86,BO_188,BO_154,3,TRUE,15L,2022-10-31,2022-11-03,2023-05-05,186,183,2023-05-17,12,NA,NA,1,1,NA,6.74,X,1,1,1,1,2,1,2,6.27,NA,NA,NA,NA,NA,-28.39,2.43,1,1,1,1
2023,G2,3,87,BO_069,BO_201,4,TRUE,16L,2022-10-31,2022-11-03,2023-05-05,186,183,2023-05-17,12,NA,2023-05-05,3,2,NA,NA,X,0,1,0,0,1,NA,NA,NA,NA,NA,NA,NA,NA,NA,NA,1,1,0,0
2023,G1,4,106,BO_109,BO_095,5,TRUE,9L,2022-10-31,2022-11-03,2023-05-05,186,183,2023-05-05,0,2023-06-15,2023-05-05,1,NA,NA,NA,-,0,0,0,0,0,NA,0,NA,NA,NA,36.892,2.86,12.899300699300701,-30.49,4.31,1,0,0,0
2023,G1,4,107,BO_168,BO_180,5,TRUE,10L,2022-10-31,2022-11-03,2023-05-05,186,183,2023-05-05,0,NA,2023-05-05,1,NA,NA,NA,-,2,0,3,4,2,1.5,3,3.993333333,NA,NA,NA,NA,NA,-30.13,2.12,1,1,1,1
2023,G1,4,116,BO_194,BO_125,3,TRUE,19L,2022-10-31,2022-11-03,2023-05-05,186,183,2023-05-17,12,NA,2023-05-05,1,NA,NA,NA,-,1,1,1,2,2,1,2,4.4,NA,NA,NA,NA,NA,-31.09,3.04,1,1,1,1
2023,G1,4,124,BO_201,BO_199,1,TRUE,27L,2022-10-31,2022-11-03,2023-05-17,198,195,2023-06-01,15,NA,2023-05-17,NA,NA,1,35.57,-,5,1,12,22,6,2.4,14.4,3.674166667,NA,NA,NA,NA,NA,-28.98,3.84,1,1,1,1
2023,G1,5,126,BO_189,BO_126,5,TRUE,2L,2022-10-31,2022-11-03,2023-05-05,186,183,2023-06-01,27,NA,2023-05-05,1,NA,0,NA,-,3,2,13,13,5,4.333333333,21.66666667,2.31625,NA,NA,NA,NA,NA,-29.68,3.18,1,1,1,1
2023,G2,5,127,BO_088,BO_050,1,TRUE,3L,2022-10-31,2022-11-03,2023-05-05,186,183,2023-05-05,0,NA,2023-05-05,2,NA,NA,NA,X,6,0,3,12,6,0.5,3,4.65,NA,NA,53.435,4.65,11.491397849462365,-30.83,3.91,1,1,1,1
2023,G1,5,128,BO_198,BO_159,3,TRUE,4R,2022-10-31,2022-11-03,2023-04-21,172,169,2023-04-21,0,NA,2023-04-21,0,NA,NA,4.25,-,1,0,3,5,1,3,3,1.273333333,NA,NA,39.524,2.12,18.643396226415092,-29.36,0.86,1,1,1,1
2023,G2,5,129,BO_188,BO_052,5,TRUE,5R,2022-10-31,2022-11-03,2023-05-05,186,183,2023-05-05,0,NA,2023-05-05,2,NA,NA,74.5,X,5,1,8,18,6,1.6,9.6,2.731872601,NA,NA,28.376,2.03,13.978325123152711,-30.57,2.88,1,1,1,1
2023,G2,5,130,BO_188,BO_008,5,TRUE,6R,2022-10-31,2022-11-03,2023-05-05,186,183,2023-05-05,0,NA,2023-05-05,NA,NA,NA,1.07,X,0,0,0,0,0,NA,0,NA,NA,NA,NA,NA,NA,NA,NA,1,0,0,0
2023,G2,5,130,BO_199,BO_069,4,TRUE,6L,2022-10-31,2022-11-03,2023-05-17,198,195,2023-06-01,15,NA,NA,NA,1,0,13.23,X,1,2,4,5,3,4,12,2.7625,NA,NA,NA,NA,NA,-29.83,3.1,1,1,1,1
2023,G2,5,131,BO_001,BO_025,3,TRUE,7R,2022-10-31,2022-11-03,2023-05-05,186,183,2023-05-05,0,NA,2023-05-05,1,NA,NA,8.4,X,1,1,3,3,2,3,6,3.663333333,NA,NA,57.185,4.79,11.938413361169102,-30.36,1.49,1,1,1,1
2023,G1,5,132,BO_143,BO_004,3,TRUE,8L,2022-10-31,2022-11-03,2023-04-21,172,169,2023-04-21,0,NA,NA,NA,NA,NA,12.15,-,1,0,4,4,1,4,4,3.3675,NA,NA,27.377,2.01,13.62039800995025,-29.14,3.22,1,1,1,1
2023,G1,5,132,BO_119,BO_013,1,TRUE,8R,2022-10-31,2022-11-03,2023-05-05,186,183,2023-05-05,0,NA,2023-05-05,NA,NA,NA,7.15,-,1,0,2,2,1,2,2,4.015,NA,NA,18.634,1.15,16.203478260869566,-30.62,3.07,1,1,1,1
2023,G2,5,133,BO_194,BO_037,1,TRUE,9R,2022-10-31,2022-11-03,2023-04-21,172,169,2023-04-21,0,NA,2023-04-21,NA,NA,NA,4.32,X,1,0,0,0,1,0,0,NA,NA,NA,NA,NA,NA,NA,NA,1,1,1,0
2023,G1,5,133,BO_033,BO_124,1,TRUE,9L,2022-10-31,2022-11-03,2023-04-21,172,169,2023-04-21,0,NA,2023-04-21,NA,NA,NA,5.06,-,2,0,1,2,2,0.5,1,2.8,NA,NA,31.688,NA,NA,-30.56,2.15,1,1,1,1
2023,G1,5,136,BO_070,BO_184,5,TRUE,12L,2022-10-31,2022-11-03,2023-05-05,186,183,2023-05-05,0,NA,NA,NA,NA,NA,3.1,-,1,0,2,2,1,2,2,2.17,NA,NA,NA,NA,NA,NA,NA,1,1,1,1
2023,G2,5,137,BO_058,BO_094,3,TRUE,13L,2022-10-31,2022-11-03,2023-05-05,186,183,2023-05-05,0,NA,NA,NA,NA,NA,NA,X,0,0,0,0,0,NA,0,2.2975,NA,NA,NA,NA,NA,-29.54,2.69,1,0,0,0
2023,G1,5,138,BO_058,BO_094,3,TRUE,14L,2022-10-31,2022-11-03,2023-04-21,172,169,2023-04-21,0,NA,NA,NA,NA,NA,32,-,2,0,4,6,2,2,4,2.3,NA,NA,NA,NA,NA,NA,NA,1,1,1,1
2023,G1,5,140,BO_065,BO_078,5,TRUE,16R,2022-10-31,2022-11-03,2023-04-21,172,169,2023-04-21,0,NA,2023-04-21,NA,NA,NA,4.95,-,3,1,15,15,4,5,20,3.830416667,NA,NA,NA,NA,NA,-30.74,2.96,1,1,1,1
2023,G1,5,140,BO_088,BO_169,3,TRUE,16L,2022-10-31,2022-11-03,2023-06-01,213,210,2023-06-01,0,NA,2023-06-01,NA,NA,1,NA,-,0,0,0,0,0,NA,0,NA,NA,NA,NA,NA,NA,NA,NA,1,0,0,0
2023,G2,5,142,BO_189,BO_086,5,TRUE,18R,2022-10-31,2022-11-03,2023-05-05,186,183,2023-06-01,27,NA,2023-05-17,NA,3,0,NA,X,0,1,0,0,1,NA,NA,NA,NA,NA,NA,NA,NA,-30.69,3.16,1,1,0,0
2023,G1,5,142,BO_143,BO_152,2,TRUE,18L,2022-10-31,2022-11-03,2023-05-05,186,183,2023-06-01,27,NA,2023-05-05,3,6,0,51.84,-,5,11,11,11,16,2.2,35.2,3.928611111,NA,NA,NA,NA,NA,-31.85,4.59,1,1,1,1
2023,G1,5,144,BO_033,BO_124,2,TRUE,20L,2022-10-31,2022-11-03,2023-04-21,172,169,2023-05-17,26,NA,2023-04-21,3,2,NA,87.89,-,13,0,54,60,13,4.153846154,54,3.293882759,NA,NA,32.328,2.46,13.141463414634147,-28.57,5.53,1,1,1,1
2023,G1,5,146,BO_005,BO_019,3,TRUE,22L,2022-10-31,2022-11-03,2023-05-05,186,183,2023-05-05,0,NA,2023-06-01,NA,NA,2,NA,-,3,0,2,2,3,0.6666666667,2,8.815,NA,NA,NA,NA,NA,-28.4,3.71,1,1,1,1
2023,G1,5,147,BO_153,BO_177,5,TRUE,23L,2022-10-31,2022-11-03,2023-04-21,172,169,2023-05-17,26,NA,NA,NA,NA,NA,NA,-,0,1,0,0,1,NA,NA,NA,NA,NA,NA,NA,NA,NA,NA,1,1,0,0
2023,G1,5,149,BO_187,BO_031,5,TRUE,25L,2022-10-31,2022-11-03,2023-05-05,186,183,2023-05-05,0,NA,NA,NA,NA,NA,NA,-,1,0,0,3,1,0,0,NA,NA,NA,35.178,2.39,14.718828451882843,NA,NA,1,1,1,0
2023,G1,5,153,BO_109,BO_001,5,TRUE,29L,2022-10-31,2022-11-03,2023-05-05,186,183,2023-05-05,0,NA,2023-05-05,NA,NA,NA,NA,-,2,0,3,9,2,1.5,3,1.62,NA,NA,NA,NA,NA,NA,NA,1,1,1,1
2023,G2,5,156,BO_162,BO_108,5,TRUE,32R,2022-10-31,2022-11-03,2023-05-05,186,183,2023-05-05,0,NA,NA,NA,NA,NA,2.09,X,1,0,2,2,1,2,2,1.305,NA,NA,NA,NA,NA,NA,NA,1,1,1,1
2023,G2,5,158,BO_194,BO_125,2,TRUE,34L,2022-10-31,2022-11-03,2023-05-05,186,183,2023-05-05,0,NA,2023-05-05,3,NA,NA,NA,X,1,0,4,4,1,4,4,3.635,NA,NA,NA,NA,NA,NA,NA,1,1,1,1
2023,G2,5,158,BO_022,BO_146,3,TRUE,34R,2022-10-31,2022-11-03,2023-04-21,172,169,2023-05-05,14,NA,2023-05-05,1,NA,NA,NA,X,3,0,7,13,3,2.333333333,7,2.657083333,NA,NA,NA,NA,NA,NA,NA,1,1,1,1
2023,G2,6,168,BO_187,BO_031,3,TRUE,22R,2022-10-31,2022-11-03,2023-04-21,172,169,2023-05-05,14,NA,2023-04-21,1,NA,NA,NA,X,3,3,5,12,6,1.666666667,10,1.998,NA,NA,NA,NA,NA,-30.3,1.3,1,1,1,1
2023,G2,6,168,BO_188,BO_052,5,TRUE,22L,2022-10-31,2022-11-03,2023-05-05,186,183,2023-05-05,0,NA,NA,NA,NA,NA,23.19,X,5,0,7,14,5,1.4,7,2.742857143,NA,NA,NA,NA,NA,-28.52,4.35,1,1,1,1
2023,G1,6,169,BO_149,BO_185,3,TRUE,1R,2022-10-31,2022-11-03,2023-05-05,186,183,2023-05-17,12,NA,2023-05-05,4,2,NA,86.68,-,10,0,20,20,10,2,20,5.213137255,NA,NA,NA,NA,NA,-30.08,2.35,1,1,1,1
2023,G1,6,170,BO_151,BO_056,5,TRUE,2L,2022-10-31,2022-11-03,2023-05-05,186,183,2023-05-17,12,NA,NA,1,NA,NA,5.37,-,1,0,2,2,1,2,2,2.94,NA,NA,49.324,3.05,16.171803278688525,-31.67,2.49,1,1,1,1
2023,G2,6,170,BO_040,BO_067,1,TRUE,2R,2022-10-31,2022-11-03,2023-05-05,186,183,2023-05-17,12,NA,2023-05-05,2,2,NA,21.3,X,5,0,8,9,5,1.6,8,3.9825,NA,NA,NA,NA,NA,-30.23,1.77,1,1,1,1
2023,G1,6,171,BO_153,BO_022,1,TRUE,3L,2022-10-31,2022-11-03,2023-05-05,186,183,2023-06-01,27,NA,2023-05-05,NA,1,1,15.87,-,3,1,2,9,4,0.6666666667,2.666666667,4.205,NA,NA,24.019,1.49,16.12013422818792,-31.67,5.16,1,1,1,1
2023,G1,6,171,BO_162,BO_089,5,TRUE,3R,2022-10-31,2022-11-03,2023-04-21,172,169,2023-06-01,41,NA,NA,0,NA,0,12.11,-,1,3,3,3,4,3,12,4.913333333,NA,NA,56.661,3.76,15.069414893617022,-30.99,3.19,1,1,1,1
2023,G1,6,172,BO_198,BO_158,1,TRUE,4L,2022-10-31,2022-11-03,2023-05-05,186,183,2023-06-15,41,NA,2023-05-17,NA,1,1(6/15),17.61,-,2,0,5,5,2,2.5,5,4.81,NA,NA,33.308,2.47,13.48502024291498,-27.84,4.77,1,1,1,1
2023,G1,6,172,BO_101,BO_182,5,TRUE,4R,2022-10-31,2022-11-03,2023-05-17,198,195,2023-05-17,0,NA,2023-05-17,NA,2,NA,9.98,-,2,0,1,3,2,0.5,1,1.84,NA,NA,18.282,1.14,16.03684210526316,-28.94,1.44,1,1,1,1
2023,G1,6,173,BO_106,BO_131,3,TRUE,5L,2022-10-31,2022-11-03,2023-04-21,172,169,2023-05-05,14,NA,NA,NA,NA,NA,NA,-,0,0,0,0,0,NA,0,NA,NA,NA,NA,NA,NA,-30.26,0.92,1,0,0,0
2023,G2,6,175,BO_106,BO_191,1,TRUE,7L,2022-10-31,2022-11-03,2023-05-05,186,183,2023-05-05,0,NA,2023-05-05,1,NA,NA,1.59,X,1,0,0,0,1,0,0,NA,NA,NA,NA,NA,NA,NA,NA,1,1,1,0
2023,G2,6,176,BO_163,BO_072,1,TRUE,8L,2022-10-31,2022-11-03,2023-04-21,172,169,2023-06-01,41,NA,2023-04-21,0,NA,0,4.24,X,2,0,3,3,2,1.5,3,1.876666667,NA,NA,NA,NA,NA,-28.16,0.97,1,1,1,1
2023,G1,6,176,BO_177,BO_121,2,TRUE,8R,2022-10-31,2022-11-03,2023-04-21,172,169,2023-05-17,26,NA,2023-04-21,NA,2,NA,140.1,-,17,3,104,117,20,6.117647059,122.3529412,2.553777778,NA,NA,NA,NA,NA,-30.82,4.39,1,1,1,1
2023,G1,6,177,BO_039,BO_087,4,TRUE,9R,2022-10-31,2022-11-03,2023-04-21,172,169,2023-04-21,0,NA,2023-04-21,NA,NA,NA,7.41,-,0,0,0,0,0,NA,0,NA,NA,NA,34.888,2.73,12.779487179487178,-28.58,2.53,1,0,0,0
2023,G1,6,177,BO_192,BO_166,1,TRUE,9L,2022-10-31,2022-11-03,2023-05-05,186,183,2023-05-05,0,NA,NA,NA,NA,NA,6.33,-,2,0,8,8,2,4,8,3.010333333,NA,NA,93.084,5.83,15.966380789022299,-29.01,2.09,1,1,1,1
2023,G2,6,179,BO_109,BO_001,3,TRUE,11R,2022-10-31,2022-11-03,2023-05-05,186,183,2023-05-05,0,NA,2023-05-05,NA,NA,NA,NA,X,1,1,8,8,2,8,16,2.41375,NA,NA,NA,NA,NA,-29.72,1.81,1,1,1,1
2023,G2,6,179,BO_199,BO_015,2,TRUE,11L,2022-10-31,2022-11-03,2023-04-21,172,169,2023-04-21,0,2023-05-17,NA,NA,NA,NA,NA,X,2,0,11,13,2,5.5,11,2.096363636,NA,NA,38.62,2.23,17.318385650224215,NA,NA,1,1,1,1
2023,G1,6,180,BO_069,BO_145,2,TRUE,12L,2022-10-31,2022-11-03,2023-06-01,213,210,2023-06-01,0,NA,NA,NA,NA,1,16.26,-,0,1,0,0,1,NA,NA,NA,NA,NA,30.13,2.64,11.412878787878787,-29.3,3.42,1,1,0,0
2023,G1,6,180,BO_198,BO_158,4,TRUE,12R,2022-10-31,2022-11-03,2023-05-17,198,195,2023-05-17,0,NA,NA,NA,NA,NA,5.65,-,1,1,1,2,2,1,2,3.79,NA,NA,NA,NA,NA,-30.73,2.14,1,1,1,1
2023,G2,6,181,BO_128,BO_060,3,TRUE,13R,2022-10-31,2022-11-03,2023-04-21,172,169,2023-04-21,0,NA,NA,NA,NA,NA,4.87,X,2,0,0,2,2,0,0,NA,NA,NA,NA,NA,NA,-30.11,1.09,1,1,1,0
2023,G1,6,181,BO_201,BO_199,1,TRUE,13L,2022-10-31,2022-11-03,2023-04-21,172,169,2023-05-05,14,NA,2023-04-21,NA,NA,NA,75.38,-,10,0,27,29,10,2.7,27,6.139444444,NA,NA,37.45,3.64,10.288461538461538,-28.74,3.43,1,1,1,1
2023,G2,6,182,BO_201,BO_130,4,TRUE,14R,2022-10-31,2022-11-03,2023-05-17,198,195,2023-05-17,0,NA,2023-05-17,NA,1,NA,NA,X,2,0,2,3,2,1,2,4.765,NA,NA,27.449,2.84,9.665140845070423,NA,NA,1,1,1,1
2023,G1,6,184,BO_074,BO_027,3,TRUE,16L,2022-10-31,2022-11-03,2023-05-05,186,183,2023-05-05,0,NA,2023-05-05,2,NA,NA,54.23,-,8,0,24,42,8,3,24,2.315333333,NA,NA,49.449,4.34,11.393778801843318,-29.59,5.15,1,1,1,1
2023,G1,6,185,BO_069,BO_201,1,TRUE,17L,2022-10-31,2022-11-03,2023-04-21,172,169,2023-05-17,26,NA,2023-05-17,1,1,NA,NA,-,5,1,8,8,6,1.6,9.6,5.37375,NA,NA,40.279,3.67,10.975204359673025,NA,NA,1,1,1,1
2023,G1,6,186,BO_001,BO_048,3,TRUE,18R,2022-10-31,2022-11-03,2023-05-05,186,183,2023-05-17,12,NA,2023-05-05,1,2,NA,NA,-,11,4,37,47,15,3.363636364,50.45454545,3.262759259,NA,NA,19.916,1.62,12.293827160493827,-28.74,4.44,1,1,1,1
2023,G2,6,187,BO_001,BO_048,3,TRUE,19R,2022-10-31,2022-11-03,2023-04-21,172,169,2023-04-21,0,NA,2023-04-21,NA,NA,NA,0.89,X,0,0,0,0,0,NA,0,NA,NA,NA,NA,NA,NA,NA,NA,1,0,0,0
2023,G1,6,187,BO_199,BO_069,1,TRUE,19L,2022-10-31,2022-11-03,2023-04-21,172,169,2023-05-05,14,NA,2023-05-05,NA,NA,NA,NA,-,3,2,9,11,5,3,15,1.753333333,NA,NA,30.59,2.4,12.745833333333334,NA,NA,1,1,1,1
2023,G1,6,188,BO_185,BO_071,4,TRUE,20R,2022-10-31,2022-11-03,2023-05-17,198,195,2023-05-17,0,NA,2023-05-17,NA,1,NA,6.41,-,0,0,0,0,0,NA,0,NA,NA,NA,NA,NA,NA,-28.91,1.59,1,0,0,0
2023,G1,6,188,BO_073,BO_117,4,TRUE,20L,2022-10-31,2022-11-03,2023-04-21,172,169,2023-04-21,0,NA,NA,NA,NA,NA,5.78,-,0,2,0,0,2,NA,NA,NA,NA,NA,NA,NA,NA,-28.6,1.34,1,1,0,0
2023,G2,6,189,BO_163,BO_034,5,TRUE,21L,2022-10-31,2022-11-03,2023-04-21,172,169,2023-05-05,14,NA,2023-04-21,NA,NA,NA,2.23,X,0,1,0,0,1,NA,NA,NA,NA,NA,NA,NA,NA,NA,NA,1,1,0,0
2023,G1,6,190,BO_088,BO_140,3,TRUE,23R,2022-10-31,2022-11-03,2023-04-21,172,169,2023-04-21,0,NA,2023-04-21,NA,NA,NA,8.59,-,2,0,10,11,2,5,10,2.023,NA,NA,38.059,2.84,13.40105633802817,-30.29,2.07,1,1,1,1
2023,G2,6,192,BO_199,BO_018,2,TRUE,25L,2022-10-31,2022-11-03,2023-05-17,198,195,2023-05-17,0,NA,NA,NA,NA,NA,8.99,X,2,0,0,3,2,0,0,NA,NA,NA,NA,NA,NA,-30.69,2.05,1,1,1,0
2023,G2,6,192,BO_192,BO_021,5,TRUE,25R,2022-10-31,2022-11-03,2023-04-21,172,169,2023-05-05,14,NA,2023-04-21,2,NA,NA,32.97,X,8,4,22,26,12,2.75,33,3.111857143,NA,NA,88.732,6.74,13.164985163204747,-29.04,1.57,1,1,1,1
2023,G2,6,193,BO_029,BO_190,1,TRUE,26L,2022-10-31,2022-11-03,2023-05-05,186,183,2023-05-05,0,NA,NA,NA,NA,NA,NA,X,0,2,0,0,2,NA,NA,NA,NA,NA,NA,NA,NA,NA,NA,1,1,0,0
2023,G1,6,194,BO_040,BO_029,5,TRUE,27R,2022-10-31,2022-11-03,2023-05-17,198,195,2023-05-17,0,NA,NA,NA,NA,NA,NA,-,0,0,0,0,0,NA,0,NA,NA,NA,22.742,1.76,12.92159090909091,NA,NA,1,0,0,0
2023,G1,6,194,BO_130,BO_120,4,TRUE,27L,2022-10-31,2022-11-03,2023-04-21,172,169,2023-05-05,14,NA,2023-04-21,NA,NA,NA,3,-,2,0,2,5,2,1,2,2.35,NA,NA,39.22,2.1,18.676190476190474,NA,NA,1,1,1,1
2023,G2,6,196,BO_189,BO_086,2,TRUE,29R,2022-10-31,2022-11-03,2023-05-05,186,183,2023-05-05,0,NA,NA,NA,NA,NA,5.88,X,1,0,2,2,1,2,2,1.455,NA,NA,NA,NA,NA,-29.92,1.75,1,1,1,1
2023,G1,6,197,BO_005,BO_019,5,TRUE,30L,2022-10-31,2022-11-03,2023-04-21,172,169,2023-04-21,0,NA,2023-04-21,NA,NA,NA,4.21,-,0,0,0,0,0,NA,0,NA,NA,NA,15.692,1.44,10.897222222222222,NA,NA,1,0,0,0
2023,G2,6,198,BO_033,BO_099,1,TRUE,31R,2022-10-31,2022-11-03,2023-04-21,172,169,2023-05-17,26,NA,2023-05-17,NA,1,NA,8.89,X,0,0,0,0,0,NA,0,NA,NA,NA,23.137,2.04,11.341666666666667,-29.32,3.36,1,0,0,0
2023,G1,6,198,BO_130,BO_161,5,TRUE,31L,2022-10-31,2022-11-03,2023-04-21,172,169,2023-04-21,0,NA,2023-04-21,NA,NA,NA,39.06,-,3,0,20,20,3,6.666666667,20,4.4234375,NA,NA,11.93,1.07,11.149532710280372,-29.55,5.31,1,1,1,1
2023,G2,7,199,BO_065,BO_115,5,TRUE,1L,2022-10-31,2022-11-03,2023-04-21,172,169,2023-05-17,26,NA,2023-04-21,2,2,NA,39.59,X,5,1,30,32,6,6,36,4.626923077,NA,NA,90.5,6.7,13.507462686567164,-30.26,2.91,1,1,1,1
2023,G2,7,199,BO_005,BO_176,4,TRUE,1R,2022-10-31,2022-11-03,2023-06-02,214,211,2023-06-02,0,NA,2023-06-02,NA,NA,2,33.58,X,0,0,0,0,0,NA,0,NA,NA,NA,NA,NA,NA,-30.08,4.23,1,0,0,0
2023,G2,7,200,BO_162,BO_089,5,TRUE,2R,2022-10-31,2022-11-03,2023-05-05,186,183,2023-05-17,12,2023-06-02,2023-05-17,1,2,NA,28.12,X,5,0,8,9,5,1.6,8,5.35375,NA,NA,75.548,5.11,14.784344422700586,-29.93,3.29,1,1,1,1
2023,G1,7,201,BO_185,BO_085,5,TRUE,3L,2022-10-31,2022-11-03,2023-05-05,186,183,2023-05-17,12,2023-06-02,2023-05-05,1,1,NA,NA,-,3,0,1,3,3,0.3333333333,1,1.06,NA,NA,31.524,2.05,15.377560975609757,NA,NA,1,1,1,1
2023,G1,7,203,BO_088,BO_050,3,TRUE,5L,2022-10-31,2022-11-03,2023-04-21,172,169,2023-04-21,0,NA,NA,NA,NA,NA,6.3,-,1,0,2,2,1,2,2,2.94,NA,NA,NA,NA,NA,-29.46,0.85,1,1,1,1
2023,G1,7,203,BO_183,BO_116,1,TRUE,5R,2022-10-31,2022-11-03,2023-05-05,186,183,2023-05-05,0,NA,2023-05-05,2,NA,NA,28.4,-,2,0,17,17,2,8.5,17,3.534117647,NA,NA,71.673,4.84,14.808471074380167,-30.25,3.23,1,1,1,1
2023,G1,7,204,BO_168,BO_155,5,TRUE,6L,2022-10-31,2022-11-03,2023-04-21,172,169,2023-06-02,42,NA,2023-04-21,3,NA,NA,36.36,-,6,4,21,21,10,3.5,35,4.114761905,NA,NA,NA,NA,NA,-29.83,3.83,1,1,1,1
2023,G1,7,205,BO_033,BO_099,1,TRUE,7L,2022-10-31,2022-11-03,2023-04-21,172,169,2023-04-21,0,NA,2023-04-21,NA,NA,NA,NA,-,1,0,0,1,1,0,0,NA,NA,NA,40.338,2.79,14.458064516129033,NA,NA,1,1,1,0
2023,G2,7,206,BO_163,BO_034,1,TRUE,8L,2022-10-31,2022-11-03,2023-04-21,172,169,2023-05-17,26,NA,2023-04-21,1,2,NA,NA,X,0,0,0,0,0,NA,0,NA,NA,NA,NA,NA,NA,-29.68,3.01,1,0,0,0
2023,G1,7,206,BO_069,BO_043,2,TRUE,8R,2022-10-31,2022-11-03,2023-05-05,186,183,2023-05-05,0,2023-06-02,2023-05-05,3,NA,NA,24.57,-,4,0,13,14,4,3.25,13,3.683076923,NA,NA,17.697,1.13,15.661061946902656,-28.93,3.77,1,1,1,1
2023,G1,7,207,BO_001,BO_048,5,TRUE,9L,2022-10-31,2022-11-03,2023-04-21,172,169,2023-05-05,14,NA,2023-04-21,2,NA,NA,20.73,-,6,1,10,10,7,1.666666667,11.66666667,4.712222222,NA,NA,NA,NA,NA,-28.73,2.9,1,1,1,1
2023,G1,7,208,BO_096,BO_012,1,TRUE,10L,2022-10-31,2022-11-03,2023-04-21,172,169,2023-04-21,0,NA,2023-04-21,NA,NA,NA,7.96,-,1,0,0,0,1,0,0,NA,NA,NA,NA,NA,NA,-27.98,2.52,1,1,1,0
2023,G1,7,210,BO_187,BO_150,4,TRUE,12R,2022-10-31,2022-11-03,2023-04-21,172,169,2023-06-02,42,NA,2023-05-17,1,2,NA,49.39,-,7,2,17,21,9,2.428571429,21.85714286,3.900386844,NA,NA,NA,NA,NA,-28.23,3.97,1,1,1,1
2023,G2,7,210,BO_162,BO_164,1,TRUE,12L,2022-10-31,2022-11-03,2023-04-21,172,169,2023-06-02,42,NA,NA,NA,NA,NA,16.9,X,0,1,0,0,1,NA,NA,NA,NA,NA,37.132,2.28,16.2859649122807,-29.88,3.64,1,1,0,0
2023,G2,7,211,BO_189,BO_126,3,TRUE,13L,2022-10-31,2022-11-03,2023-05-05,186,183,2023-05-05,0,NA,2023-05-05,3,NA,NA,12.81,X,3,0,11,11,3,3.666666667,11,2.371818182,NA,NA,NA,NA,NA,-29.79,3.42,1,1,1,1
2023,G1,7,213,BO_088,BO_050,4,TRUE,15L,2022-10-31,2022-11-03,2023-04-21,172,169,2023-04-21,0,NA,NA,NA,NA,NA,6.34,-,2,0,2,4,2,1,2,3.665,NA,NA,NA,NA,NA,-28.11,1.96,1,1,1,1
2023,G1,7,213,BO_183,BO_198,2,TRUE,15R,2022-10-31,2022-11-03,2023-04-21,172,169,2023-05-05,14,NA,2023-04-21,NA,NA,NA,17.05,-,6,1,15,20,7,2.5,17.5,3.748666667,NA,NA,34.653,1.85,18.73135135135135,-29.6,4,1,1,1,1
2023,G1,7,214,BO_058,BO_094,3,TRUE,16L,2022-10-31,2022-11-03,2023-04-21,172,169,2023-04-21,0,NA,NA,NA,NA,NA,2.33,-,0,1,0,0,1,NA,NA,NA,NA,NA,NA,NA,NA,NA,NA,1,1,0,0
2023,G1,7,217,BO_101,BO_024,5,TRUE,19R,2022-10-31,2022-11-03,2023-04-21,172,169,2023-04-21,0,NA,2023-04-21,NA,NA,NA,11.48,-,1,0,6,7,1,6,6,1.895,NA,NA,NA,NA,NA,-27.95,3.57,1,1,1,1
2023,G1,7,218,BO_013,BO_053,5,TRUE,20L,2022-10-31,2022-11-03,2023-05-05,186,183,2023-05-05,0,NA,2023-05-05,1,NA,NA,4.61,-,2,0,4,4,2,2,4,2.83,NA,NA,68.574,4.67,14.683940042826553,-28.84,3.04,1,1,1,1
2023,G2,7,218,BO_185,BO_071,5,TRUE,20R,2022-10-31,2022-11-03,2023-05-05,186,183,2023-05-05,0,NA,2023-05-05,NA,NA,NA,16.86,X,3,0,0,4,3,0,0,NA,NA,NA,NA,NA,NA,-30.15,4.26,1,1,1,0
2023,G2,7,219,BO_192,BO_021,4,TRUE,21L,2022-10-31,2022-11-03,2023-04-21,172,169,2023-04-21,0,NA,2023-04-21,NA,NA,NA,20.34,X,1,5,3,3,6,3,18,3.09,NA,NA,NA,NA,NA,-29.74,3.54,1,1,1,1
2023,G2,7,222,BO_162,BO_164,2,TRUE,24R,2022-10-31,2022-11-03,2023-04-21,172,169,2023-04-21,0,NA,NA,NA,NA,NA,NA,X,1,0,1,1,1,1,1,3.24,NA,NA,NA,NA,NA,NA,NA,1,1,1,1
2023,G1,7,223,BO_074,BO_118,1,TRUE,25R,2022-10-31,2022-11-03,2023-04-21,172,169,2023-04-21,0,NA,NA,NA,NA,NA,NA,-,1,0,0,1,1,0,0,NA,NA,NA,NA,NA,NA,NA,NA,1,1,1,0
2023,G1,7,224,BO_022,BO_146,5,TRUE,26R,2022-10-31,2022-11-03,2023-04-21,172,169,2023-05-05,14,NA,2023-04-21,3,NA,NA,15.82,-,6,0,15,21,6,2.5,15,3.128863636,NA,NA,NA,NA,NA,-29.49,2.47,1,1,1,1
2023,G1,8,225,BO_153,BO_157,4,TRUE,1R,2022-10-31,2022-11-03,2023-05-05,186,183,2023-05-05,0,NA,2023-05-05,3,NA,NA,NA,-,3,0,5,5,3,1.666666667,5,4.604,NA,NA,NA,NA,NA,-30.57,3.05,1,1,1,1
2023,G2,8,226,BO_101,BO_080,3,TRUE,2R,2022-10-31,2022-11-03,2023-05-17,198,195,2023-05-17,0,NA,2023-05-17,NA,1,NA,NA,X,1,1,0,2,2,0,0,NA,NA,NA,21.18,1.4,15.12857142857143,-27.94,2.01,1,1,1,0
2023,G2,8,227,BO_074,BO_027,5,TRUE,3L,2022-10-31,2022-11-03,2023-05-05,186,183,2023-05-17,12,NA,2023-05-17,1,2,NA,NA,X,4,0,3,5,4,0.75,3,7.066666667,NA,NA,36.302,2.66,13.647368421052631,-28.64,4.52,1,1,1,1
2023,G2,8,228,BO_188,BO_008,1,TRUE,4L,2022-10-31,2022-11-03,2023-05-05,186,183,2023-05-05,0,NA,2023-05-05,3,NA,NA,23.8,X,3,0,12,16,3,4,12,0.8416666667,NA,NA,65.574,5.63,11.647246891651864,-29.97,5.76,1,1,1,1
2023,G1,8,228,BO_039,BO_087,1,TRUE,4R,2022-10-31,2022-11-03,2023-05-05,186,183,2023-05-17,12,NA,2023-05-05,2,1,NA,33.65,-,6,0,13,23,6,2.166666667,13,2.883452381,NA,NA,46.919,4.55,10.311868131868131,-28.29,3.3,1,1,1,1
2023,G1,8,229,BO_074,BO_027,3,TRUE,5L,2022-10-31,2022-11-03,NA,NA,NA,NA,NA,NA,NA,NA,NA,NA,10.61,-,1,0,4,4,1,4,4,4.525,NA,NA,62.144,4.74,13.11054852320675,-29.64,1.54,0,1,1,1
2023,G2,8,229,BO_088,BO_169,1,TRUE,5R,2022-10-31,2022-11-03,NA,NA,NA,NA,NA,NA,NA,NA,NA,NA,NA,X,0,0,0,0,0,NA,0,NA,NA,NA,NA,NA,NA,NA,NA,0,0,0,0
2023,G1,8,230,BO_065,BO_115,2,TRUE,6R,2022-10-31,2022-11-03,2023-04-21,172,169,2023-05-05,14,NA,2023-04-21,1,NA,NA,17.36,-,2,2,4,4,4,2,8,4.3525,NA,NA,47.744,4.91,9.723828920570265,-29.9,0.95,1,1,1,1
2023,G1,8,230,BO_005,BO_122,1,TRUE,6L,2022-10-31,2022-11-03,2023-04-21,172,169,2023-04-21,0,NA,2023-04-21,NA,NA,NA,11.6,-,3,1,9,13,4,3,12,3.708888889,NA,NA,NA,NA,NA,-27.92,3.24,1,1,1,1
2023,G1,8,231,BO_005,BO_122,2,TRUE,7R,2022-10-31,2022-11-03,2023-04-21,172,169,2023-05-05,14,NA,2023-04-21,1,NA,NA,20.3,-,3,1,13,13,4,4.333333333,17.33333333,2.357692308,NA,NA,33.249,4.48,7.421651785714285,-27.54,2.84,1,1,1,1
2023,G2,8,231,BO_088,BO_169,3,TRUE,7L,2022-10-31,2022-11-03,2023-04-21,172,169,2023-04-21,0,NA,NA,NA,NA,NA,NA,X,0,0,0,0,0,NA,0,NA,NA,NA,NA,NA,NA,NA,NA,1,0,0,0
2023,G2,8,232,BO_151,BO_056,2,TRUE,8L,2022-10-31,2022-11-03,2023-04-21,172,169,2023-05-05,14,NA,2023-04-21,1,NA,NA,10.45,X,2,1,1,2,3,0.5,1.5,2.68,NA,NA,NA,NA,NA,-28.9,2.24,1,1,1,1
2023,G1,8,233,BO_109,BO_028,2,TRUE,9R,2022-10-31,2022-11-03,2023-04-21,172,169,2023-04-21,0,NA,NA,NA,NA,NA,14.77,-,2,1,1,3,3,0.5,1.5,3.37,NA,NA,34.631,2.59,13.371042471042472,-27.82,1.56,1,1,1,1
2023,G1,8,233,BO_038,BO_082,2,TRUE,9L,2022-10-31,2022-11-03,2023-04-21,172,169,2023-04-21,0,NA,2023-04-21,NA,NA,NA,13.8,-,0,0,0,0,0,NA,0,NA,NA,NA,48.783,3.07,15.890228013029317,-28.29,2.84,1,0,0,0
2023,G1,8,234,BO_088,BO_140,1,TRUE,10L,2022-10-31,2022-11-03,2023-04-21,172,169,2023-04-21,0,NA,NA,NA,NA,NA,NA,-,0,0,0,0,0,NA,0,NA,NA,NA,NA,NA,NA,NA,NA,1,0,0,0
2023,G1,8,235,BO_199,BO_069,3,TRUE,11R,2022-10-31,2022-11-03,2023-05-17,198,195,2023-06-02,16,NA,2023-05-17,NA,2,NA,NA,-,0,0,0,0,0,NA,0,NA,NA,NA,NA,NA,NA,-28.75,4,1,0,0,0
2023,G2,8,235,BO_029,BO_090,1,TRUE,11L,2022-10-31,2022-11-03,NA,NA,NA,NA,NA,NA,NA,NA,NA,NA,1.32,X,0,2,0,0,2,NA,NA,NA,NA,NA,21.046,1.34,15.70597014925373,NA,NA,0,1,0,0
2023,G2,8,236,BO_029,BO_090,2,TRUE,12R,2022-10-31,2022-11-03,NA,NA,NA,NA,NA,NA,NA,NA,NA,NA,2.25,X,0,0,0,0,0,NA,0,NA,NA,NA,54.15,3.41,15.879765395894427,NA,NA,0,0,0,0
2023,G1,8,237,BO_162,BO_164,5,TRUE,13L,2022-10-31,2022-11-03,2023-05-17,198,195,2023-06-02,16,NA,2023-05-17,NA,1,NA,NA,-,1,0,6,6,1,6,6,2.261666667,NA,NA,35.901,2.03,17.68522167487685,-29.68,2.06,1,1,1,1
2023,G1,8,238,BO_128,BO_044,1,TRUE,14R,2022-10-31,2022-11-03,2023-04-21,172,169,2023-04-21,0,NA,NA,NA,NA,NA,NA,-,0,0,0,0,0,NA,0,NA,NA,NA,81.976,5.76,14.231944444444444,NA,NA,1,0,0,0
2023,G1,8,239,BO_173,BO_079,2,TRUE,15R,2022-10-31,2022-11-03,2023-05-05,186,183,2023-05-05,0,NA,2023-05-05,1,NA,NA,26.88,-,5,4,4,10,9,0.8,7.2,5.0675,NA,NA,53.376,3.03,17.615841584158417,-28.98,4.91,1,1,1,1
2023,G1,8,240,BO_029,BO_090,5,TRUE,16L,2022-10-31,2022-11-03,2023-04-21,172,169,2023-04-21,0,NA,2023-04-21,NA,NA,NA,3.72,-,1,0,0,0,1,0,0,NA,NA,NA,27.463,1.47,18.68231292517007,-27.9,1.4,1,1,1,0
2023,G1,8,241,BO_038,BO_149,1,TRUE,17L,2022-10-31,2022-11-03,2023-04-21,172,169,2023-04-21,0,NA,2023-04-21,NA,NA,NA,12.72,-,4,0,6,8,4,1.5,6,3.821666667,NA,NA,NA,NA,NA,-29.79,2.02,1,1,1,1
2023,G1,8,242,BO_074,BO_027,3,TRUE,18R,2022-10-31,2022-11-03,2023-04-21,172,169,2023-05-05,14,NA,2023-04-21,2,NA,NA,NA,-,10,4,36,54,14,3.6,50.4,3.055619048,NA,NA,NA,NA,NA,-29.43,4.5,1,1,1,1
2023,G1,8,243,BO_163,BO_072,4,TRUE,19L,2022-10-31,2022-11-03,NA,NA,NA,NA,NA,NA,NA,NA,NA,NA,8.85,-,2,0,10,10,2,5,10,3.173125,NA,NA,48.211,3.18,15.16069182389937,-29.38,4.07,0,1,1,1
2023,G2,8,243,BO_143,BO_152,5,TRUE,19R,2022-10-31,2022-11-03,2023-05-05,186,183,2023-06-02,28,2023-06-02,2023-05-17,NA,3,NA,25.61,X,2,2,4,4,4,2,8,4.9825,NA,NA,13.814,0.99,13.953535353535354,-29.31,3.46,1,1,1,1
2023,G1,8,244,BO_188,BO_008,3,TRUE,20L,2022-10-31,2022-11-03,2023-04-21,172,169,2023-05-05,14,NA,NA,1,NA,NA,20.53,-,5,0,4,6,5,0.8,4,5.305,NA,NA,56.588,4.67,12.117344753747323,-28.7,1.88,1,1,1,1
2023,G2,8,244,BO_038,BO_137,2,TRUE,20R,2022-10-31,2022-11-03,2023-04-21,172,169,2023-04-21,0,NA,NA,NA,NA,NA,4.25,X,0,0,0,0,0,NA,0,NA,NA,NA,NA,NA,NA,-30.28,1.86,1,0,0,0
2023,G1,8,245,BO_188,BO_008,2,TRUE,21L,2022-10-31,2022-11-03,NA,NA,NA,NA,NA,NA,NA,NA,NA,NA,8.57,-,0,1,0,0,1,NA,NA,NA,NA,NA,38.281,3.18,12.038050314465409,-29.07,2.92,0,1,0,0
2023,G1,8,245,BO_173,BO_091,2,TRUE,21R,2022-10-31,2022-11-03,2023-04-21,172,169,2023-06-02,42,NA,2023-04-21,NA,NA,NA,NA,-,0,0,0,0,0,NA,0,NA,NA,NA,29.565,2.45,12.06734693877551,-28.65,1.19,1,0,0,0
2023,G2,8,247,BO_038,BO_149,5,TRUE,23L,2022-10-31,2022-11-03,2023-04-21,172,169,2023-05-05,14,NA,2023-04-21,4,NA,NA,38.94,X,3,0,2,7,3,0.6666666667,2,3.11,NA,NA,NA,NA,NA,-29.04,4.17,1,1,1,1
2023,G1,8,248,BO_070,BO_066,4,TRUE,24R,2022-10-31,2022-11-03,2023-05-05,186,183,2023-05-05,0,NA,2023-05-05,1,NA,NA,7.74,-,3,0,4,6,3,1.333333333,4,6.405,NA,NA,NA,NA,NA,-28.71,3.74,1,1,1,1
2023,G2,8,248,BO_143,BO_152,2,TRUE,24L,2022-10-31,2022-11-03,2023-05-05,186,183,2023-05-17,12,NA,2023-05-05,2,NA,NA,27.28,X,3,0,6,10,3,2,6,4.573333333,NA,NA,17.393,0.98,17.74795918367347,-28.84,4.7,1,1,1,1
2023,G1,8,249,BO_163,BO_144,5,TRUE,25R,2022-10-31,2022-11-03,2023-04-21,172,169,2023-05-17,26,NA,2023-05-05,1,1,NA,NA,-,4,1,13,15,5,3.25,16.25,3.922698413,NA,NA,64.097,4.03,15.904962779156325,-28.77,4.38,1,1,1,1
2023,G1,9,251,BO_149,BO_032,3,TRUE,2L,2022-10-31,2022-11-03,2023-04-21,172,169,2023-05-05,14,NA,2023-05-05,1,NA,NA,14.79,-,2,0,7,7,2,3.5,7,4.162857143,NA,NA,95.377,6.92,13.782803468208092,-27.9,3.71,1,1,1,1
2023,G1,9,251,BO_073,BO_117,4,TRUE,2R,2022-10-31,2022-11-03,2023-04-21,172,169,2023-05-17,26,NA,NA,2,1,NA,40.75,-,4,3,13,14,7,3.25,22.75,2.503846154,NA,NA,49.732,3.36,14.801190476190477,-27.76,4.44,1,1,1,1
2023,G2,9,253,BO_177,BO_121,4,TRUE,4R,2022-10-31,2022-11-03,2023-04-21,172,169,2023-05-05,14,NA,2023-04-21,NA,NA,NA,10.35,X,0,2,0,0,2,NA,NA,NA,NA,NA,NA,NA,NA,-29.73,3.26,1,1,0,0
2023,G1,9,253,BO_038,BO_137,5,TRUE,4L,2022-10-31,2022-11-03,NA,NA,NA,NA,NA,NA,NA,NA,NA,NA,NA,-,0,0,0,0,0,NA,0,NA,NA,NA,12.909,0.88,14.669318181818182,NA,NA,0,0,0,0
2023,G1,9,254,BO_096,BO_134,1,TRUE,5R,2022-10-31,2022-11-03,2023-04-21,172,169,2023-04-21,0,2023-05-17,2023-04-21,NA,NA,NA,3.18,-,0,1,0,0,1,NA,NA,NA,NA,NA,15.203,1.43,10.631468531468531,-27,1.48,1,1,0,0
2023,G1,9,255,BO_038,BO_082,5,TRUE,6L,2022-10-31,2022-11-03,2023-04-21,172,169,2023-04-21,0,NA,2023-04-21,NA,NA,NA,7.13,-,0,0,0,0,0,NA,0,NA,NA,NA,NA,NA,NA,-28.74,2.25,1,0,0,0
2023,G1,9,255,BO_005,BO_176,5,TRUE,6R,2022-10-31,2022-11-03,2023-04-21,172,169,2023-05-05,14,NA,2023-05-05,3,NA,NA,23.26,-,1,0,3,3,1,3,3,1.243333333,NA,NA,29.601,2.3,12.870000000000001,-28.45,2.91,1,1,1,1
2023,G2,9,256,BO_065,BO_115,3,TRUE,7R,2022-10-31,2022-11-03,2023-05-05,186,183,2023-05-05,0,NA,2023-05-05,2,NA,NA,9.75,X,0,3,0,0,3,NA,NA,NA,NA,NA,17.092,0.99,17.264646464646464,-28.96,2.96,1,1,0,0
2023,G2,9,257,BO_074,BO_027,5,TRUE,8R,2022-10-31,2022-11-03,2023-05-05,186,183,2023-05-05,0,NA,NA,NA,NA,NA,3.94,X,0,1,0,0,1,NA,NA,NA,NA,NA,36.041,2.07,17.41111111111111,-29.55,1.7,1,1,0,0
2023,G2,9,257,BO_168,BO_155,5,TRUE,8L,2022-10-31,2022-11-03,2023-05-05,186,183,2023-05-05,0,NA,NA,NA,NA,NA,4.73,X,0,3,0,0,3,NA,NA,NA,NA,NA,25.866,1.42,18.21549295774648,-29.28,2.65,1,1,0,0
2023,G1,9,258,BO_073,BO_070,4,TRUE,9R,2022-10-31,2022-11-03,2023-04-21,172,169,2023-05-05,14,2023-05-17,NA,1,NA,NA,4.51,-,1,1,2,3,2,2,4,3.59,NA,NA,29.139,1.73,16.84335260115607,-28.85,2.67,1,1,1,1
2023,G1,9,258,BO_074,BO_118,1,TRUE,9L,2022-10-31,2022-11-03,2023-05-05,186,183,2023-05-05,0,NA,2023-05-05,2,NA,NA,10.96,-,0,4,0,0,4,NA,NA,NA,NA,NA,58.598,4.83,12.132091097308487,-29.31,4.17,1,1,0,0
2023,G1,9,259,BO_192,BO_127,4,TRUE,10L,2022-10-31,2022-11-03,2023-04-21,172,169,2023-04-21,0,2023-05-17,2023-04-21,NA,NA,NA,6.72,-,1,1,0,2,2,0,0,NA,NA,NA,23.042,1.51,15.259602649006624,-28.98,3.21,1,1,1,0
2023,G1,9,259,BO_198,BO_159,3,TRUE,10R,2022-10-31,2022-11-03,NA,NA,NA,NA,NA,NA,NA,NA,NA,NA,1.94,-,0,1,0,0,1,NA,NA,NA,NA,NA,NA,NA,NA,NA,NA,0,1,0,0
2023,G1,9,260,BO_151,BO_056,4,TRUE,11R,2022-10-31,2022-11-03,2023-05-05,186,183,2023-05-05,0,NA,NA,1,NA,NA,2.39,-,1,0,4,4,1,4,4,3.3825,NA,NA,63.096,3.12,20.22307692307692,NA,NA,1,1,1,1
2023,G2,9,260,BO_022,BO_146,1,TRUE,11L,2022-10-31,2022-11-03,2023-04-21,172,169,2023-05-05,14,NA,2023-04-21,1,NA,NA,8.22,X,2,1,2,2,3,1,3,7.04,NA,NA,24.343,1.35,18.03185185185185,-28.95,4.49,1,1,1,1
2023,G1,9,261,BO_128,BO_105,5,TRUE,12L,2022-10-31,2022-11-03,2023-04-21,172,169,2023-05-05,14,NA,2023-04-21,1,NA,NA,12.62,-,3,0,3,3,3,1,3,5.076666667,NA,NA,28.058,1.95,14.388717948717948,-30.18,3.93,1,1,1,1
2023,G1,9,261,BO_192,BO_127,5,TRUE,12R,2022-10-31,2022-11-03,2023-04-21,172,169,2023-04-21,0,NA,NA,NA,NA,NA,NA,-,0,1,0,0,1,NA,NA,NA,NA,NA,39.575,3.33,11.884384384384385,NA,NA,1,1,0,0
2023,G2,9,262,BO_101,BO_080,5,TRUE,13L,2022-10-31,2022-11-03,2023-04-21,172,169,2023-04-21,0,NA,2023-04-21,NA,NA,NA,NA,X,0,0,0,0,0,NA,0,NA,NA,NA,72.526,4.36,16.63440366972477,NA,NA,1,0,0,0
2023,G2,9,262,BO_058,BO_123,1,TRUE,13R,2022-10-31,2022-11-03,2023-05-05,186,183,2023-05-05,0,2023-05-17,NA,1,NA,NA,3.16,X,1,0,0,0,1,0,0,NA,NA,NA,25.894,1.71,15.142690058479532,NA,NA,1,1,1,0
2023,G1,9,263,BO_173,BO_091,3,TRUE,14R,2022-10-31,2022-11-03,2023-04-21,172,169,2023-04-21,0,NA,2023-04-21,NA,NA,NA,NA,-,0,0,0,0,0,NA,0,NA,NA,NA,37.389,2.65,14.109056603773587,NA,NA,1,0,0,0
2023,G1,9,264,BO_162,BO_089,1,TRUE,15L,2022-10-31,2022-11-03,2023-04-21,172,169,2023-04-21,0,NA,2023-04-21,NA,NA,NA,NA,-,0,2,0,0,2,NA,NA,NA,NA,NA,15.162,1.07,14.170093457943926,NA,NA,1,1,0,0
2023,G1,9,264,BO_194,BO_125,1,TRUE,15R,2022-10-31,2022-11-03,2023-04-21,172,169,2023-04-21,0,NA,2023-04-21,NA,NA,NA,1.76,-,0,1,0,0,1,NA,NA,NA,NA,NA,NA,NA,NA,NA,NA,1,1,0,0
2023,G1,9,265,BO_201,BO_130,3,TRUE,16R,2022-10-31,2022-11-03,2023-04-21,172,169,2023-05-05,14,NA,2023-04-21,1,NA,NA,NA,-,1,2,2,2,3,2,6,3.78,NA,NA,41.198,2.13,19.341784037558686,NA,NA,1,1,1,1
2023,G1,9,265,BO_198,BO_159,2,TRUE,16L,2022-10-31,2022-11-03,2023-04-21,172,169,2023-04-21,0,NA,2023-04-21,NA,NA,NA,2.59,-,0,1,0,0,1,NA,NA,NA,NA,NA,NA,NA,NA,NA,NA,1,1,0,0
2023,G1,9,266,BO_070,BO_066,1,TRUE,17L,2022-10-31,2022-11-03,2023-05-17,198,195,2023-05-17,0,NA,2023-05-17,NA,1,NA,2.34,-,1,0,2,2,1,2,2,2.445,NA,NA,NA,NA,NA,NA,NA,1,1,1,1
2023,G1,9,266,BO_005,BO_176,3,TRUE,17R,2022-10-31,2022-11-03,2023-04-21,172,169,2023-04-21,0,NA,NA,NA,NA,NA,3.04,-,0,0,0,0,0,NA,0,NA,NA,NA,73.202,5.11,14.325244618395303,-27.45,1.57,1,0,0,0
2023,G2,9,267,BO_194,BO_125,1,TRUE,18R,2022-10-31,2022-11-03,2023-05-05,186,183,2023-05-05,0,NA,2023-05-05,2,NA,NA,NA,X,1,3,6,6,4,6,24,NA,NA,NA,20.373,1.32,15.434090909090909,-28.84,2.97,1,1,1,1
2023,G2,9,267,BO_187,BO_150,3,TRUE,18L,2022-10-31,2022-11-03,2023-04-21,172,169,2023-05-05,14,NA,2023-04-21,2,NA,NA,10.06,X,1,4,5,5,5,5,25,4.54,NA,NA,17.827,1.08,16.506481481481483,-29.03,2.34,1,1,1,1
2023,G1,9,268,BO_065,BO_014,5,TRUE,19L,2022-10-31,2022-11-03,2023-05-05,186,183,2023-05-05,0,NA,NA,3,NA,NA,7.83,-,2,2,7,8,4,3.5,14,3.587142857,NA,NA,40.731,2.65,15.370188679245285,-30.25,3.09,1,1,1,1
2023,G1,9,269,BO_109,BO_095,5,TRUE,20L,2022-10-31,2022-11-03,2023-05-05,186,183,2023-05-17,12,2023-05-17,NA,NA,2,NA,NA,-,4,1,6,12,5,1.5,7.5,3.67,NA,NA,94.992,5.57,17.054219030520645,NA,NA,1,1,1,1
2023,G1,9,269,BO_143,BO_195,3,TRUE,20R,2022-10-31,2022-11-03,2023-05-05,186,183,2023-05-05,0,NA,NA,NA,NA,NA,5.82,-,0,0,0,0,0,NA,0,NA,NA,NA,NA,NA,NA,-28.97,1.51,1,0,0,0
2023,G2,9,270,BO_069,BO_043,3,TRUE,21L,2022-10-31,2022-11-03,2023-05-05,186,183,2023-05-05,0,2023-05-17,2023-05-05,1,NA,NA,NA,X,0,0,0,0,0,NA,0,NA,NA,NA,25.527,2.34,10.90897435897436,NA,NA,1,0,0,0
2023,G1,9,270,BO_185,BO_085,5,TRUE,21R,2022-10-31,2022-11-03,2023-05-05,186,183,2023-05-05,0,2023-05-17,NA,1,NA,NA,13.58,-,3,1,8,8,4,2.666666667,10.66666667,2.795714286,NA,NA,36.802,2.43,15.144855967078188,-30.26,1.56,1,1,1,1
2023,G2,9,271,BO_001,BO_025,5,TRUE,22R,2022-10-31,2022-11-03,2023-04-21,172,169,2023-04-21,0,2023-05-17,2023-04-21,NA,NA,NA,NA,X,0,0,0,0,0,NA,0,NA,NA,NA,43.697,2.46,17.763008130081303,NA,NA,1,0,0,0
2023,G1,9,272,BO_188,BO_052,2,TRUE,23R,2022-10-31,2022-11-03,2023-05-05,186,183,2023-05-05,0,NA,NA,1,NA,NA,NA,-,1,0,2,2,1,2,2,7.64,NA,NA,22.834,1.3,17.564615384615383,-28.64,4.66,1,1,1,1
2023,G1,9,272,BO_073,BO_186,1,TRUE,23L,2022-10-31,2022-11-03,2023-05-05,186,183,2023-05-05,0,NA,2023-05-05,1,NA,NA,12.96,-,2,0,3,5,2,1.5,3,4.38,NA,NA,29.41,1.77,16.615819209039547,-30.37,4.49,1,1,1,1
2023,G2,9,273,BO_029,BO_061,4,TRUE,24L,2022-10-31,2022-11-03,2023-04-21,172,169,2023-04-21,0,NA,2023-04-21,NA,NA,NA,5.12,X,0,1,0,0,1,NA,NA,NA,NA,NA,99.027,6.29,15.74356120826709,NA,NA,1,1,0,0
2023,G1,9,273,BO_149,BO_106,1,TRUE,24R,2022-10-31,2022-11-03,2023-04-21,172,169,2023-04-21,0,2023-05-17,2023-04-21,NA,NA,NA,5.48,-,0,1,0,0,1,NA,NA,NA,NA,NA,13.584,0.81,16.77037037037037,-30.97,1.89,1,1,0,0
2023,G1,9,274,BO_022,BO_009,5,TRUE,25R,2022-10-31,2022-11-03,2023-04-21,172,169,2023-05-05,14,NA,2023-05-05,1,NA,NA,31.3,-,3,1,6,6,4,2,8,4.936666667,NA,NA,36.495,1.86,19.62096774193548,-28.95,5.38,1,1,1,1
2023,G1,9,274,BO_170,BO_111,4,TRUE,25L,2022-10-31,2022-11-03,2023-04-21,172,169,2023-04-21,0,NA,2023-04-21,NA,NA,NA,NA,-,0,0,0,0,0,NA,0,NA,NA,NA,NA,NA,NA,NA,NA,1,0,0,0
2023,G2,9,276,BO_192,BO_166,5,TRUE,27L,2022-10-31,2022-11-03,2023-04-21,172,169,2023-05-17,26,2023-05-17,2023-04-21,1,1,NA,NA,X,0,2,0,0,2,NA,NA,NA,NA,NA,63.398,3.69,17.181029810298103,-28.63,3.99,1,1,0,0
2023,G1,9,276,BO_088,BO_169,2,TRUE,27R,2022-10-31,2022-11-03,2023-05-05,186,183,2023-05-05,0,2023-05-17,2023-05-05,1,NA,NA,25.59,-,3,1,6,10,4,2,8,5.628333333,NA,NA,52.569,3.45,15.237391304347826,-28.85,3.87,1,1,1,1
2023,G2,9,279,BO_199,BO_018,1,TRUE,30R,2022-10-31,2022-11-03,2023-05-17,198,195,2023-05-17,0,NA,2023-05-17,1,NA,NA,NA,X,0,0,0,0,0,NA,0,NA,NA,NA,30.43,1.62,18.78395061728395,-29.56,3.55,1,0,0,0
2023,G2,10,281,BO_189,BO_142,5,TRUE,2R,2022-10-31,2022-11-03,2023-05-05,186,183,2023-05-17,12,NA,2023-05-05,2,3,NA,20.08,X,3,2,19,23,5,6.333333333,31.66666667,4.023684211,NA,NA,31.081,1.6,19.425625,-30.14,4.73,1,1,1,1
2023,G2,10,281,BO_070,BO_184,3,TRUE,2L,2022-10-31,2022-11-03,2023-05-05,186,183,2023-06-15,41,NA,NA,1,1,NA,NA,X,3,0,7,12,3,2.333333333,7,6.0475,NA,NA,46.509,3.66,12.707377049180327,-27.63,3.54,1,1,1,1
2023,G2,10,282,BO_201,BO_199,3,TRUE,3R,2022-10-31,2022-11-03,2023-05-05,186,183,2023-05-05,0,NA,NA,1,NA,NA,NA,X,0,1,0,0,1,NA,NA,NA,NA,NA,15.982,1.43,11.176223776223777,-29.22,0.86,1,1,0,0
2023,G1,10,283,BO_070,BO_184,5,TRUE,4R,2022-10-31,2022-11-03,2023-04-21,172,169,2023-05-05,14,NA,2023-04-21,1,NA,NA,25.74,-,2,1,3,4,3,1.5,4.5,6.9075,NA,NA,24.551,2.23,11.009417040358743,-28.61,4.13,1,1,1,1
2023,G2,10,285,BO_149,BO_032,3,TRUE,6L,2022-10-31,2022-11-03,2023-05-05,186,183,2023-05-05,0,2023-05-05,2023-05-05,1,NA,NA,NA,X,0,0,0,0,0,NA,0,NA,NA,NA,19.848,2.02,9.825742574257426,NA,NA,1,0,0,0
2023,G2,10,286,BO_065,BO_115,4,TRUE,7L,2022-10-31,2022-11-03,2023-04-21,172,169,2023-05-05,14,NA,2023-04-21,1,NA,NA,NA,X,0,6,0,0,6,NA,NA,NA,NA,NA,28.632,1.51,18.961589403973512,-29.34,5.6,1,1,0,0
2023,G1,10,286,BO_038,BO_149,2,TRUE,7R,2022-10-31,2022-11-03,NA,NA,NA,NA,NA,2023-05-17,NA,NA,NA,NA,4.32,-,1,3,0,0,4,0,0,NA,NA,NA,27.692,1.75,15.824,-28.87,1.11,0,1,1,0
2023,G1,10,287,BO_119,BO_013,4,TRUE,8R,2022-10-31,2022-11-03,2023-04-21,172,169,2023-05-05,14,NA,NA,1,NA,NA,NA,-,0,0,0,0,0,NA,0,NA,NA,NA,NA,NA,NA,-30.54,0.86,1,0,0,0
2023,G1,10,287,BO_189,BO_142,1,TRUE,8L,2022-10-31,2022-11-03,2023-05-05,186,183,2023-05-05,0,NA,NA,2,NA,NA,NA,-,1,0,1,1,1,1,1,10.27,NA,NA,41.281,2.52,16.381349206349206,-30.78,2.66,1,1,1,1
2023,G1,10,288,BO_005,BO_019,5,TRUE,9L,2022-10-31,2022-11-03,2023-04-21,172,169,2023-04-21,0,2023-05-17,2023-04-21,NA,NA,NA,NA,-,0,1,0,0,1,NA,NA,NA,NA,NA,16.294,0.96,16.972916666666666,-28.84,1.28,1,1,0,0
2023,G2,10,288,BO_162,BO_089,5,TRUE,9R,2022-10-31,2022-11-03,2023-05-05,186,183,2023-05-05,0,2023-05-17,2023-05-05,2,NA,NA,17.74,X,1,0,5,5,1,5,5,1.44,NA,NA,48.265,3.39,14.237463126843657,-29.34,4.38,1,1,1,1
2023,G2,10,289,BO_033,BO_143,1,TRUE,10R,2022-10-31,2022-11-03,2023-06-02,214,211,2023-06-02,0,NA,NA,NA,NA,1,NA,X,0,0,0,0,0,NA,0,NA,NA,NA,NA,NA,NA,NA,NA,1,0,0,0
2023,G1,10,291,BO_188,BO_008,5,TRUE,12R,2022-10-31,2022-11-03,2023-04-21,172,169,2023-05-05,14,2023-05-17,2023-04-21,1,NA,NA,96.9,-,7,2,59,60,9,8.428571429,75.85714286,3.205,NA,NA,89.51,6.54,13.686544342507647,-28.95,4.17,1,1,1,1
2023,G2,10,291,BO_168,BO_180,1,TRUE,12L,2022-10-31,2022-11-03,2023-05-05,186,183,2023-05-05,0,2023-05-17,2023-05-05,1,NA,NA,NA,X,0,2,0,0,2,NA,NA,NA,NA,NA,34.176,2.02,16.91881188118812,NA,NA,1,1,0,0
2023,G1,10,292,BO_128,BO_060,1,TRUE,13R,2022-10-31,2022-11-03,2023-05-05,186,183,2023-05-05,0,2023-05-17,2023-05-05,1,NA,NA,5.99,-,0,0,0,0,0,NA,0,NA,NA,NA,20.525,1.41,14.556737588652481,-29.98,1.38,1,0,0,0
2023,G1,10,293,BO_096,BO_012,3,TRUE,14R,2022-10-31,2022-11-03,2023-05-05,186,183,2023-05-05,0,2023-05-17,2023-05-05,3,NA,NA,12.35,-,0,3,0,0,3,NA,NA,NA,NA,NA,31.505,1.81,17.406077348066297,-27.82,2.31,1,1,0,0
2023,G1,10,293,BO_109,BO_095,4,TRUE,14L,2022-10-31,2022-11-03,2023-04-21,172,169,2023-05-05,14,NA,2023-04-21,1,NA,NA,13.02,-,2,1,7,7,3,3.5,10.5,1.518571429,NA,NA,102.778,5.29,19.42873345935728,-30.07,3.71,1,1,1,1
2023,G2,10,294,BO_194,BO_125,5,TRUE,15R,2022-10-31,2022-11-03,2023-05-05,186,183,2023-05-05,0,NA,NA,1,NA,NA,5,X,0,1,0,0,1,NA,NA,NA,NA,NA,43.83,2.87,15.271777003484319,-28.42,1.45,1,1,0,0
2023,G1,10,295,BO_022,BO_146,5,TRUE,16L,2022-10-31,2022-11-03,2023-05-05,186,183,2023-05-05,0,2023-05-17,NA,1,NA,NA,36.53,-,3,1,6,6,4,2,8,5.785,NA,NA,67.679,3.98,17.004773869346735,-28.74,5.08,1,1,1,1
2023,G2,10,296,BO_173,BO_079,3,TRUE,17R,2022-10-31,2022-11-03,2023-04-21,172,169,2023-06-02,42,2023-05-17,2023-04-21,1,1,NA,NA,X,8,2,22,23,10,2.75,27.5,4.274529412,NA,NA,44.683,2.21,20.218552036199096,NA,NA,1,1,1,1
2023,G1,10,297,BO_073,BO_186,4,TRUE,18R,2022-10-31,2022-11-03,2023-05-05,186,183,2023-05-05,0,2023-05-17,2023-05-05,2,NA,NA,10.76,-,3,2,3,6,5,1,5,4.423333333,NA,NA,29.508,1.59,18.558490566037733,-29,3.16,1,1,1,1
2023,G1,10,298,BO_162,BO_108,3,TRUE,19R,2022-10-31,2022-11-03,2023-04-21,172,169,2023-04-21,0,NA,2023-04-21,NA,NA,NA,15.39,-,1,1,0,0,2,0,0,NA,NA,NA,25.973,2.16,12.024537037037035,-27.89,2.72,1,1,1,0
2023,G2,10,301,BO_109,BO_001,3,TRUE,22L,2022-10-31,2022-11-03,2023-05-05,186,183,2023-05-05,0,NA,NA,1,NA,NA,11.07,X,1,3,4,4,4,4,16,1.74,NA,NA,30.449,1.44,21.14513888888889,-29.76,3.61,1,1,1,1
2023,G1,10,302,BO_194,BO_037,5,TRUE,23L,2022-10-31,2022-11-03,2023-04-21,172,169,2023-05-05,14,2023-05-17,2023-04-21,1,NA,NA,7.98,-,1,1,0,2,2,0,0,NA,NA,NA,22.087,1.06,20.83679245283019,-29.25,2.75,1,1,1,0
2023,G1,10,302,BO_194,BO_098,2,TRUE,23R,2022-10-31,2022-11-03,2023-04-21,172,169,2023-05-05,14,NA,2023-04-21,1,NA,NA,4.94,-,1,2,2,2,3,2,6,3.475,NA,NA,8.791,0.09,97.67777777777779,-30.95,2.78,1,1,1,1
2023,G2,10,303,BO_001,BO_025,4,TRUE,24R,2022-10-31,2022-11-03,2023-04-21,172,169,2023-05-05,14,NA,2023-04-21,1,NA,NA,12.15,X,0,1,0,0,1,NA,NA,NA,NA,NA,33.761,2.25,15.00488888888889,-28.46,3.16,1,1,0,0
2023,G2,10,304,BO_153,BO_177,2,TRUE,25R,2022-10-31,2022-11-03,2023-04-21,172,169,2023-05-05,14,2023-05-17,2023-04-21,1,NA,NA,1.45,X,0,1,0,0,1,NA,NA,NA,NA,NA,41,1.68,24.404761904761905,NA,NA,1,1,0,0
2023,G1,10,305,BO_040,BO_171,1,TRUE,26R,2022-10-31,2022-11-03,2023-05-05,186,183,2023-05-05,0,NA,NA,1,NA,NA,13.85,-,3,0,5,5,3,1.666666667,5,3.552,NA,NA,33.046,2.09,15.811483253588518,-29.04,5.25,1,1,1,1
2023,G1,10,305,BO_070,BO_184,5,TRUE,26L,2022-10-31,2022-11-03,2023-05-05,186,183,2023-05-05,0,NA,2023-05-05,1,NA,NA,3.53,-,0,1,0,0,1,NA,NA,NA,NA,NA,15.739,0.99,15.897979797979799,NA,NA,1,1,0,0
2023,G1,10,307,BO_005,BO_176,1,TRUE,28L,2022-10-31,2022-11-03,2023-04-21,172,169,2023-05-05,14,NA,NA,1,NA,NA,26.18,-,3,1,7,16,4,2.333333333,9.333333333,3.055714286,NA,NA,41.943,1.7,24.67235294117647,-29.73,4.44,1,1,1,1
2023,G1,10,308,BO_168,BO_180,3,TRUE,29R,2022-10-31,2022-11-03,2023-05-17,198,195,2023-05-17,0,2023-05-17,NA,NA,1,NA,2.62,-,0,0,0,0,0,NA,0,NA,NA,NA,11.394,0.61,18.678688524590164,NA,NA,1,0,0,0
2023,G1,10,309,BO_199,BO_018,4,TRUE,30R,2022-10-31,2022-11-03,2023-05-05,186,183,2023-05-05,0,NA,2023-05-05,3,NA,NA,NA,-,7,0,23,23,7,3.285714286,23,0,NA,NA,37.418,2.67,14.014232209737829,NA,NA,1,1,1,1
2023,G2,10,309,BO_032,BO_088,1,TRUE,30L,2022-10-31,2022-11-03,2023-05-05,186,183,2023-05-05,0,NA,NA,1,NA,NA,10.66,X,3,0,10,10,3,3.333333333,10,2.237083333,NA,NA,38.259,2.24,17.079910714285713,-28.27,3.39,1,1,1,1
