Year,Gen,Transect,Sequence,Donor,Recipient,Plant_ID,F_plant,sample_ID_SEG,sample_ID,SegPos,Sow_Date,Plant_Date,FFD,days_sow2flower,days_plant2flower,LFD,fl_duration,F_Num_01,F_Num_02,F_Num_03,skel_dryweight_mg,skel_dryweight_mg_SEG,closed_fruits,open_fruits,filled_seeds,total_seeds,total_fruits,mean_seeds_per_fruit,est_fecundity,msm_all,corolla_diam_mm,photo_date,corolla_diam_mm_SEG,photo_date_SEG,leaf_area_mm2,leaf_dryweight_mg,leaf_area_mm2_SEG,leaf_dryweight_mg_SEG,SLA_SEG,SLA,LMA_SEG,LMA,d13C,sample_weight_mg,d13C_SEG,sample_weight_mg_SEG,surv_to_flower,surv_to_fruitprod,prod_closed_fruits,prod_filled_seeds
2023,G1,1,14,BO_039,BO_087,4,TRUE,BO-087-G1-001-14L,BO-087-G1-001-14L-4,14L,2022-10-31,2022-11-03,2023-05-05,186,183,2023-05-05,0,NA,NA,NA,22.55,22.55,2,9,0,0,11,0,0,NA,NA,NA,NA,NA,NA,NA,NA,NA,NA,NA,NA,NA,-29.26,4.92,-29.26,4.92,1,1,1,0
2023,G1,1,15,BO_153,BO_177,2,TRUE,BO-177-G1-001-15R,BO-177-G1-001-15R-2,15R,2022-10-31,2022-11-03,2023-05-17,198,195,2023-05-17,0,NA,1,NA,NA,NA,0,0,0,0,0,NA,0,NA,18.816,2023-05-17,18.816,2023-05-17,NA,NA,NA,NA,NA,NA,NA,NA,NA,NA,NA,NA,1,0,0,0
2023,G1,1,17,BO_201,BO_189,4,TRUE,BO-189-G1-001-17L,BO-189-G1-001-17L-4,17L,2022-10-31,2022-11-03,2023-05-17,198,195,2023-05-17,0,NA,NA,NA,NA,NA,1,0,4,4,1,4,4,4.8,31.615,2023-05-17,31.615,2023-05-17,NA,NA,NA,NA,NA,NA,NA,NA,-27.58,4.26,-27.58,4.26,1,1,1,1
2023,G1,1,18,BO_189,BO_142,3,TRUE,BO-142-G1-001-18R,BO-142-G1-001-18R-3,18R,2022-10-31,2022-11-03,2023-05-05,186,183,2023-05-05,0,NA,NA,NA,NA,NA,2,1,0,0,3,0,0,NA,26.275,2023-05-05,26.275,2023-05-05,NA,NA,45.093,3.94,11.444923857868021,NA,0.08737498059565786,NA,NA,NA,NA,NA,1,1,1,0
2023,G1,1,19,BO_170,BO_055,4,TRUE,BO-055-G1-001-19R,BO-055-G1-001-19R-4,19R,2022-10-31,2022-11-03,2023-05-17,198,195,2023-06-15,29,NA,NA,NA,29.05,29.05,2,1,0,0,3,0,0,NA,NA,NA,NA,NA,43.562,2.72,43.562,2.72,16.015441176470585,16.015441176470585,0.06243974105872092,0.06243974105872092,-28.43,5.17,-28.43,5.17,1,1,1,0
2023,G2,1,20,BO_033,BO_124,2,TRUE,BO-124-G2-001-20R,BO-124-G2-001-20R-2,20R,2022-10-31,2022-11-03,2023-05-05,186,183,2023-05-05,0,NA,NA,NA,NA,NA,0,1,0,0,1,NA,NA,NA,23.604,2023-05-05,23.604,2023-05-05,NA,NA,NA,NA,NA,NA,NA,NA,NA,NA,NA,NA,1,1,0,0
2023,G2,1,21,BO_173,BO_091,1,TRUE,BO-091-G2-001-21L,BO-091-G2-001-21L-1,21L,2022-10-31,2022-11-03,2023-05-05,186,183,2023-05-05,0,NA,NA,NA,NA,NA,0,0,0,0,0,NA,0,NA,NA,NA,NA,NA,NA,NA,NA,NA,NA,NA,NA,NA,NA,NA,NA,NA,1,0,0,0
2023,G1,1,22,BO_029,BO_190,5,TRUE,BO-190-G1-001-22R,BO-190-G1-001-22R-5,22R,2022-10-31,2022-11-03,2023-05-05,186,183,2023-05-05,0,NA,NA,NA,33.18,33.18,2,0,2,2,2,1,2,6.785,30.025,2023-05-05,30.025,2023-05-05,NA,NA,NA,NA,NA,NA,NA,NA,-28.51,4.85,-28.51,4.85,1,1,1,1
2023,G1,1,24,BO_033,BO_099,1,TRUE,BO-099-G1-001-24L,BO-099-G1-001-24L-1,24L,2022-10-31,2022-11-03,2023-05-05,186,183,2023-05-05,0,NA,NA,NA,6.78,6.78,1,2,0,3,3,0,0,NA,26.275,2023-05-05,26.275,2023-05-05,21.346,1.4,21.346,1.4,15.247142857142858,15.247142857142858,0.0655860582778975,0.0655860582778975,-30.67,3.96,-30.67,3.96,1,1,1,0
2023,G1,1,25,BO_170,BO_055,5,TRUE,BO-055-G1-001-25L,BO-055-G1-001-25L-5,25L,2022-10-31,2022-11-03,2023-05-05,186,183,2023-05-05,0,1,NA,NA,4.56,4.56,5,0,5,7,5,1,5,1.894,8.152,2023-05-05,8.152,2023-05-05,NA,NA,NA,NA,NA,NA,NA,NA,-29.09,2.5,-29.09,2.5,1,1,1,1
2023,G1,1,26,BO_194,BO_037,2,TRUE,BO-037-G1-001-26R,BO-037-G1-001-26R-2,26R,2022-10-31,2022-11-03,2023-05-05,186,183,2023-05-05,0,1,NA,NA,NA,NA,0,1,0,0,1,NA,NA,NA,26.383,2023-05-05,26.383,2023-05-05,NA,NA,NA,NA,NA,NA,NA,NA,-32.09,2.04,-32.09,2.04,1,1,0,0
2023,G1,1,27,BO_177,BO_139,4,TRUE,BO-139-G1-001-27R,BO-139-G1-001-27R-4,27R,2022-10-31,2022-11-03,2023-05-05,186,183,2023-05-05,0,2,NA,NA,NA,NA,2,0,1,2,2,0.5,1,4.74,21.52,2023-05-05,21.52,2023-05-05,15.721,0.95,15.721,0.95,16.54842105263158,16.54842105263158,0.06042872590802112,0.06042872590802112,-30.62,3.2,-30.62,3.2,1,1,1,1
2023,G2,1,28,BO_033,BO_124,5,TRUE,BO-124-G2-001-28R,BO-124-G2-001-28R-5,28R,2022-10-31,2022-11-03,2023-05-17,198,195,2023-05-17,0,NA,NA,NA,NA,NA,1,0,0,0,1,0,0,NA,NA,NA,NA,NA,NA,NA,NA,NA,NA,NA,NA,NA,-31.01,1.56,-31.01,1.56,1,1,1,0
2023,G1,1,28,BO_163,BO_144,1,TRUE,BO-144-G1-001-28L,BO-144-G1-001-28L-1,28L,2022-10-31,2022-11-03,2023-05-05,186,183,2023-05-05,0,1,NA,NA,NA,NA,0,1,0,0,1,NA,NA,NA,25.945,2023-05-05,25.945,2023-05-05,NA,NA,NA,NA,NA,NA,NA,NA,NA,NA,NA,NA,1,1,0,0
2023,G1,1,30,BO_162,BO_089,1,TRUE,BO-089-G1-001-30L,BO-089-G1-001-30L-1,30L,2022-10-31,2022-11-03,2023-04-21,172,169,2023-05-05,14,6,NA,NA,55.84,55.84,8,10,25,36,18,3.125,56.25,4.004673913,26.29,2023-04-21,26.29,2023-04-21,NA,NA,NA,NA,NA,NA,NA,NA,-29.46,5.23,-29.46,5.23,1,1,1,1
2023,G1,1,33,BO_001,BO_151,3,TRUE,BO-151-G1-001-33L,BO-151-G1-001-33L-3,33L,2022-10-31,2022-11-03,2023-05-05,186,183,2023-05-05,0,2,NA,NA,33.43,33.43,5,6,8,13,11,1.6,17.6,3.187857143,25.725,2023-05-05,25.725,2023-05-05,NA,NA,NA,NA,NA,NA,NA,NA,-29.39,5.29,-29.39,5.29,1,1,1,1
2023,G1,1,35,BO_128,BO_060,1,TRUE,BO-060-G1-001-35L,BO-060-G1-001-35L-1,35L,2022-10-31,2022-11-03,2023-05-05,186,183,2023-05-05,0,2,NA,NA,NA,NA,0,0,0,0,0,NA,0,NA,14.009,2023-05-05,14.009,2023-05-05,NA,NA,NA,NA,NA,NA,NA,NA,NA,NA,NA,NA,1,0,0,0
2023,G1,1,37,BO_194,BO_125,5,TRUE,BO-125-G1-001-37L,BO-125-G1-001-37L-5,37L,2022-10-31,2022-11-03,2023-05-05,186,183,2023-05-17,12,1,1,NA,20.6,20.6,0,3,0,0,3,NA,NA,NA,28.194,2023-05-05,28.194,2023-05-05,NA,NA,NA,NA,NA,NA,NA,NA,-29.91,4.03,-29.91,4.03,1,1,0,0
2023,G1,1,39,BO_088,BO_140,5,TRUE,BO-140-G1-001-39R,BO-140-G1-001-39R-5,39R,2022-10-31,2022-11-03,2023-05-17,198,195,2023-05-17,0,NA,NA,NA,NA,NA,1,0,5,5,1,5,5,3.208,NA,NA,NA,NA,NA,NA,NA,NA,NA,NA,NA,NA,NA,NA,NA,NA,1,1,1,1
2023,G1,2,41,BO_168,BO_175,1,TRUE,BO-175-G1-002-1L,BO-175-G1-002-1L-1,1L,2022-10-31,2022-11-03,2023-05-17,198,195,2023-06-15,29,NA,NA,2,53.9,53.9,2,1,2,3,3,1,3,7.855,31.331,2023-05-17,31.331,2023-05-17,NA,NA,NA,NA,NA,NA,NA,NA,-27.89,4.01,-27.89,4.01,1,1,1,1
2023,G2,2,47,BO_109,BO_095,5,TRUE,BO-095-G2-002-7L,BO-095-G2-002-7L-5,7L,2022-10-31,2022-11-03,2023-05-17,198,195,2023-05-17,0,NA,NA,NA,NA,NA,3,0,1,4,3,0.3333333333,1,2.36,18.028,2023-05-17,18.028,2023-05-17,NA,NA,NA,NA,NA,NA,NA,NA,-27.11,2.67,-27.11,2.67,1,1,1,1
2023,G1,2,48,BO_040,BO_067,1,TRUE,BO-067-G1-002-8R,BO-067-G1-002-8R-1,8R,2022-10-31,2022-11-03,2023-05-05,186,183,2023-05-05,0,NA,NA,NA,NA,NA,0,0,0,0,0,NA,0,NA,NA,NA,NA,NA,NA,NA,NA,NA,NA,NA,NA,NA,NA,NA,NA,NA,1,0,0,0
2023,G2,2,48,BO_058,BO_094,2,TRUE,BO-094-G2-002-8L,BO-094-G2-002-8L-2,8L,2022-10-31,2022-11-03,2023-05-17,198,195,2023-06-01,15,NA,NA,NA,NA,NA,2,1,1,3,3,0.5,1.5,7.22,22.551,2023-05-17,22.551,2023-05-17,NA,NA,NA,NA,NA,NA,NA,NA,-28.69,4.12,-28.69,4.12,1,1,1,1
2023,G1,2,49,BO_040,BO_067,1,TRUE,BO-067-G1-002-9L,BO-067-G1-002-9L-1,9L,2022-10-31,2022-11-03,2023-05-17,198,195,2023-06-01,15,NA,NA,NA,19.02,19.02,4,0,12,12,4,3,12,2.626666667,NA,NA,NA,NA,NA,NA,NA,NA,NA,NA,NA,NA,-28.74,2.42,-28.74,2.42,1,1,1,1
2023,G2,2,50,BO_069,BO_201,4,TRUE,BO-201-G2-002-10R,BO-201-G2-002-10R-4,10R,2022-10-31,2022-11-03,2023-05-05,186,183,2023-05-05,0,NA,NA,NA,2.04,2.04,0,0,0,0,0,NA,0,NA,NA,NA,NA,NA,NA,NA,NA,NA,NA,NA,NA,NA,-29.54,1.94,-29.54,1.94,1,0,0,0
2023,G1,2,51,BO_033,BO_143,2,TRUE,BO-143-G1-002-11R,BO-143-G1-002-11R-2,11R,2022-10-31,2022-11-03,2023-04-21,172,169,2023-05-05,14,1,NA,NA,3.31,3.31,0,3,0,0,3,NA,NA,NA,26.725,2023-04-21,26.725,2023-04-21,NA,NA,NA,NA,NA,NA,NA,NA,-31.03,1.81,-31.03,1.81,1,1,0,0
2023,G1,2,52,BO_058,BO_081,3,TRUE,BO-081-G1-002-12R,BO-081-G1-002-12R-3,12R,2022-10-31,2022-11-03,2023-04-21,172,169,2023-04-21,0,NA,NA,NA,NA,NA,0,1,0,0,1,NA,NA,NA,20.08,2023-04-21,20.08,2023-04-21,NA,NA,15.862,0.76,20.871052631578948,NA,0.04791325179674694,NA,NA,NA,NA,NA,1,1,0,0
2023,G1,2,54,BO_032,BO_096,5,TRUE,BO-096-G1-002-14L,BO-096-G1-002-14L-5,14L,2022-10-31,2022-11-03,2023-05-05,186,183,2023-05-05,0,1,NA,NA,3.39,3.39,1,0,1,1,1,1,1,6.09,NA,NA,NA,NA,NA,NA,32.519,2.09,15.55933014354067,NA,0.06427011900734955,NA,-30.45,1.93,-30.45,1.93,1,1,1,1
2023,G1,2,55,BO_058,BO_081,5,TRUE,BO-081-G1-002-15R,BO-081-G1-002-15R-5,15R,2022-10-31,2022-11-03,2023-04-21,172,169,2023-05-05,14,3,NA,NA,12.87,12.87,2,1,2,7,3,1,3,1.565,NA,NA,NA,NA,NA,NA,NA,NA,NA,NA,NA,NA,-29.32,2.9,-29.32,2.9,1,1,1,1
2023,G1,2,55,BO_106,BO_104,2,TRUE,BO-104-G1-002-15L,BO-104-G1-002-15L-2,15L,2022-10-31,2022-11-03,2023-05-05,186,183,2023-05-05,0,1,NA,NA,NA,NA,3,0,0,0,3,0,0,NA,28.056,2023-05-05,28.056,2023-05-05,NA,NA,NA,NA,NA,NA,NA,NA,-31.13,4.95,-31.13,4.95,1,1,1,0
2023,G1,2,56,BO_130,BO_174,4,TRUE,BO-174-G1-002-16R,BO-174-G1-002-16R-4,16R,2022-10-31,2022-11-03,2023-05-05,186,183,2023-05-05,0,1,NA,NA,NA,NA,1,1,3,3,2,3,6,1.91,NA,NA,NA,NA,NA,NA,NA,NA,NA,NA,NA,NA,-31.81,2.12,-31.81,2.12,1,1,1,1
2023,G1,2,58,BO_163,BO_144,4,TRUE,BO-144-G1-002-18R,BO-144-G1-002-18R-4,18R,2022-10-31,2022-11-03,2023-05-05,186,183,2023-06-15,41,1,NA,0,NA,NA,5,0,16,16,5,3.2,16,3.95125,27.615,2023-05-05,27.615,2023-05-05,NA,NA,NA,NA,NA,NA,NA,NA,-29.16,3.67,-29.16,3.67,1,1,1,1
2023,G1,2,60,BO_069,BO_043,1,TRUE,BO-043-G1-002-20L,BO-043-G1-002-20L-1,20L,2022-10-31,2022-11-03,2023-04-21,172,169,2023-05-05,14,0,NA,NA,7.38,7.38,3,0,0,2,3,0,0,NA,27.311,2023-04-21,27.311,2023-04-21,NA,NA,NA,NA,NA,NA,NA,NA,-27.58,2.5,-27.58,2.5,1,1,1,0
2023,G2,2,60,BO_128,BO_060,5,TRUE,BO-060-G2-002-20R,BO-060-G2-002-20R-5,20R,2022-10-31,2022-11-03,2023-04-21,172,169,2023-05-05,14,5,NA,NA,40.32,40.32,11,1,23,31,12,2.090909091,25.09090909,3.815708333,20.942,2023-04-21,20.942,2023-04-21,NA,NA,NA,NA,NA,NA,NA,NA,-28.85,3.57,-28.85,3.57,1,1,1,1
2023,G1,2,61,BO_038,BO_137,5,TRUE,BO-137-G1-002-21L,BO-137-G1-002-21L-5,21L,2022-10-31,2022-11-03,2023-04-21,172,169,2023-05-05,14,0,NA,NA,NA,NA,1,2,2,2,3,2,6,7.105,25.508,2023-04-21,25.508,2023-04-21,NA,NA,NA,NA,NA,NA,NA,NA,-28.81,2.25,-28.81,2.25,1,1,1,1
2023,G2,2,62,BO_199,BO_015,1,TRUE,BO-015-G2-002-22L,BO-015-G2-002-22L-1,22L,2022-10-31,2022-11-03,2023-05-05,186,183,2023-05-05,0,3,NA,NA,11.43,11.43,3,3,14,19,6,4.666666667,28,1.641212121,25.956,2023-05-05,25.956,2023-05-05,NA,NA,NA,NA,NA,NA,NA,NA,-29.08,2.04,-29.08,2.04,1,1,1,1
2023,G1,2,64,BO_183,BO_063,5,TRUE,BO-063-G1-002-24R,BO-063-G1-002-24R-5,24R,2022-10-31,2022-11-03,2023-05-05,186,183,2023-05-17,12,1,NA,NA,NA,NA,5,0,26,32,5,5.2,26,2.42425,30.224,2023-05-05,30.224,2023-05-05,NA,NA,NA,NA,NA,NA,NA,NA,-27.49,2.9,-27.49,2.9,1,1,1,1
2023,G1,2,66,BO_128,BO_044,1,TRUE,BO-044-G1-002-26L,BO-044-G1-002-26L-1,26L,2022-10-31,2022-11-03,2023-05-17,198,195,2023-06-01,15,NA,13,4,173.75,173.75,14,11,23,23,25,1.642857143,41.07142857,5.139078947,23.09,2023-05-17,23.09,2023-05-17,NA,NA,NA,NA,NA,NA,NA,NA,-25.96,3.02,-25.96,3.02,1,1,1,1
2023,G1,2,69,BO_187,BO_031,1,TRUE,BO-031-G1-002-29L,BO-031-G1-002-29L-1,29L,2022-10-31,2022-11-03,2023-04-21,172,169,2023-05-17,26,1,1,NA,NA,NA,4,1,20,27,5,5,25,2.638666667,24.599,2023-04-21,24.599,2023-04-21,NA,NA,NA,NA,NA,NA,NA,NA,NA,NA,NA,NA,1,1,1,1
2023,G1,2,71,BO_187,BO_031,2,TRUE,BO-031-G1-002-31L,BO-031-G1-002-31L-2,31L,2022-10-31,2022-11-03,NA,NA,NA,NA,NA,NA,NA,NA,NA,NA,0,1,0,0,1,NA,NA,NA,NA,NA,NA,NA,NA,NA,NA,NA,NA,NA,NA,NA,-25.69,2.99,-25.69,2.99,0,1,0,0
2023,G2,2,71,BO_088,BO_169,1,TRUE,BO-169-G2-002-31R,BO-169-G2-002-31R-1,31R,2022-10-31,2022-11-03,2023-05-17,198,195,2023-05-17,0,NA,2,NA,12.2,12.2,0,0,0,0,0,NA,0,NA,19.422,2023-05-17,19.422,2023-05-17,NA,NA,NA,NA,NA,NA,NA,NA,-28.74,2.63,-28.74,2.63,1,0,0,0
2023,G1,3,73,BO_199,BO_015,4,TRUE,BO-015-G1-003-2R,BO-015-G1-003-2R-4,2R,2022-10-31,2022-11-03,2023-05-05,186,183,2023-05-17,12,1,2,NA,22.34,22.34,0,0,0,0,0,NA,0,NA,29.725,2023-05-05,29.725,2023-05-05,NA,NA,NA,NA,NA,NA,NA,NA,-30.39,5.21,-30.39,5.21,1,0,0,0
2023,G1,3,75,BO_130,BO_174,2,TRUE,BO-174-G1-003-4R,BO-174-G1-003-4R-2,4R,2022-10-31,2022-11-03,2023-05-05,186,183,2023-05-05,0,NA,NA,NA,10.4,10.4,0,2,0,0,2,NA,NA,NA,NA,NA,NA,NA,NA,NA,NA,NA,NA,NA,NA,NA,-31.43,2.34,-31.43,2.34,1,1,0,0
2023,G1,3,76,BO_189,BO_086,5,TRUE,BO-086-G1-003-5R,BO-086-G1-003-5R-5,5R,2022-10-31,2022-11-03,2023-05-05,186,183,2023-05-17,12,1,4,NA,25.15,25.15,1,0,1,1,1,1,1,4.46,29.943,2023-05-05,29.943,2023-05-05,NA,NA,18.553,1.47,12.621088435374151,NA,0.07923246914245674,NA,-30.76,5.21,-30.76,5.21,1,1,1,1
2023,G1,3,76,BO_153,BO_177,5,TRUE,BO-177-G1-003-5L,BO-177-G1-003-5L-5,5L,2022-10-31,2022-11-03,2023-04-21,172,169,2023-05-17,26,1,1,NA,7.7,7.7,0,1,0,0,1,NA,NA,NA,16.314,2023-04-21,16.314,2023-04-21,NA,NA,NA,NA,NA,NA,NA,NA,-30.27,1.26,-30.27,1.26,1,1,0,0
2023,G1,3,77,BO_170,BO_111,4,TRUE,BO-111-G1-003-6R,BO-111-G1-003-6R-4,6R,2022-10-31,2022-11-03,2023-05-05,186,183,2023-05-05,0,2,NA,NA,71.88,71.88,5,0,6,7,5,1.2,6,3.001666667,27.93,2023-05-05,27.93,2023-05-05,NA,NA,NA,NA,NA,NA,NA,NA,-28.94,3.79,-28.94,3.79,1,1,1,1
2023,G2,3,83,BO_163,BO_072,3,TRUE,BO-072-G2-003-12L,BO-072-G2-003-12L-3,12L,2022-10-31,2022-11-03,2023-05-17,198,195,2023-05-17,0,NA,NA,NA,10.49,10.49,0,4,0,0,4,NA,NA,NA,26.324,2023-05-17,26.324,2023-05-17,NA,NA,NA,NA,NA,NA,NA,NA,-29.25,2.89,-29.25,2.89,1,1,0,0
2023,G1,3,85,BO_170,BO_045,4,TRUE,BO-045-G1-003-14R,BO-045-G1-003-14R-4,14R,2022-10-31,2022-11-03,NA,NA,NA,NA,NA,NA,NA,NA,23.6,23.6,3,1,8,9,4,2.666666667,10.66666667,3.11875,NA,NA,NA,NA,NA,NA,NA,NA,NA,NA,NA,NA,-30.78,4.79,-30.78,4.79,0,1,1,1
2023,G1,3,85,BO_168,BO_180,4,TRUE,BO-180-G1-003-14L,BO-180-G1-003-14L-4,14L,2022-10-31,2022-11-03,2023-05-05,186,183,2023-05-05,0,3,NA,NA,22.16,22.16,0,7,0,0,7,NA,NA,NA,20.565,2023-05-05,20.565,2023-05-05,NA,NA,NA,NA,NA,NA,NA,NA,-30.03,4.06,-30.03,4.06,1,1,0,0
2023,G2,3,86,BO_188,BO_154,3,TRUE,BO-154-G2-003-15L,BO-154-G2-003-15L-3,15L,2022-10-31,2022-11-03,2023-05-05,186,183,2023-05-17,12,1,1,NA,6.74,6.74,1,1,1,1,2,1,2,6.27,NA,NA,NA,NA,NA,NA,NA,NA,NA,NA,NA,NA,-28.39,2.43,-28.39,2.43,1,1,1,1
2023,G2,3,87,BO_069,BO_201,4,TRUE,BO-201-G2-003-16L,BO-201-G2-003-16L-4,16L,2022-10-31,2022-11-03,2023-05-05,186,183,2023-05-17,12,3,2,NA,NA,NA,0,1,0,0,1,NA,NA,NA,27.07,2023-05-05,27.07,2023-05-05,NA,NA,NA,NA,NA,NA,NA,NA,NA,NA,NA,NA,1,1,0,0
2023,G1,4,106,BO_109,BO_095,5,TRUE,BO-095-G1-004-9L,BO-095-G1-004-9L-5,9L,2022-10-31,2022-11-03,2023-05-05,186,183,2023-05-05,0,1,NA,NA,NA,NA,0,0,0,0,0,NA,0,NA,26.968,2023-05-05,26.968,2023-05-05,36.892,2.86,36.892,2.86,12.899300699300701,12.899300699300701,0.07752358234847663,0.07752358234847663,-30.49,4.31,-30.49,4.31,1,0,0,0
2023,G1,4,107,BO_168,BO_180,5,TRUE,BO-180-G1-004-10L,BO-180-G1-004-10L-5,10L,2022-10-31,2022-11-03,2023-05-05,186,183,2023-05-05,0,1,NA,NA,NA,NA,2,0,3,4,2,1.5,3,3.993333333,20.222,2023-05-05,20.222,2023-05-05,NA,NA,NA,NA,NA,NA,NA,NA,-30.13,2.12,-30.13,2.12,1,1,1,1
2023,G1,4,116,BO_194,BO_125,3,TRUE,BO-125-G1-004-19L,BO-125-G1-004-19L-3,19L,2022-10-31,2022-11-03,2023-05-05,186,183,2023-05-17,12,1,NA,NA,NA,NA,1,1,1,2,2,1,2,4.4,14.85,2023-05-05,14.85,2023-05-05,NA,NA,NA,NA,NA,NA,NA,NA,-31.09,3.04,-31.09,3.04,1,1,1,1
2023,G1,4,124,BO_201,BO_199,1,TRUE,BO-199-G1-004-27L,BO-199-G1-004-27L-1,27L,2022-10-31,2022-11-03,2023-05-17,198,195,2023-06-01,15,NA,NA,1,35.57,35.57,5,1,12,22,6,2.4,14.4,3.674166667,27.038,2023-05-17,27.038,2023-05-17,NA,NA,NA,NA,NA,NA,NA,NA,-28.98,3.84,-28.98,3.84,1,1,1,1
2023,G1,5,126,BO_189,BO_126,5,TRUE,BO-126-G1-005-2L,BO-126-G1-005-2L-5,2L,2022-10-31,2022-11-03,2023-05-05,186,183,2023-06-01,27,1,NA,0,NA,NA,3,2,13,13,5,4.333333333,21.66666667,2.31625,22.815,2023-05-05,22.815,2023-05-05,NA,NA,NA,NA,NA,NA,NA,NA,-29.68,3.18,-29.68,3.18,1,1,1,1
2023,G2,5,127,BO_088,BO_050,1,TRUE,BO-050-G2-005-3L,BO-050-G2-005-3L-1,3L,2022-10-31,2022-11-03,2023-05-05,186,183,2023-05-05,0,2,NA,NA,NA,NA,6,0,3,12,6,0.5,3,4.65,20.534,2023-05-05,20.534,2023-05-05,NA,NA,53.435,4.65,11.491397849462365,NA,0.08702161504631796,NA,-30.83,3.91,-30.83,3.91,1,1,1,1
2023,G1,5,128,BO_198,BO_159,3,TRUE,BO-159-G1-005-4R,BO-159-G1-005-4R-3,4R,2022-10-31,2022-11-03,2023-04-21,172,169,2023-04-21,0,0,NA,NA,4.25,4.25,1,0,3,5,1,3,3,1.273333333,NA,NA,NA,NA,NA,NA,39.524,2.12,18.643396226415092,NA,0.05363829571905678,NA,-29.36,0.86,-29.36,0.86,1,1,1,1
2023,G2,5,129,BO_188,BO_052,5,TRUE,BO-052-G2-005-5R,BO-052-G2-005-5R-5,5R,2022-10-31,2022-11-03,2023-05-05,186,183,2023-05-05,0,2,NA,NA,74.5,74.5,5,1,8,18,6,1.6,9.6,2.731872601,34.24,2023-05-05,34.24,2023-05-05,NA,NA,28.376,2.03,13.978325123152711,NA,0.07153932901043134,NA,-30.57,2.88,-30.57,2.88,1,1,1,1
2023,G2,5,130,BO_188,BO_008,5,TRUE,BO-008-G2-005-6R,BO-008-G2-005-6R-5,6R,2022-10-31,2022-11-03,2023-05-05,186,183,2023-05-05,0,NA,NA,NA,1.07,1.07,0,0,0,0,0,NA,0,NA,22.792,2023-05-05,22.792,2023-05-05,NA,NA,NA,NA,NA,NA,NA,NA,NA,NA,NA,NA,1,0,0,0
2023,G2,5,130,BO_199,BO_069,4,TRUE,BO-069-G2-005-6L,BO-069-G2-005-6L-4,6L,2022-10-31,2022-11-03,2023-05-17,198,195,2023-06-01,15,NA,1,0,13.23,13.23,1,2,4,5,3,4,12,2.7625,NA,NA,NA,NA,NA,NA,NA,NA,NA,NA,NA,NA,-29.83,3.1,-29.83,3.1,1,1,1,1
2023,G2,5,131,BO_001,BO_025,3,TRUE,BO-025-G2-005-7R,BO-025-G2-005-7R-3,7R,2022-10-31,2022-11-03,2023-05-05,186,183,2023-05-05,0,1,NA,NA,8.4,8.4,1,1,3,3,2,3,6,3.663333333,24.773,2023-05-05,24.773,2023-05-05,NA,NA,57.185,4.79,11.938413361169102,NA,0.0837632246218414,NA,-30.36,1.49,-30.36,1.49,1,1,1,1
2023,G1,5,132,BO_143,BO_004,3,TRUE,BO-004-G1-005-8L,BO-004-G1-005-8L-3,8L,2022-10-31,2022-11-03,2023-04-21,172,169,2023-04-21,0,NA,NA,NA,12.15,12.15,1,0,4,4,1,4,4,3.3675,NA,NA,NA,NA,NA,NA,27.377,2.01,13.62039800995025,NA,0.07341929356759323,NA,-29.14,3.22,-29.14,3.22,1,1,1,1
2023,G1,5,132,BO_119,BO_013,1,TRUE,BO-013-G1-005-8R,BO-013-G1-005-8R-1,8R,2022-10-31,2022-11-03,2023-05-05,186,183,2023-05-05,0,NA,NA,NA,7.15,7.15,1,0,2,2,1,2,2,4.015,16.539,2023-05-05,16.539,2023-05-05,NA,NA,18.634,1.15,16.203478260869566,NA,0.061715144359772454,NA,-30.62,3.07,-30.62,3.07,1,1,1,1
2023,G2,5,133,BO_194,BO_037,1,TRUE,BO-037-G2-005-9R,BO-037-G2-005-9R-1,9R,2022-10-31,2022-11-03,2023-04-21,172,169,2023-04-21,0,NA,NA,NA,4.32,4.32,1,0,0,0,1,0,0,NA,NA,NA,NA,NA,NA,NA,NA,NA,NA,NA,NA,NA,NA,NA,NA,NA,1,1,1,0
2023,G1,5,133,BO_033,BO_124,1,TRUE,BO-124-G1-005-9L,BO-124-G1-005-9L-1,9L,2022-10-31,2022-11-03,2023-04-21,172,169,2023-04-21,0,NA,NA,NA,5.06,5.06,2,0,1,2,2,0.5,1,2.8,NA,NA,NA,NA,NA,NA,31.688,NA,NA,NA,NA,NA,-30.56,2.15,-30.56,2.15,1,1,1,1
2023,G1,5,136,BO_070,BO_184,5,TRUE,BO-184-G1-005-12L,BO-184-G1-005-12L-5,12L,2022-10-31,2022-11-03,2023-05-05,186,183,2023-05-05,0,NA,NA,NA,3.1,3.1,1,0,2,2,1,2,2,2.17,NA,NA,NA,NA,NA,NA,NA,NA,NA,NA,NA,NA,NA,NA,NA,NA,1,1,1,1
2023,G2,5,137,BO_058,BO_094,3,TRUE,BO-094-G2-005-13L,BO-094-G2-005-13L-3,13L,2022-10-31,2022-11-03,2023-05-05,186,183,2023-05-05,0,NA,NA,NA,NA,NA,0,0,0,0,0,NA,0,2.2975,NA,NA,NA,NA,NA,NA,NA,NA,NA,NA,NA,NA,-29.54,2.69,-29.54,2.69,1,0,0,0
2023,G1,5,138,BO_058,BO_094,3,TRUE,BO-094-G1-005-14L,BO-094-G1-005-14L-3,14L,2022-10-31,2022-11-03,2023-04-21,172,169,2023-04-21,0,NA,NA,NA,32,32,2,0,4,6,2,2,4,2.3,NA,NA,NA,NA,NA,NA,NA,NA,NA,NA,NA,NA,NA,NA,NA,NA,1,1,1,1
2023,G1,5,140,BO_065,BO_078,5,TRUE,BO-078-G1-005-16R,BO-078-G1-005-16R-5,16R,2022-10-31,2022-11-03,2023-04-21,172,169,2023-04-21,0,NA,NA,NA,4.95,4.95,3,1,15,15,4,5,20,3.830416667,NA,NA,NA,NA,NA,NA,NA,NA,NA,NA,NA,NA,-30.74,2.96,-30.74,2.96,1,1,1,1
2023,G1,5,140,BO_088,BO_169,3,TRUE,BO-169-G1-005-16L,BO-169-G1-005-16L-3,16L,2022-10-31,2022-11-03,2023-06-01,213,210,2023-06-01,0,NA,NA,1,NA,NA,0,0,0,0,0,NA,0,NA,15.223,2023-06-02,15.223,2023-06-02,NA,NA,NA,NA,NA,NA,NA,NA,NA,NA,NA,NA,1,0,0,0
2023,G2,5,142,BO_189,BO_086,5,TRUE,BO-086-G2-005-18R,BO-086-G2-005-18R-5,18R,2022-10-31,2022-11-03,2023-05-05,186,183,2023-06-01,27,NA,3,0,NA,NA,0,1,0,0,1,NA,NA,NA,26.271,2023-05-05,26.271,2023-05-05,NA,NA,NA,NA,NA,NA,NA,NA,-30.69,3.16,-30.69,3.16,1,1,0,0
2023,G1,5,142,BO_143,BO_152,2,TRUE,BO-152-G1-005-18L,BO-152-G1-005-18L-2,18L,2022-10-31,2022-11-03,2023-05-05,186,183,2023-06-01,27,3,6,0,51.84,51.84,5,11,11,11,16,2.2,35.2,3.928611111,26.309,2023-05-05,26.309,2023-05-05,NA,NA,NA,NA,NA,NA,NA,NA,-31.85,4.59,-31.85,4.59,1,1,1,1
2023,G1,5,144,BO_033,BO_124,2,TRUE,BO-124-G1-005-20L,BO-124-G1-005-20L-2,20L,2022-10-31,2022-11-03,2023-04-21,172,169,2023-05-17,26,3,2,NA,87.89,87.89,13,0,54,60,13,4.153846154,54,3.293882759,NA,NA,NA,NA,NA,NA,32.328,2.46,13.141463414634147,NA,0.07609502598366741,NA,-28.57,5.53,-28.57,5.53,1,1,1,1
2023,G1,5,146,BO_005,BO_019,3,TRUE,BO-019-G1-005-22L,BO-019-G1-005-22L-3,22L,2022-10-31,2022-11-03,2023-05-05,186,183,2023-05-05,0,NA,NA,2,NA,NA,3,0,2,2,3,0.6666666667,2,8.815,22.343,2023-06-02,22.343,2023-06-02,NA,NA,NA,NA,NA,NA,NA,NA,-28.4,3.71,-28.4,3.71,1,1,1,1
2023,G1,5,147,BO_153,BO_177,5,TRUE,BO-177-G1-005-23L,BO-177-G1-005-23L-5,23L,2022-10-31,2022-11-03,2023-04-21,172,169,2023-05-17,26,NA,NA,NA,NA,NA,0,1,0,0,1,NA,NA,NA,NA,NA,NA,NA,NA,NA,NA,NA,NA,NA,NA,NA,NA,NA,NA,NA,1,1,0,0
2023,G1,5,149,BO_187,BO_031,5,TRUE,BO-031-G1-005-25L,BO-031-G1-005-25L-5,25L,2022-10-31,2022-11-03,2023-05-05,186,183,2023-05-05,0,NA,NA,NA,NA,NA,1,0,0,3,1,0,0,NA,NA,NA,NA,NA,NA,NA,35.178,2.39,14.718828451882843,NA,0.06794018989140942,NA,NA,NA,NA,NA,1,1,1,0
2023,G1,5,153,BO_109,BO_001,5,TRUE,BO-001-G1-005-29L,BO-001-G1-005-29L-5,29L,2022-10-31,2022-11-03,2023-05-05,186,183,2023-05-05,0,NA,NA,NA,NA,NA,2,0,3,9,2,1.5,3,1.62,19.62,2023-05-05,19.62,2023-05-05,NA,NA,NA,NA,NA,NA,NA,NA,NA,NA,NA,NA,1,1,1,1
2023,G2,5,156,BO_162,BO_108,5,TRUE,BO-108-G2-005-32R,BO-108-G2-005-32R-5,32R,2022-10-31,2022-11-03,2023-05-05,186,183,2023-05-05,0,NA,NA,NA,2.09,2.09,1,0,2,2,1,2,2,1.305,NA,NA,NA,NA,NA,NA,NA,NA,NA,NA,NA,NA,NA,NA,NA,NA,1,1,1,1
2023,G2,5,158,BO_194,BO_125,2,TRUE,BO-125-G2-005-34L,BO-125-G2-005-34L-2,34L,2022-10-31,2022-11-03,2023-05-05,186,183,2023-05-05,0,3,NA,NA,NA,NA,1,0,4,4,1,4,4,3.635,23.636,2023-05-05,23.636,2023-05-05,NA,NA,NA,NA,NA,NA,NA,NA,NA,NA,NA,NA,1,1,1,1
2023,G2,5,158,BO_022,BO_146,3,TRUE,BO-146-G2-005-34R,BO-146-G2-005-34R-3,34R,2022-10-31,2022-11-03,2023-04-21,172,169,2023-05-05,14,1,NA,NA,NA,NA,3,0,7,13,3,2.333333333,7,2.657083333,23.969,2023-05-05,23.969,2023-05-05,NA,NA,NA,NA,NA,NA,NA,NA,NA,NA,NA,NA,1,1,1,1
2023,G2,6,168,BO_187,BO_031,3,TRUE,BO-031-G2-006-22R,BO-031-G2-006-22R-3,22R,2022-10-31,2022-11-03,2023-04-21,172,169,2023-05-05,14,1,NA,NA,NA,NA,3,3,5,12,6,1.666666667,10,1.998,23.173,2023-04-21,23.173,2023-04-21,NA,NA,NA,NA,NA,NA,NA,NA,-30.3,1.3,-30.3,1.3,1,1,1,1
2023,G2,6,168,BO_188,BO_052,5,TRUE,BO-052-G2-006-22L,BO-052-G2-006-22L-5,22L,2022-10-31,2022-11-03,2023-05-05,186,183,2023-05-05,0,NA,NA,NA,23.19,23.19,5,0,7,14,5,1.4,7,2.742857143,NA,NA,28.472,2023-04-21,NA,NA,NA,NA,NA,NA,NA,NA,-28.52,4.35,-28.52,4.35,1,1,1,1
2023,G1,6,169,BO_149,BO_185,3,TRUE,BO-185-G1-006-1R,BO-185-G1-006-1R-3,1R,2022-10-31,2022-11-03,2023-05-05,186,183,2023-05-17,12,4,2,NA,86.68,86.68,10,0,20,20,10,2,20,5.213137255,39.359,2023-05-05,39.359,2023-05-05,NA,NA,NA,NA,NA,NA,NA,NA,-30.08,2.35,-30.08,2.35,1,1,1,1
2023,G1,6,170,BO_151,BO_056,5,TRUE,BO-056-G1-006-2L,BO-056-G1-006-2L-5,2L,2022-10-31,2022-11-03,2023-05-05,186,183,2023-05-17,12,1,NA,NA,5.37,5.37,1,0,2,2,1,2,2,2.94,NA,NA,NA,NA,NA,NA,49.324,3.05,16.171803278688525,NA,0.061836023031384316,NA,-31.67,2.49,-31.67,2.49,1,1,1,1
2023,G2,6,170,BO_040,BO_067,1,TRUE,BO-067-G2-006-2R,BO-067-G2-006-2R-1,2R,2022-10-31,2022-11-03,2023-05-05,186,183,2023-05-17,12,2,2,NA,21.3,21.3,5,0,8,9,5,1.6,8,3.9825,NA,NA,29.164,2023-05-05,NA,NA,NA,NA,NA,NA,NA,NA,-30.23,1.77,-30.23,1.77,1,1,1,1
2023,G1,6,171,BO_153,BO_022,1,TRUE,BO-022-G1-006-3L,BO-022-G1-006-3L-1,3L,2022-10-31,2022-11-03,2023-05-05,186,183,2023-06-01,27,NA,1,1,15.87,15.87,3,1,2,9,4,0.6666666667,2.666666667,4.205,18.95,2023-05-05,18.95,2023-05-05,NA,NA,24.019,1.49,16.12013422818792,NA,0.0620342229068654,NA,-31.67,5.16,-31.67,5.16,1,1,1,1
2023,G1,6,171,BO_162,BO_089,5,TRUE,BO-089-G1-006-3R,BO-089-G1-006-3R-5,3R,2022-10-31,2022-11-03,2023-04-21,172,169,2023-06-01,41,0,NA,0,12.11,12.11,1,3,3,3,4,3,12,4.913333333,NA,NA,22.639,2023-04-21,NA,NA,56.661,3.76,15.069414893617022,NA,0.066359577134184,NA,-30.99,3.19,-30.99,3.19,1,1,1,1
2023,G1,6,172,BO_198,BO_158,1,TRUE,BO-158-G1-006-4L,BO-158-G1-006-4L-1,4L,2022-10-31,2022-11-03,2023-05-05,186,183,2023-06-15,41,NA,1,1(6/15),17.61,17.61,2,0,5,5,2,2.5,5,4.81,NA,NA,24.977,2023-05-05,NA,NA,33.308,2.47,13.48502024291498,NA,0.07415635883271286,NA,-27.84,4.77,-27.84,4.77,1,1,1,1
2023,G1,6,172,BO_101,BO_182,5,TRUE,BO-182-G1-006-4R,BO-182-G1-006-4R-5,4R,2022-10-31,2022-11-03,2023-05-17,198,195,2023-05-17,0,NA,2,NA,9.98,9.98,2,0,1,3,2,0.5,1,1.84,22.379,2023-05-17,22.379,2023-05-17,NA,NA,18.282,1.14,16.03684210526316,NA,0.062356416147029865,NA,-28.94,1.44,-28.94,1.44,1,1,1,1
2023,G1,6,173,BO_106,BO_131,3,TRUE,BO-131-G1-006-5L,BO-131-G1-006-5L-3,5L,2022-10-31,2022-11-03,2023-04-21,172,169,2023-05-05,14,NA,NA,NA,NA,NA,0,0,0,0,0,NA,0,NA,NA,NA,16.493,2023-04-21,NA,NA,NA,NA,NA,NA,NA,NA,-30.26,0.92,-30.26,0.92,1,0,0,0
2023,G2,6,175,BO_106,BO_191,1,TRUE,BO-191-G2-006-7L,BO-191-G2-006-7L-1,7L,2022-10-31,2022-11-03,2023-05-05,186,183,2023-05-05,0,1,NA,NA,1.59,1.59,1,0,0,0,1,0,0,NA,19.733,2023-05-05,19.733,2023-05-05,NA,NA,NA,NA,NA,NA,NA,NA,NA,NA,NA,NA,1,1,1,0
2023,G2,6,176,BO_163,BO_072,1,TRUE,BO-072-G2-006-8L,BO-072-G2-006-8L-1,8L,2022-10-31,2022-11-03,2023-04-21,172,169,2023-06-01,41,0,NA,0,4.24,4.24,2,0,3,3,2,1.5,3,1.876666667,25.457,2023-04-21,25.457,2023-04-21,NA,NA,NA,NA,NA,NA,NA,NA,-28.16,0.97,-28.16,0.97,1,1,1,1
2023,G1,6,176,BO_177,BO_121,2,TRUE,BO-121-G1-006-8R,BO-121-G1-006-8R-2,8R,2022-10-31,2022-11-03,2023-04-21,172,169,2023-05-17,26,NA,2,NA,140.1,140.1,17,3,104,117,20,6.117647059,122.3529412,2.553777778,27.808,2023-04-21,27.808,2023-04-21,NA,NA,NA,NA,NA,NA,NA,NA,-30.82,4.39,-30.82,4.39,1,1,1,1
2023,G1,6,177,BO_039,BO_087,4,TRUE,BO-087-G1-006-9R,BO-087-G1-006-9R-4,9R,2022-10-31,2022-11-03,2023-04-21,172,169,2023-04-21,0,NA,NA,NA,7.41,7.41,0,0,0,0,0,NA,0,NA,21.235,2023-04-21,21.235,2023-04-21,NA,NA,34.888,2.73,12.779487179487178,NA,0.07825040128410915,NA,-28.58,2.53,-28.58,2.53,1,0,0,0
2023,G1,6,177,BO_192,BO_166,1,TRUE,BO-166-G1-006-9L,BO-166-G1-006-9L-1,9L,2022-10-31,2022-11-03,2023-05-05,186,183,2023-05-05,0,NA,NA,NA,6.33,6.33,2,0,8,8,2,4,8,3.010333333,NA,NA,30.596,2023-05-05,NA,NA,93.084,5.83,15.966380789022299,NA,0.06263160156417859,NA,-29.01,2.09,-29.01,2.09,1,1,1,1
2023,G2,6,179,BO_109,BO_001,3,TRUE,BO-001-G2-006-11R,BO-001-G2-006-11R-3,11R,2022-10-31,2022-11-03,2023-05-05,186,183,2023-05-05,0,NA,NA,NA,NA,NA,1,1,8,8,2,8,16,2.41375,19.213,2023-05-05,19.213,2023-05-05,NA,NA,NA,NA,NA,NA,NA,NA,-29.72,1.81,-29.72,1.81,1,1,1,1
2023,G2,6,179,BO_199,BO_015,2,TRUE,BO-015-G2-006-11L,BO-015-G2-006-11L-2,11L,2022-10-31,2022-11-03,2023-04-21,172,169,2023-04-21,0,NA,NA,NA,NA,NA,2,0,11,13,2,5.5,11,2.096363636,NA,NA,26.317,2023-05-17,38.62,2.23,38.62,2.23,17.318385650224215,17.318385650224215,0.05774210253754532,0.05774210253754532,NA,NA,NA,NA,1,1,1,1
2023,G1,6,180,BO_069,BO_145,2,TRUE,BO-145-G1-006-12L,BO-145-G1-006-12L-2,12L,2022-10-31,2022-11-03,2023-06-01,213,210,2023-06-01,0,NA,NA,1,16.26,16.26,0,1,0,0,1,NA,NA,NA,NA,NA,NA,NA,NA,NA,30.13,2.64,11.412878787878787,NA,0.08762031198141387,NA,-29.3,3.42,-29.3,3.42,1,1,0,0
2023,G1,6,180,BO_198,BO_158,4,TRUE,BO-158-G1-006-12R,BO-158-G1-006-12R-4,12R,2022-10-31,2022-11-03,2023-05-17,198,195,2023-05-17,0,NA,NA,NA,5.65,5.65,1,1,1,2,2,1,2,3.79,NA,NA,NA,NA,NA,NA,NA,NA,NA,NA,NA,NA,-30.73,2.14,-30.73,2.14,1,1,1,1
2023,G2,6,181,BO_128,BO_060,3,TRUE,BO-060-G2-006-13R,BO-060-G2-006-13R-3,13R,2022-10-31,2022-11-03,2023-04-21,172,169,2023-04-21,0,NA,NA,NA,4.87,4.87,2,0,0,2,2,0,0,NA,NA,NA,NA,NA,NA,NA,NA,NA,NA,NA,NA,NA,-30.11,1.09,-30.11,1.09,1,1,1,0
2023,G1,6,181,BO_201,BO_199,1,TRUE,BO-199-G1-006-13L,BO-199-G1-006-13L-1,13L,2022-10-31,2022-11-03,2023-04-21,172,169,2023-05-05,14,NA,NA,NA,75.38,75.38,10,0,27,29,10,2.7,27,6.139444444,28.646,2023-04-21,28.646,2023-04-21,NA,NA,37.45,3.64,10.288461538461538,NA,0.09719626168224299,NA,-28.74,3.43,-28.74,3.43,1,1,1,1
2023,G2,6,182,BO_201,BO_130,4,TRUE,BO-130-G2-006-14R,BO-130-G2-006-14R-4,14R,2022-10-31,2022-11-03,2023-05-17,198,195,2023-05-17,0,NA,1,NA,NA,NA,2,0,2,3,2,1,2,4.765,21.681,2023-05-17,21.681,2023-05-17,NA,NA,27.449,2.84,9.665140845070423,NA,0.10346460708951145,NA,NA,NA,NA,NA,1,1,1,1
2023,G1,6,184,BO_074,BO_027,3,TRUE,BO-027-G1-006-16L,BO-027-G1-006-16L-3,16L,2022-10-31,2022-11-03,2023-05-05,186,183,2023-05-05,0,2,NA,NA,54.23,54.23,8,0,24,42,8,3,24,2.315333333,26.129,2023-05-05,26.129,2023-05-05,NA,NA,49.449,4.34,11.393778801843318,NA,0.08776719448320491,NA,-29.59,5.15,-29.59,5.15,1,1,1,1
2023,G1,6,185,BO_069,BO_201,1,TRUE,BO-201-G1-006-17L,BO-201-G1-006-17L-1,17L,2022-10-31,2022-11-03,2023-04-21,172,169,2023-05-17,26,1,1,NA,NA,NA,5,1,8,8,6,1.6,9.6,5.37375,NA,NA,26.336,2023-05-05,NA,NA,40.279,3.67,10.975204359673025,NA,0.09111447652622955,NA,NA,NA,NA,NA,1,1,1,1
2023,G1,6,186,BO_001,BO_048,3,TRUE,BO-048-G1-006-18R,BO-048-G1-006-18R-3,18R,2022-10-31,2022-11-03,2023-05-05,186,183,2023-05-17,12,1,2,NA,NA,NA,11,4,37,47,15,3.363636364,50.45454545,3.262759259,30.306,2023-05-05,30.306,2023-05-05,NA,NA,19.916,1.62,12.293827160493827,NA,0.08134163486643904,NA,-28.74,4.44,-28.74,4.44,1,1,1,1
2023,G2,6,187,BO_001,BO_048,3,TRUE,BO-048-G2-006-19R,BO-048-G2-006-19R-3,19R,2022-10-31,2022-11-03,2023-04-21,172,169,2023-04-21,0,NA,NA,NA,0.89,0.89,0,0,0,0,0,NA,0,NA,NA,NA,NA,NA,NA,NA,NA,NA,NA,NA,NA,NA,NA,NA,NA,NA,1,0,0,0
2023,G1,6,187,BO_199,BO_069,1,TRUE,BO-069-G1-006-19L,BO-069-G1-006-19L-1,19L,2022-10-31,2022-11-03,2023-04-21,172,169,2023-05-05,14,NA,NA,NA,NA,NA,3,2,9,11,5,3,15,1.753333333,31.526,2023-04-21,31.526,2023-04-21,NA,NA,30.59,2.4,12.745833333333334,NA,0.07845701209545602,NA,NA,NA,NA,NA,1,1,1,1
2023,G1,6,188,BO_185,BO_071,4,TRUE,BO-071-G1-006-20R,BO-071-G1-006-20R-4,20R,2022-10-31,2022-11-03,2023-05-17,198,195,2023-05-17,0,NA,1,NA,6.41,6.41,0,0,0,0,0,NA,0,NA,NA,NA,27.473,2023-04-21,NA,NA,NA,NA,NA,NA,NA,NA,-28.91,1.59,-28.91,1.59,1,0,0,0
2023,G1,6,188,BO_073,BO_117,4,TRUE,BO-117-G1-006-20L,BO-117-G1-006-20L-4,20L,2022-10-31,2022-11-03,2023-04-21,172,169,2023-04-21,0,NA,NA,NA,5.78,5.78,0,2,0,0,2,NA,NA,NA,NA,NA,NA,NA,NA,NA,NA,NA,NA,NA,NA,NA,-28.6,1.34,-28.6,1.34,1,1,0,0
2023,G2,6,189,BO_163,BO_034,5,TRUE,BO-034-G2-006-21L,BO-034-G2-006-21L-5,21L,2022-10-31,2022-11-03,2023-04-21,172,169,2023-05-05,14,NA,NA,NA,2.23,2.23,0,1,0,0,1,NA,NA,NA,26.852,2023-04-21,26.852,2023-04-21,NA,NA,NA,NA,NA,NA,NA,NA,NA,NA,NA,NA,1,1,0,0
2023,G1,6,190,BO_088,BO_140,3,TRUE,BO-140-G1-006-23R,BO-140-G1-006-23R-3,23R,2022-10-31,2022-11-03,2023-04-21,172,169,2023-04-21,0,NA,NA,NA,8.59,8.59,2,0,10,11,2,5,10,2.023,30.073,2023-04-21,30.073,2023-04-21,NA,NA,38.059,2.84,13.40105633802817,NA,0.07462098321027877,NA,-30.29,2.07,-30.29,2.07,1,1,1,1
2023,G2,6,192,BO_199,BO_018,2,TRUE,BO-018-G2-006-25L,BO-018-G2-006-25L-2,25L,2022-10-31,2022-11-03,2023-05-17,198,195,2023-05-17,0,NA,NA,NA,8.99,8.99,2,0,0,3,2,0,0,NA,NA,NA,NA,NA,NA,NA,NA,NA,NA,NA,NA,NA,-30.69,2.05,-30.69,2.05,1,1,1,0
2023,G2,6,192,BO_192,BO_021,5,TRUE,BO-021-G2-006-25R,BO-021-G2-006-25R-5,25R,2022-10-31,2022-11-03,2023-04-21,172,169,2023-05-05,14,2,NA,NA,32.97,32.97,8,4,22,26,12,2.75,33,3.111857143,22.657,2023-04-21,22.657,2023-04-21,NA,NA,88.732,6.74,13.164985163204747,NA,0.07595906775458684,NA,-29.04,1.57,-29.04,1.57,1,1,1,1
2023,G2,6,193,BO_029,BO_190,1,TRUE,BO-190-G2-006-26L,BO-190-G2-006-26L-1,26L,2022-10-31,2022-11-03,2023-05-05,186,183,2023-05-05,0,NA,NA,NA,NA,NA,0,2,0,0,2,NA,NA,NA,NA,NA,NA,NA,NA,NA,NA,NA,NA,NA,NA,NA,NA,NA,NA,NA,1,1,0,0
2023,G1,6,194,BO_040,BO_029,5,TRUE,BO-029-G1-006-27R,BO-029-G1-006-27R-5,27R,2022-10-31,2022-11-03,2023-05-17,198,195,2023-05-17,0,NA,NA,NA,NA,NA,0,0,0,0,0,NA,0,NA,NA,NA,NA,NA,NA,NA,22.742,1.76,12.92159090909091,NA,0.07738985137630815,NA,NA,NA,NA,NA,1,0,0,0
2023,G1,6,194,BO_130,BO_120,4,TRUE,BO-120-G1-006-27L,BO-120-G1-006-27L-4,27L,2022-10-31,2022-11-03,2023-04-21,172,169,2023-05-05,14,NA,NA,NA,3,3,2,0,2,5,2,1,2,2.35,25.09,2023-04-21,25.09,2023-04-21,NA,NA,39.22,2.1,18.676190476190474,NA,0.05354411014788374,NA,NA,NA,NA,NA,1,1,1,1
2023,G2,6,196,BO_189,BO_086,2,TRUE,BO-086-G2-006-29R,BO-086-G2-006-29R-2,29R,2022-10-31,2022-11-03,2023-05-05,186,183,2023-05-05,0,NA,NA,NA,5.88,5.88,1,0,2,2,1,2,2,1.455,NA,NA,NA,NA,NA,NA,NA,NA,NA,NA,NA,NA,-29.92,1.75,-29.92,1.75,1,1,1,1
2023,G1,6,197,BO_005,BO_019,5,TRUE,BO-019-G1-006-30L,BO-019-G1-006-30L-5,30L,2022-10-31,2022-11-03,2023-04-21,172,169,2023-04-21,0,NA,NA,NA,4.21,4.21,0,0,0,0,0,NA,0,NA,24.368,2023-04-21,24.368,2023-04-21,NA,NA,15.692,1.44,10.897222222222222,NA,0.09176650522559265,NA,NA,NA,NA,NA,1,0,0,0
2023,G2,6,198,BO_033,BO_099,1,TRUE,BO-099-G2-006-31R,BO-099-G2-006-31R-1,31R,2022-10-31,2022-11-03,2023-04-21,172,169,2023-05-17,26,NA,1,NA,8.89,8.89,0,0,0,0,0,NA,0,NA,NA,NA,26.719,2023-04-21,NA,NA,23.137,2.04,11.341666666666667,NA,0.0881704628949302,NA,-29.32,3.36,-29.32,3.36,1,0,0,0
2023,G1,6,198,BO_130,BO_161,5,TRUE,BO-161-G1-006-31L,BO-161-G1-006-31L-5,31L,2022-10-31,2022-11-03,2023-04-21,172,169,2023-04-21,0,NA,NA,NA,39.06,39.06,3,0,20,20,3,6.666666667,20,4.4234375,28.35,2023-04-21,28.35,2023-04-21,NA,NA,11.93,1.07,11.149532710280372,NA,0.08968985750209557,NA,-29.55,5.31,-29.55,5.31,1,1,1,1
2023,G2,7,199,BO_065,BO_115,5,TRUE,BO-115-G2-007-1L,BO-115-G2-007-1L-5,1L,2022-10-31,2022-11-03,2023-04-21,172,169,2023-05-17,26,2,2,NA,39.59,39.59,5,1,30,32,6,6,36,4.626923077,NA,NA,NA,NA,NA,NA,90.5,6.7,13.507462686567164,NA,0.07403314917127071,NA,-30.26,2.91,-30.26,2.91,1,1,1,1
2023,G2,7,199,BO_005,BO_176,4,TRUE,BO-176-G2-007-1R,BO-176-G2-007-1R-4,1R,2022-10-31,2022-11-03,2023-06-02,214,211,2023-06-02,0,NA,NA,2,33.58,33.58,0,0,0,0,0,NA,0,NA,NA,NA,NA,NA,NA,NA,NA,NA,NA,NA,NA,NA,-30.08,4.23,-30.08,4.23,1,0,0,0
2023,G2,7,200,BO_162,BO_089,5,TRUE,BO-089-G2-007-2R,BO-089-G2-007-2R-5,2R,2022-10-31,2022-11-03,2023-05-05,186,183,2023-05-17,12,1,2,NA,28.12,28.12,5,0,8,9,5,1.6,8,5.35375,25.294,2023-05-17,25.294,2023-05-17,75.548,5.11,75.548,5.11,14.784344422700586,14.784344422700586,0.06763911685286177,0.06763911685286177,-29.93,3.29,-29.93,3.29,1,1,1,1
2023,G1,7,201,BO_185,BO_085,5,TRUE,BO-085-G1-007-3L,BO-085-G1-007-3L-5,3L,2022-10-31,2022-11-03,2023-05-05,186,183,2023-05-17,12,1,1,NA,NA,NA,3,0,1,3,3,0.3333333333,1,1.06,29.949,2023-05-05,29.949,2023-05-05,31.524,2.05,31.524,2.05,15.377560975609757,15.377560975609757,0.0650298185509453,0.0650298185509453,NA,NA,NA,NA,1,1,1,1
2023,G1,7,203,BO_088,BO_050,3,TRUE,BO-050-G1-007-5L,BO-050-G1-007-5L-3,5L,2022-10-31,2022-11-03,2023-04-21,172,169,2023-04-21,0,NA,NA,NA,6.3,6.3,1,0,2,2,1,2,2,2.94,NA,NA,NA,NA,NA,NA,NA,NA,NA,NA,NA,NA,-29.46,0.85,-29.46,0.85,1,1,1,1
2023,G1,7,203,BO_183,BO_116,1,TRUE,BO-116-G1-007-5R,BO-116-G1-007-5R-1,5R,2022-10-31,2022-11-03,2023-05-05,186,183,2023-05-05,0,2,NA,NA,28.4,28.4,2,0,17,17,2,8.5,17,3.534117647,24.627,2023-05-05,24.627,2023-05-05,NA,NA,71.673,4.84,14.808471074380167,NA,0.06752891604927935,NA,-30.25,3.23,-30.25,3.23,1,1,1,1
2023,G1,7,204,BO_168,BO_155,5,TRUE,BO-155-G1-007-6L,BO-155-G1-007-6L-5,6L,2022-10-31,2022-11-03,2023-04-21,172,169,2023-06-02,42,3,NA,NA,36.36,36.36,6,4,21,21,10,3.5,35,4.114761905,NA,NA,NA,NA,NA,NA,NA,NA,NA,NA,NA,NA,-29.83,3.83,-29.83,3.83,1,1,1,1
2023,G1,7,205,BO_033,BO_099,1,TRUE,BO-099-G1-007-7L,BO-099-G1-007-7L-1,7L,2022-10-31,2022-11-03,2023-04-21,172,169,2023-04-21,0,NA,NA,NA,NA,NA,1,0,0,1,1,0,0,NA,NA,NA,NA,NA,NA,NA,40.338,2.79,14.458064516129033,NA,0.06916555109326193,NA,NA,NA,NA,NA,1,1,1,0
2023,G2,7,206,BO_163,BO_034,1,TRUE,BO-034-G2-007-8L,BO-034-G2-007-8L-1,8L,2022-10-31,2022-11-03,2023-04-21,172,169,2023-05-17,26,1,2,NA,NA,NA,0,0,0,0,0,NA,0,NA,NA,NA,NA,NA,NA,NA,NA,NA,NA,NA,NA,NA,-29.68,3.01,-29.68,3.01,1,0,0,0
2023,G1,7,206,BO_069,BO_043,2,TRUE,BO-043-G1-007-8R,BO-043-G1-007-8R-2,8R,2022-10-31,2022-11-03,2023-05-05,186,183,2023-05-05,0,3,NA,NA,24.57,24.57,4,0,13,14,4,3.25,13,3.683076923,24.42,2023-05-05,24.42,2023-05-05,17.697,1.13,17.697,1.13,15.661061946902656,15.661061946902656,0.06385263038933152,0.06385263038933152,-28.93,3.77,-28.93,3.77,1,1,1,1
2023,G1,7,207,BO_001,BO_048,5,TRUE,BO-048-G1-007-9L,BO-048-G1-007-9L-5,9L,2022-10-31,2022-11-03,2023-04-21,172,169,2023-05-05,14,2,NA,NA,20.73,20.73,6,1,10,10,7,1.666666667,11.66666667,4.712222222,NA,NA,NA,NA,NA,NA,NA,NA,NA,NA,NA,NA,-28.73,2.9,-28.73,2.9,1,1,1,1
2023,G1,7,208,BO_096,BO_012,1,TRUE,BO-012-G1-007-10L,BO-012-G1-007-10L-1,10L,2022-10-31,2022-11-03,2023-04-21,172,169,2023-04-21,0,NA,NA,NA,7.96,7.96,1,0,0,0,1,0,0,NA,NA,NA,NA,NA,NA,NA,NA,NA,NA,NA,NA,NA,-27.98,2.52,-27.98,2.52,1,1,1,0
2023,G1,7,210,BO_187,BO_150,4,TRUE,BO-150-G1-007-12R,BO-150-G1-007-12R-4,12R,2022-10-31,2022-11-03,2023-04-21,172,169,2023-06-02,42,1,2,NA,49.39,49.39,7,2,17,21,9,2.428571429,21.85714286,3.900386844,25.468,2023-05-17,25.468,2023-05-17,NA,NA,NA,NA,NA,NA,NA,NA,-28.23,3.97,-28.23,3.97,1,1,1,1
2023,G2,7,210,BO_162,BO_164,1,TRUE,BO-164-G2-007-12L,BO-164-G2-007-12L-1,12L,2022-10-31,2022-11-03,2023-04-21,172,169,2023-06-02,42,NA,NA,NA,16.9,16.9,0,1,0,0,1,NA,NA,NA,NA,NA,NA,NA,NA,NA,37.132,2.28,16.2859649122807,NA,0.061402563826349246,NA,-29.88,3.64,-29.88,3.64,1,1,0,0
2023,G2,7,211,BO_189,BO_126,3,TRUE,BO-126-G2-007-13L,BO-126-G2-007-13L-3,13L,2022-10-31,2022-11-03,2023-05-05,186,183,2023-05-05,0,3,NA,NA,12.81,12.81,3,0,11,11,3,3.666666667,11,2.371818182,18.939,2023-05-05,18.939,2023-05-05,NA,NA,NA,NA,NA,NA,NA,NA,-29.79,3.42,-29.79,3.42,1,1,1,1
2023,G1,7,213,BO_088,BO_050,4,TRUE,BO-050-G1-007-15L,BO-050-G1-007-15L-4,15L,2022-10-31,2022-11-03,2023-04-21,172,169,2023-04-21,0,NA,NA,NA,6.34,6.34,2,0,2,4,2,1,2,3.665,NA,NA,NA,NA,NA,NA,NA,NA,NA,NA,NA,NA,-28.11,1.96,-28.11,1.96,1,1,1,1
2023,G1,7,213,BO_183,BO_198,2,TRUE,BO-198-G1-007-15R,BO-198-G1-007-15R-2,15R,2022-10-31,2022-11-03,2023-04-21,172,169,2023-05-05,14,NA,NA,NA,17.05,17.05,6,1,15,20,7,2.5,17.5,3.748666667,NA,NA,NA,NA,NA,NA,34.653,1.85,18.73135135135135,NA,0.05338643118921883,NA,-29.6,4,-29.6,4,1,1,1,1
2023,G1,7,214,BO_058,BO_094,3,TRUE,BO-094-G1-007-16L,BO-094-G1-007-16L-3,16L,2022-10-31,2022-11-03,2023-04-21,172,169,2023-04-21,0,NA,NA,NA,2.33,2.33,0,1,0,0,1,NA,NA,NA,NA,NA,NA,NA,NA,NA,NA,NA,NA,NA,NA,NA,NA,NA,NA,NA,1,1,0,0
2023,G1,7,217,BO_101,BO_024,5,TRUE,BO-024-G1-007-19R,BO-024-G1-007-19R-5,19R,2022-10-31,2022-11-03,2023-04-21,172,169,2023-04-21,0,NA,NA,NA,11.48,11.48,1,0,6,7,1,6,6,1.895,NA,NA,NA,NA,NA,NA,NA,NA,NA,NA,NA,NA,-27.95,3.57,-27.95,3.57,1,1,1,1
2023,G1,7,218,BO_013,BO_053,5,TRUE,BO-053-G1-007-20L,BO-053-G1-007-20L-5,20L,2022-10-31,2022-11-03,2023-05-05,186,183,2023-05-05,0,1,NA,NA,4.61,4.61,2,0,4,4,2,2,4,2.83,27.677,2023-05-05,27.677,2023-05-05,NA,NA,68.574,4.67,14.683940042826553,NA,0.06810161285618456,NA,-28.84,3.04,-28.84,3.04,1,1,1,1
2023,G2,7,218,BO_185,BO_071,5,TRUE,BO-071-G2-007-20R,BO-071-G2-007-20R-5,20R,2022-10-31,2022-11-03,2023-05-05,186,183,2023-05-05,0,NA,NA,NA,16.86,16.86,3,0,0,4,3,0,0,NA,23.283,2023-05-05,23.283,2023-05-05,NA,NA,NA,NA,NA,NA,NA,NA,-30.15,4.26,-30.15,4.26,1,1,1,0
2023,G2,7,219,BO_192,BO_021,4,TRUE,BO-021-G2-007-21L,BO-021-G2-007-21L-4,21L,2022-10-31,2022-11-03,2023-04-21,172,169,2023-04-21,0,NA,NA,NA,20.34,20.34,1,5,3,3,6,3,18,3.09,NA,NA,NA,NA,NA,NA,NA,NA,NA,NA,NA,NA,-29.74,3.54,-29.74,3.54,1,1,1,1
2023,G2,7,222,BO_162,BO_164,2,TRUE,BO-164-G2-007-24R,BO-164-G2-007-24R-2,24R,2022-10-31,2022-11-03,2023-04-21,172,169,2023-04-21,0,NA,NA,NA,NA,NA,1,0,1,1,1,1,1,3.24,NA,NA,NA,NA,NA,NA,NA,NA,NA,NA,NA,NA,NA,NA,NA,NA,1,1,1,1
2023,G1,7,223,BO_074,BO_118,1,TRUE,BO-118-G1-007-25R,BO-118-G1-007-25R-1,25R,2022-10-31,2022-11-03,2023-04-21,172,169,2023-04-21,0,NA,NA,NA,NA,NA,1,0,0,1,1,0,0,NA,NA,NA,NA,NA,NA,NA,NA,NA,NA,NA,NA,NA,NA,NA,NA,NA,1,1,1,0
2023,G1,7,224,BO_022,BO_146,5,TRUE,BO-146-G1-007-26R,BO-146-G1-007-26R-5,26R,2022-10-31,2022-11-03,2023-04-21,172,169,2023-05-05,14,3,NA,NA,15.82,15.82,6,0,15,21,6,2.5,15,3.128863636,NA,NA,NA,NA,NA,NA,NA,NA,NA,NA,NA,NA,-29.49,2.47,-29.49,2.47,1,1,1,1
2023,G1,8,225,BO_153,BO_157,4,TRUE,BO-157-G1-008-1R,BO-157-G1-008-1R-4,1R,2022-10-31,2022-11-03,2023-05-05,186,183,2023-05-05,0,3,NA,NA,NA,NA,3,0,5,5,3,1.666666667,5,4.604,20.337,2023-05-05,20.337,2023-05-05,NA,NA,NA,NA,NA,NA,NA,NA,-30.57,3.05,-30.57,3.05,1,1,1,1
2023,G2,8,226,BO_101,BO_080,3,TRUE,BO-080-G2-008-2R,BO-080-G2-008-2R-3,2R,2022-10-31,2022-11-03,2023-05-17,198,195,2023-05-17,0,NA,1,NA,NA,NA,1,1,0,2,2,0,0,NA,15.906,2023-05-17,15.906,2023-05-17,21.18,1.4,21.18,1.4,15.12857142857143,15.12857142857143,0.06610009442870632,0.06610009442870632,-27.94,2.01,-27.94,2.01,1,1,1,0
2023,G2,8,227,BO_074,BO_027,5,TRUE,BO-027-G2-008-3L,BO-027-G2-008-3L-5,3L,2022-10-31,2022-11-03,2023-05-05,186,183,2023-05-17,12,1,2,NA,NA,NA,4,0,3,5,4,0.75,3,7.066666667,NA,NA,27.776,2023-04-21,36.302,2.66,36.302,2.66,13.647368421052631,13.647368421052631,0.07327419976860779,0.07327419976860779,-28.64,4.52,-28.64,4.52,1,1,1,1
2023,G2,8,228,BO_188,BO_008,1,TRUE,BO-008-G2-008-4L,BO-008-G2-008-4L-1,4L,2022-10-31,2022-11-03,2023-05-05,186,183,2023-05-05,0,3,NA,NA,23.8,23.8,3,0,12,16,3,4,12,0.8416666667,NA,NA,NA,NA,NA,NA,65.574,5.63,11.647246891651864,NA,0.08585719949980175,NA,-29.97,5.76,-29.97,5.76,1,1,1,1
2023,G1,8,228,BO_039,BO_087,1,TRUE,BO-087-G1-008-4R,BO-087-G1-008-4R-1,4R,2022-10-31,2022-11-03,2023-05-05,186,183,2023-05-17,12,2,1,NA,33.65,33.65,6,0,13,23,6,2.166666667,13,2.883452381,28.317,2023-05-05,28.317,2023-05-05,NA,NA,46.919,4.55,10.311868131868131,NA,0.09697563886698353,NA,-28.29,3.3,-28.29,3.3,1,1,1,1
2023,G1,8,229,BO_074,BO_027,3,TRUE,BO-027-G1-008-5L,BO-027-G1-008-5L-3,5L,2022-10-31,2022-11-03,NA,NA,NA,NA,NA,NA,NA,NA,10.61,10.61,1,0,4,4,1,4,4,4.525,NA,NA,NA,NA,NA,NA,62.144,4.74,13.11054852320675,NA,0.07627445932028837,NA,-29.64,1.54,-29.64,1.54,0,1,1,1
2023,G2,8,229,BO_088,BO_169,1,TRUE,BO-169-G2-008-5R,BO-169-G2-008-5R-1,5R,2022-10-31,2022-11-03,NA,NA,NA,NA,NA,NA,NA,NA,NA,NA,0,0,0,0,0,NA,0,NA,NA,NA,NA,NA,NA,NA,NA,NA,NA,NA,NA,NA,NA,NA,NA,NA,0,0,0,0
2023,G1,8,230,BO_065,BO_115,2,TRUE,BO-115-G1-008-6R,BO-115-G1-008-6R-2,6R,2022-10-31,2022-11-03,2023-04-21,172,169,2023-05-05,14,1,NA,NA,17.36,17.36,2,2,4,4,4,2,8,4.3525,23.463,2023-04-21,23.463,2023-04-21,NA,NA,47.744,4.91,9.723828920570265,NA,0.1028401474530831,NA,-29.9,0.95,-29.9,0.95,1,1,1,1
2023,G1,8,230,BO_005,BO_122,1,TRUE,BO-122-G1-008-6L,BO-122-G1-008-6L-1,6L,2022-10-31,2022-11-03,2023-04-21,172,169,2023-04-21,0,NA,NA,NA,11.6,11.6,3,1,9,13,4,3,12,3.708888889,27.152,2023-04-21,27.152,2023-04-21,NA,NA,NA,NA,NA,NA,NA,NA,-27.92,3.24,-27.92,3.24,1,1,1,1
2023,G1,8,231,BO_005,BO_122,2,TRUE,BO-122-G1-008-7R,BO-122-G1-008-7R-2,7R,2022-10-31,2022-11-03,2023-04-21,172,169,2023-05-05,14,1,NA,NA,20.3,20.3,3,1,13,13,4,4.333333333,17.33333333,2.357692308,NA,NA,NA,NA,NA,NA,33.249,4.48,7.421651785714285,NA,0.13474089446299137,NA,-27.54,2.84,-27.54,2.84,1,1,1,1
2023,G2,8,231,BO_088,BO_169,3,TRUE,BO-169-G2-008-7L,BO-169-G2-008-7L-3,7L,2022-10-31,2022-11-03,2023-04-21,172,169,2023-04-21,0,NA,NA,NA,NA,NA,0,0,0,0,0,NA,0,NA,NA,NA,NA,NA,NA,NA,NA,NA,NA,NA,NA,NA,NA,NA,NA,NA,1,0,0,0
2023,G2,8,232,BO_151,BO_056,2,TRUE,BO-056-G2-008-8L,BO-056-G2-008-8L-2,8L,2022-10-31,2022-11-03,2023-04-21,172,169,2023-05-05,14,1,NA,NA,10.45,10.45,2,1,1,2,3,0.5,1.5,2.68,24.264,2023-04-21,24.264,2023-04-21,NA,NA,NA,NA,NA,NA,NA,NA,-28.9,2.24,-28.9,2.24,1,1,1,1
2023,G1,8,233,BO_109,BO_028,2,TRUE,BO-028-G1-008-9R,BO-028-G1-008-9R-2,9R,2022-10-31,2022-11-03,2023-04-21,172,169,2023-04-21,0,NA,NA,NA,14.77,14.77,2,1,1,3,3,0.5,1.5,3.37,NA,NA,19.142,2023-04-21,NA,NA,34.631,2.59,13.371042471042472,NA,0.07478848430596864,NA,-27.82,1.56,-27.82,1.56,1,1,1,1
2023,G1,8,233,BO_038,BO_082,2,TRUE,BO-082-G1-008-9L,BO-082-G1-008-9L-2,9L,2022-10-31,2022-11-03,2023-04-21,172,169,2023-04-21,0,NA,NA,NA,13.8,13.8,0,0,0,0,0,NA,0,NA,18.507,2023-04-21,18.507,2023-04-21,NA,NA,48.783,3.07,15.890228013029317,NA,0.06293175901441075,NA,-28.29,2.84,-28.29,2.84,1,0,0,0
2023,G1,8,234,BO_088,BO_140,1,TRUE,BO-140-G1-008-10L,BO-140-G1-008-10L-1,10L,2022-10-31,2022-11-03,2023-04-21,172,169,2023-04-21,0,NA,NA,NA,NA,NA,0,0,0,0,0,NA,0,NA,NA,NA,NA,NA,NA,NA,NA,NA,NA,NA,NA,NA,NA,NA,NA,NA,1,0,0,0
2023,G1,8,235,BO_199,BO_069,3,TRUE,BO-069-G1-008-11R,BO-069-G1-008-11R-3,11R,2022-10-31,2022-11-03,2023-05-17,198,195,2023-06-02,16,NA,2,NA,NA,NA,0,0,0,0,0,NA,0,NA,20.503,2023-05-17,20.503,2023-05-17,NA,NA,NA,NA,NA,NA,NA,NA,-28.75,4,-28.75,4,1,0,0,0
2023,G2,8,235,BO_029,BO_090,1,TRUE,BO-090-G2-008-11L,BO-090-G2-008-11L-1,11L,2022-10-31,2022-11-03,NA,NA,NA,NA,NA,NA,NA,NA,1.32,1.32,0,2,0,0,2,NA,NA,NA,NA,NA,26.053,2023-04-21,NA,NA,21.046,1.34,15.70597014925373,NA,0.06367005606766132,NA,NA,NA,NA,NA,0,1,0,0
2023,G2,8,236,BO_029,BO_090,2,TRUE,BO-090-G2-008-12R,BO-090-G2-008-12R-2,12R,2022-10-31,2022-11-03,NA,NA,NA,NA,NA,NA,NA,NA,2.25,2.25,0,0,0,0,0,NA,0,NA,NA,NA,NA,NA,NA,NA,54.15,3.41,15.879765395894427,NA,0.06297322253000924,NA,NA,NA,NA,NA,0,0,0,0
2023,G1,8,237,BO_162,BO_164,5,TRUE,BO-164-G1-008-13L,BO-164-G1-008-13L-5,13L,2022-10-31,2022-11-03,2023-05-17,198,195,2023-06-02,16,NA,1,NA,NA,NA,1,0,6,6,1,6,6,2.261666667,26.643,2023-05-17,26.643,2023-05-17,NA,NA,35.901,2.03,17.68522167487685,NA,0.056544385950252074,NA,-29.68,2.06,-29.68,2.06,1,1,1,1
2023,G1,8,238,BO_128,BO_044,1,TRUE,BO-044-G1-008-14R,BO-044-G1-008-14R-1,14R,2022-10-31,2022-11-03,2023-04-21,172,169,2023-04-21,0,NA,NA,NA,NA,NA,0,0,0,0,0,NA,0,NA,NA,NA,NA,NA,NA,NA,81.976,5.76,14.231944444444444,NA,0.07026446764906802,NA,NA,NA,NA,NA,1,0,0,0
2023,G1,8,239,BO_173,BO_079,2,TRUE,BO-079-G1-008-15R,BO-079-G1-008-15R-2,15R,2022-10-31,2022-11-03,2023-05-05,186,183,2023-05-05,0,1,NA,NA,26.88,26.88,5,4,4,10,9,0.8,7.2,5.0675,NA,NA,27.071,2023-04-21,NA,NA,53.376,3.03,17.615841584158417,NA,0.056767086330935246,NA,-28.98,4.91,-28.98,4.91,1,1,1,1
2023,G1,8,240,BO_029,BO_090,5,TRUE,BO-090-G1-008-16L,BO-090-G1-008-16L-5,16L,2022-10-31,2022-11-03,2023-04-21,172,169,2023-04-21,0,NA,NA,NA,3.72,3.72,1,0,0,0,1,0,0,NA,NA,NA,NA,NA,NA,NA,27.463,1.47,18.68231292517007,NA,0.05352656301205257,NA,-27.9,1.4,-27.9,1.4,1,1,1,0
2023,G1,8,241,BO_038,BO_149,1,TRUE,BO-149-G1-008-17L,BO-149-G1-008-17L-1,17L,2022-10-31,2022-11-03,2023-04-21,172,169,2023-04-21,0,NA,NA,NA,12.72,12.72,4,0,6,8,4,1.5,6,3.821666667,NA,NA,NA,NA,NA,NA,NA,NA,NA,NA,NA,NA,-29.79,2.02,-29.79,2.02,1,1,1,1
2023,G1,8,242,BO_074,BO_027,3,TRUE,BO-027-G1-008-18R,BO-027-G1-008-18R-3,18R,2022-10-31,2022-11-03,2023-04-21,172,169,2023-05-05,14,2,NA,NA,NA,NA,10,4,36,54,14,3.6,50.4,3.055619048,NA,NA,NA,NA,NA,NA,NA,NA,NA,NA,NA,NA,-29.43,4.5,-29.43,4.5,1,1,1,1
2023,G1,8,243,BO_163,BO_072,4,TRUE,BO-072-G1-008-19L,BO-072-G1-008-19L-4,19L,2022-10-31,2022-11-03,NA,NA,NA,NA,NA,NA,NA,NA,8.85,8.85,2,0,10,10,2,5,10,3.173125,NA,NA,25.714,2023-05-05,NA,NA,48.211,3.18,15.16069182389937,NA,0.06596005061085645,NA,-29.38,4.07,-29.38,4.07,0,1,1,1
2023,G2,8,243,BO_143,BO_152,5,TRUE,BO-152-G2-008-19R,BO-152-G2-008-19R-5,19R,2022-10-31,2022-11-03,2023-05-05,186,183,2023-06-02,28,NA,3,NA,25.61,25.61,2,2,4,4,4,2,8,4.9825,NA,NA,NA,NA,13.814,0.99,13.814,0.99,13.953535353535354,13.953535353535354,0.07166642536557115,0.07166642536557115,-29.31,3.46,-29.31,3.46,1,1,1,1
2023,G1,8,244,BO_188,BO_008,3,TRUE,BO-008-G1-008-20L,BO-008-G1-008-20L-3,20L,2022-10-31,2022-11-03,2023-04-21,172,169,2023-05-05,14,1,NA,NA,20.53,20.53,5,0,4,6,5,0.8,4,5.305,NA,NA,NA,NA,NA,NA,56.588,4.67,12.117344753747323,NA,0.0825263306708136,NA,-28.7,1.88,-28.7,1.88,1,1,1,1
2023,G2,8,244,BO_038,BO_137,2,TRUE,BO-137-G2-008-20R,BO-137-G2-008-20R-2,20R,2022-10-31,2022-11-03,2023-04-21,172,169,2023-04-21,0,NA,NA,NA,4.25,4.25,0,0,0,0,0,NA,0,NA,NA,NA,NA,NA,NA,NA,NA,NA,NA,NA,NA,NA,-30.28,1.86,-30.28,1.86,1,0,0,0
2023,G1,8,245,BO_188,BO_008,2,TRUE,BO-008-G1-008-21L,BO-008-G1-008-21L-2,21L,2022-10-31,2022-11-03,NA,NA,NA,NA,NA,NA,NA,NA,8.57,8.57,0,1,0,0,1,NA,NA,NA,NA,NA,27.881,2023-04-21,NA,NA,38.281,3.18,12.038050314465409,NA,0.08306993025260573,NA,-29.07,2.92,-29.07,2.92,0,1,0,0
2023,G1,8,245,BO_173,BO_091,2,TRUE,BO-091-G1-008-21R,BO-091-G1-008-21R-2,21R,2022-10-31,2022-11-03,2023-04-21,172,169,2023-06-02,42,NA,NA,NA,NA,NA,0,0,0,0,0,NA,0,NA,24.871,2023-04-21,24.871,2023-04-21,NA,NA,29.565,2.45,12.06734693877551,NA,0.08286825638423813,NA,-28.65,1.19,-28.65,1.19,1,0,0,0
2023,G2,8,247,BO_038,BO_149,5,TRUE,BO-149-G2-008-23L,BO-149-G2-008-23L-5,23L,2022-10-31,2022-11-03,2023-04-21,172,169,2023-05-05,14,4,NA,NA,38.94,38.94,3,0,2,7,3,0.6666666667,2,3.11,24.386,2023-04-21,24.386,2023-04-21,NA,NA,NA,NA,NA,NA,NA,NA,-29.04,4.17,-29.04,4.17,1,1,1,1
2023,G1,8,248,BO_070,BO_066,4,TRUE,BO-066-G1-008-24R,BO-066-G1-008-24R-4,24R,2022-10-31,2022-11-03,2023-05-05,186,183,2023-05-05,0,1,NA,NA,7.74,7.74,3,0,4,6,3,1.333333333,4,6.405,22.651,2023-05-05,22.651,2023-05-05,NA,NA,NA,NA,NA,NA,NA,NA,-28.71,3.74,-28.71,3.74,1,1,1,1
2023,G2,8,248,BO_143,BO_152,2,TRUE,BO-152-G2-008-24L,BO-152-G2-008-24L-2,24L,2022-10-31,2022-11-03,2023-05-05,186,183,2023-05-17,12,2,NA,NA,27.28,27.28,3,0,6,10,3,2,6,4.573333333,23.2,2023-05-05,23.2,2023-05-05,NA,NA,17.393,0.98,17.74795918367347,NA,0.05634450641062497,NA,-28.84,4.7,-28.84,4.7,1,1,1,1
2023,G1,8,249,BO_163,BO_144,5,TRUE,BO-144-G1-008-25R,BO-144-G1-008-25R-5,25R,2022-10-31,2022-11-03,2023-04-21,172,169,2023-05-17,26,1,1,NA,NA,NA,4,1,13,15,5,3.25,16.25,3.922698413,26.241,2023-04-21,26.241,2023-04-21,NA,NA,64.097,4.03,15.904962779156325,NA,0.06287345741610373,NA,-28.77,4.38,-28.77,4.38,1,1,1,1
2023,G1,9,251,BO_149,BO_032,3,TRUE,BO-032-G1-009-2L,BO-032-G1-009-2L-3,2L,2022-10-31,2022-11-03,2023-04-21,172,169,2023-05-05,14,1,NA,NA,14.79,14.79,2,0,7,7,2,3.5,7,4.162857143,NA,NA,32.895,2023-04-21,NA,NA,95.377,6.92,13.782803468208092,NA,0.07255417972886545,NA,-27.9,3.71,-27.9,3.71,1,1,1,1
2023,G1,9,251,BO_073,BO_117,4,TRUE,BO-117-G1-009-2R,BO-117-G1-009-2R-4,2R,2022-10-31,2022-11-03,2023-04-21,172,169,2023-05-17,26,2,1,NA,40.75,40.75,4,3,13,14,7,3.25,22.75,2.503846154,NA,NA,NA,NA,NA,NA,49.732,3.36,14.801190476190477,NA,0.06756213303305718,NA,-27.76,4.44,-27.76,4.44,1,1,1,1
2023,G2,9,253,BO_177,BO_121,4,TRUE,BO-121-G2-009-4R,BO-121-G2-009-4R-4,4R,2022-10-31,2022-11-03,2023-04-21,172,169,2023-05-05,14,NA,NA,NA,10.35,10.35,0,2,0,0,2,NA,NA,NA,22.455,2023-04-21,22.455,2023-04-21,NA,NA,NA,NA,NA,NA,NA,NA,-29.73,3.26,-29.73,3.26,1,1,0,0
2023,G1,9,253,BO_038,BO_137,5,TRUE,BO-137-G1-009-4L,BO-137-G1-009-4L-5,4L,2022-10-31,2022-11-03,NA,NA,NA,NA,NA,NA,NA,NA,NA,NA,0,0,0,0,0,NA,0,NA,NA,NA,20.905,2023-04-21,NA,NA,12.909,0.88,14.669318181818182,NA,0.06816949415136726,NA,NA,NA,NA,NA,0,0,0,0
2023,G1,9,254,BO_096,BO_134,1,TRUE,BO-134-G1-009-5R,BO-134-G1-009-5R-1,5R,2022-10-31,2022-11-03,2023-04-21,172,169,2023-04-21,0,NA,NA,NA,3.18,3.18,0,1,0,0,1,NA,NA,NA,23.384,2023-04-21,23.384,2023-04-21,15.203,1.43,15.203,1.43,10.631468531468531,10.631468531468531,0.09406038281918043,0.09406038281918043,-27,1.48,-27,1.48,1,1,0,0
2023,G1,9,255,BO_038,BO_082,5,TRUE,BO-082-G1-009-6L,BO-082-G1-009-6L-5,6L,2022-10-31,2022-11-03,2023-04-21,172,169,2023-04-21,0,NA,NA,NA,7.13,7.13,0,0,0,0,0,NA,0,NA,NA,NA,NA,NA,NA,NA,NA,NA,NA,NA,NA,NA,-28.74,2.25,-28.74,2.25,1,0,0,0
2023,G1,9,255,BO_005,BO_176,5,TRUE,BO-176-G1-009-6R,BO-176-G1-009-6R-5,6R,2022-10-31,2022-11-03,2023-04-21,172,169,2023-05-05,14,3,NA,NA,23.26,23.26,1,0,3,3,1,3,3,1.243333333,NA,NA,NA,NA,NA,NA,29.601,2.3,12.870000000000001,NA,0.0777000777000777,NA,-28.45,2.91,-28.45,2.91,1,1,1,1
2023,G2,9,256,BO_065,BO_115,3,TRUE,BO-115-G2-009-7R,BO-115-G2-009-7R-3,7R,2022-10-31,2022-11-03,2023-05-05,186,183,2023-05-05,0,2,NA,NA,9.75,9.75,0,3,0,0,3,NA,NA,NA,24.765,2023-05-05,24.765,2023-05-05,NA,NA,17.092,0.99,17.264646464646464,NA,0.05792183477650363,NA,-28.96,2.96,-28.96,2.96,1,1,0,0
2023,G2,9,257,BO_074,BO_027,5,TRUE,BO-027-G2-009-8R,BO-027-G2-009-8R-5,8R,2022-10-31,2022-11-03,2023-05-05,186,183,2023-05-05,0,NA,NA,NA,3.94,3.94,0,1,0,0,1,NA,NA,NA,NA,NA,NA,NA,NA,NA,36.041,2.07,17.41111111111111,NA,0.0574345883854499,NA,-29.55,1.7,-29.55,1.7,1,1,0,0
2023,G2,9,257,BO_168,BO_155,5,TRUE,BO-155-G2-009-8L,BO-155-G2-009-8L-5,8L,2022-10-31,2022-11-03,2023-05-05,186,183,2023-05-05,0,NA,NA,NA,4.73,4.73,0,3,0,0,3,NA,NA,NA,NA,NA,26.293,2023-04-21,NA,NA,25.866,1.42,18.21549295774648,NA,0.05489832212170416,NA,-29.28,2.65,-29.28,2.65,1,1,0,0
2023,G1,9,258,BO_073,BO_070,4,TRUE,BO-070-G1-009-9R,BO-070-G1-009-9R-4,9R,2022-10-31,2022-11-03,2023-04-21,172,169,2023-05-05,14,1,NA,NA,4.51,4.51,1,1,2,3,2,2,4,3.59,NA,NA,NA,NA,29.139,1.73,29.139,1.73,16.84335260115607,16.84335260115607,0.05937060297196197,0.05937060297196197,-28.85,2.67,-28.85,2.67,1,1,1,1
2023,G1,9,258,BO_074,BO_118,1,TRUE,BO-118-G1-009-9L,BO-118-G1-009-9L-1,9L,2022-10-31,2022-11-03,2023-05-05,186,183,2023-05-05,0,2,NA,NA,10.96,10.96,0,4,0,0,4,NA,NA,NA,23.118,2023-05-05,23.118,2023-05-05,NA,NA,58.598,4.83,12.132091097308487,NA,0.08242602136591694,NA,-29.31,4.17,-29.31,4.17,1,1,0,0
2023,G1,9,259,BO_192,BO_127,4,TRUE,BO-127-G1-009-10L,BO-127-G1-009-10L-4,10L,2022-10-31,2022-11-03,2023-04-21,172,169,2023-04-21,0,NA,NA,NA,6.72,6.72,1,1,0,2,2,0,0,NA,26.256,2023-04-21,26.256,2023-04-21,23.042,1.51,23.042,1.51,15.259602649006624,15.259602649006624,0.06553250585886641,0.06553250585886641,-28.98,3.21,-28.98,3.21,1,1,1,0
2023,G1,9,259,BO_198,BO_159,3,TRUE,BO-159-G1-009-10R,BO-159-G1-009-10R-3,10R,2022-10-31,2022-11-03,NA,NA,NA,NA,NA,NA,NA,NA,1.94,1.94,0,1,0,0,1,NA,NA,NA,NA,NA,NA,NA,NA,NA,NA,NA,NA,NA,NA,NA,NA,NA,NA,NA,0,1,0,0
2023,G1,9,260,BO_151,BO_056,4,TRUE,BO-056-G1-009-11R,BO-056-G1-009-11R-4,11R,2022-10-31,2022-11-03,2023-05-05,186,183,2023-05-05,0,1,NA,NA,2.39,2.39,1,0,4,4,1,4,4,3.3825,NA,NA,NA,NA,NA,NA,63.096,3.12,20.22307692307692,NA,0.0494484594903005,NA,NA,NA,NA,NA,1,1,1,1
2023,G2,9,260,BO_022,BO_146,1,TRUE,BO-146-G2-009-11L,BO-146-G2-009-11L-1,11L,2022-10-31,2022-11-03,2023-04-21,172,169,2023-05-05,14,1,NA,NA,8.22,8.22,2,1,2,2,3,1,3,7.04,29.139,2023-04-21,29.139,2023-04-21,NA,NA,24.343,1.35,18.03185185185185,NA,0.05545742102452451,NA,-28.95,4.49,-28.95,4.49,1,1,1,1
2023,G1,9,261,BO_128,BO_105,5,TRUE,BO-105-G1-009-12L,BO-105-G1-009-12L-5,12L,2022-10-31,2022-11-03,2023-04-21,172,169,2023-05-05,14,1,NA,NA,12.62,12.62,3,0,3,3,3,1,3,5.076666667,24.086,2023-04-21,24.086,2023-04-21,NA,NA,28.058,1.95,14.388717948717948,NA,0.06949889514576948,NA,-30.18,3.93,-30.18,3.93,1,1,1,1
2023,G1,9,261,BO_192,BO_127,5,TRUE,BO-127-G1-009-12R,BO-127-G1-009-12R-5,12R,2022-10-31,2022-11-03,2023-04-21,172,169,2023-04-21,0,NA,NA,NA,NA,NA,0,1,0,0,1,NA,NA,NA,NA,NA,NA,NA,NA,NA,39.575,3.33,11.884384384384385,NA,0.08414403032217309,NA,NA,NA,NA,NA,1,1,0,0
2023,G2,9,262,BO_101,BO_080,5,TRUE,BO-080-G2-009-13L,BO-080-G2-009-13L-5,13L,2022-10-31,2022-11-03,2023-04-21,172,169,2023-04-21,0,NA,NA,NA,NA,NA,0,0,0,0,0,NA,0,NA,19.581,2023-04-21,19.581,2023-04-21,NA,NA,72.526,4.36,16.63440366972477,NA,0.060116372059675155,NA,NA,NA,NA,NA,1,0,0,0
2023,G2,9,262,BO_058,BO_123,1,TRUE,BO-123-G2-009-13R,BO-123-G2-009-13R-1,13R,2022-10-31,2022-11-03,2023-05-05,186,183,2023-05-05,0,1,NA,NA,3.16,3.16,1,0,0,0,1,0,0,NA,NA,NA,NA,NA,25.894,1.71,25.894,1.71,15.142690058479532,15.142690058479532,0.0660384645091527,0.0660384645091527,NA,NA,NA,NA,1,1,1,0
2023,G1,9,263,BO_173,BO_091,3,TRUE,BO-091-G1-009-14R,BO-091-G1-009-14R-3,14R,2022-10-31,2022-11-03,2023-04-21,172,169,2023-04-21,0,NA,NA,NA,NA,NA,0,0,0,0,0,NA,0,NA,17.768,2023-04-21,17.768,2023-04-21,NA,NA,37.389,2.65,14.109056603773587,NA,0.07087646099120061,NA,NA,NA,NA,NA,1,0,0,0
2023,G1,9,264,BO_162,BO_089,1,TRUE,BO-089-G1-009-15L,BO-089-G1-009-15L-1,15L,2022-10-31,2022-11-03,2023-04-21,172,169,2023-04-21,0,NA,NA,NA,NA,NA,0,2,0,0,2,NA,NA,NA,26.503,2023-04-21,26.503,2023-04-21,NA,NA,15.162,1.07,14.170093457943926,NA,0.07057116475399024,NA,NA,NA,NA,NA,1,1,0,0
2023,G1,9,264,BO_194,BO_125,1,TRUE,BO-125-G1-009-15R,BO-125-G1-009-15R-1,15R,2022-10-31,2022-11-03,2023-04-21,172,169,2023-04-21,0,NA,NA,NA,1.76,1.76,0,1,0,0,1,NA,NA,NA,23.075,2023-04-21,23.075,2023-04-21,NA,NA,NA,NA,NA,NA,NA,NA,NA,NA,NA,NA,1,1,0,0
2023,G1,9,265,BO_201,BO_130,3,TRUE,BO-130-G1-009-16R,BO-130-G1-009-16R-3,16R,2022-10-31,2022-11-03,2023-04-21,172,169,2023-05-05,14,1,NA,NA,NA,NA,1,2,2,2,3,2,6,3.78,27.222,2023-04-21,27.222,2023-04-21,NA,NA,41.198,2.13,19.341784037558686,NA,0.05170153890965581,NA,NA,NA,NA,NA,1,1,1,1
2023,G1,9,265,BO_198,BO_159,2,TRUE,BO-159-G1-009-16L,BO-159-G1-009-16L-2,16L,2022-10-31,2022-11-03,2023-04-21,172,169,2023-04-21,0,NA,NA,NA,2.59,2.59,0,1,0,0,1,NA,NA,NA,19.859,2023-04-21,19.859,2023-04-21,NA,NA,NA,NA,NA,NA,NA,NA,NA,NA,NA,NA,1,1,0,0
2023,G1,9,266,BO_070,BO_066,1,TRUE,BO-066-G1-009-17L,BO-066-G1-009-17L-1,17L,2022-10-31,2022-11-03,2023-05-17,198,195,2023-05-17,0,NA,1,NA,2.34,2.34,1,0,2,2,1,2,2,2.445,21.05,2023-05-17,21.05,2023-05-17,NA,NA,NA,NA,NA,NA,NA,NA,NA,NA,NA,NA,1,1,1,1
2023,G1,9,266,BO_005,BO_176,3,TRUE,BO-176-G1-009-17R,BO-176-G1-009-17R-3,17R,2022-10-31,2022-11-03,2023-04-21,172,169,2023-04-21,0,NA,NA,NA,3.04,3.04,0,0,0,0,0,NA,0,NA,NA,NA,33.713,2023-04-21,NA,NA,73.202,5.11,14.325244618395303,NA,0.06980683587880113,NA,-27.45,1.57,-27.45,1.57,1,0,0,0
2023,G2,9,267,BO_194,BO_125,1,TRUE,BO-125-G2-009-18R,BO-125-G2-009-18R-1,18R,2022-10-31,2022-11-03,2023-05-05,186,183,2023-05-05,0,2,NA,NA,NA,NA,1,3,6,6,4,6,24,NA,NA,NA,NA,NA,NA,NA,20.373,1.32,15.434090909090909,NA,0.06479163598880872,NA,-28.84,2.97,-28.84,2.97,1,1,1,1
2023,G2,9,267,BO_187,BO_150,3,TRUE,BO-150-G2-009-18L,BO-150-G2-009-18L-3,18L,2022-10-31,2022-11-03,2023-04-21,172,169,2023-05-05,14,2,NA,NA,10.06,10.06,1,4,5,5,5,5,25,4.54,32.164,2023-04-21,32.164,2023-04-21,NA,NA,17.827,1.08,16.506481481481483,NA,0.06058226285970718,NA,-29.03,2.34,-29.03,2.34,1,1,1,1
2023,G1,9,268,BO_065,BO_014,5,TRUE,BO-014-G1-009-19L,BO-014-G1-009-19L-5,19L,2022-10-31,2022-11-03,2023-05-05,186,183,2023-05-05,0,3,NA,NA,7.83,7.83,2,2,7,8,4,3.5,14,3.587142857,NA,NA,20.609,2023-05-05,NA,NA,40.731,2.65,15.370188679245285,NA,0.06506101004149173,NA,-30.25,3.09,-30.25,3.09,1,1,1,1
2023,G1,9,269,BO_109,BO_095,5,TRUE,BO-095-G1-009-20L,BO-095-G1-009-20L-5,20L,2022-10-31,2022-11-03,2023-05-05,186,183,2023-05-17,12,NA,2,NA,NA,NA,4,1,6,12,5,1.5,7.5,3.67,NA,NA,NA,NA,94.992,5.57,94.992,5.57,17.054219030520645,17.054219030520645,0.05863651675930605,0.05863651675930605,NA,NA,NA,NA,1,1,1,1
2023,G1,9,269,BO_143,BO_195,3,TRUE,BO-195-G1-009-20R,BO-195-G1-009-20R-3,20R,2022-10-31,2022-11-03,2023-05-05,186,183,2023-05-05,0,NA,NA,NA,5.82,5.82,0,0,0,0,0,NA,0,NA,NA,NA,NA,NA,NA,NA,NA,NA,NA,NA,NA,NA,-28.97,1.51,-28.97,1.51,1,0,0,0
2023,G2,9,270,BO_069,BO_043,3,TRUE,BO-043-G2-009-21L,BO-043-G2-009-21L-3,21L,2022-10-31,2022-11-03,2023-05-05,186,183,2023-05-05,0,1,NA,NA,NA,NA,0,0,0,0,0,NA,0,NA,21.414,2023-05-05,21.414,2023-05-05,25.527,2.34,25.527,2.34,10.90897435897436,10.90897435897436,0.0916676460218592,0.0916676460218592,NA,NA,NA,NA,1,0,0,0
2023,G1,9,270,BO_185,BO_085,5,TRUE,BO-085-G1-009-21R,BO-085-G1-009-21R-5,21R,2022-10-31,2022-11-03,2023-05-05,186,183,2023-05-05,0,1,NA,NA,13.58,13.58,3,1,8,8,4,2.666666667,10.66666667,2.795714286,NA,NA,NA,NA,36.802,2.43,36.802,2.43,15.144855967078188,15.144855967078188,0.06602902016194773,0.06602902016194773,-30.26,1.56,-30.26,1.56,1,1,1,1
2023,G2,9,271,BO_001,BO_025,5,TRUE,BO-025-G2-009-22R,BO-025-G2-009-22R-5,22R,2022-10-31,2022-11-03,2023-04-21,172,169,2023-04-21,0,NA,NA,NA,NA,NA,0,0,0,0,0,NA,0,NA,29.502,2023-04-21,29.502,2023-04-21,43.697,2.46,43.697,2.46,17.763008130081303,17.763008130081303,0.05629677094537382,0.05629677094537382,NA,NA,NA,NA,1,0,0,0
2023,G1,9,272,BO_188,BO_052,2,TRUE,BO-052-G1-009-23R,BO-052-G1-009-23R-2,23R,2022-10-31,2022-11-03,2023-05-05,186,183,2023-05-05,0,1,NA,NA,NA,NA,1,0,2,2,1,2,2,7.64,NA,NA,24.959,2023-04-21,NA,NA,22.834,1.3,17.564615384615383,NA,0.05693264430235614,NA,-28.64,4.66,-28.64,4.66,1,1,1,1
2023,G1,9,272,BO_073,BO_186,1,TRUE,BO-186-G1-009-23L,BO-186-G1-009-23L-1,23L,2022-10-31,2022-11-03,2023-05-05,186,183,2023-05-05,0,1,NA,NA,12.96,12.96,2,0,3,5,2,1.5,3,4.38,29.089,2023-05-05,29.089,2023-05-05,NA,NA,29.41,1.77,16.615819209039547,NA,0.060183611016661004,NA,-30.37,4.49,-30.37,4.49,1,1,1,1
2023,G2,9,273,BO_029,BO_061,4,TRUE,BO-061-G2-009-24L,BO-061-G2-009-24L-4,24L,2022-10-31,2022-11-03,2023-04-21,172,169,2023-04-21,0,NA,NA,NA,5.12,5.12,0,1,0,0,1,NA,NA,NA,25.833,2023-04-21,25.833,2023-04-21,NA,NA,99.027,6.29,15.74356120826709,NA,0.06351803043614368,NA,NA,NA,NA,NA,1,1,0,0
2023,G1,9,273,BO_149,BO_106,1,TRUE,BO-106-G1-009-24R,BO-106-G1-009-24R-1,24R,2022-10-31,2022-11-03,2023-04-21,172,169,2023-04-21,0,NA,NA,NA,5.48,5.48,0,1,0,0,1,NA,NA,NA,24.019,2023-04-21,24.019,2023-04-21,13.584,0.81,13.584,0.81,16.77037037037037,16.77037037037037,0.059628975265017675,0.059628975265017675,-30.97,1.89,-30.97,1.89,1,1,0,0
2023,G1,9,274,BO_022,BO_009,5,TRUE,BO-009-G1-009-25R,BO-009-G1-009-25R-5,25R,2022-10-31,2022-11-03,2023-04-21,172,169,2023-05-05,14,1,NA,NA,31.3,31.3,3,1,6,6,4,2,8,4.936666667,23.091,2023-04-21,23.091,2023-04-21,NA,NA,36.495,1.86,19.62096774193548,NA,0.050965885737772304,NA,-28.95,5.38,-28.95,5.38,1,1,1,1
2023,G1,9,274,BO_170,BO_111,4,TRUE,BO-111-G1-009-25L,BO-111-G1-009-25L-4,25L,2022-10-31,2022-11-03,2023-04-21,172,169,2023-04-21,0,NA,NA,NA,NA,NA,0,0,0,0,0,NA,0,NA,18.537,2023-04-21,18.537,2023-04-21,NA,NA,NA,NA,NA,NA,NA,NA,NA,NA,NA,NA,1,0,0,0
2023,G2,9,276,BO_192,BO_166,5,TRUE,BO-166-G2-009-27L,BO-166-G2-009-27L-5,27L,2022-10-31,2022-11-03,2023-04-21,172,169,2023-05-17,26,1,1,NA,NA,NA,0,2,0,0,2,NA,NA,NA,25.043,2023-04-21,25.043,2023-04-21,63.398,3.69,63.398,3.69,17.181029810298103,17.181029810298103,0.058203728824253134,0.058203728824253134,-28.63,3.99,-28.63,3.99,1,1,0,0
2023,G1,9,276,BO_088,BO_169,2,TRUE,BO-169-G1-009-27R,BO-169-G1-009-27R-2,27R,2022-10-31,2022-11-03,2023-05-05,186,183,2023-05-05,0,1,NA,NA,25.59,25.59,3,1,6,10,4,2,8,5.628333333,23.019,2023-05-05,23.019,2023-05-05,52.569,3.45,52.569,3.45,15.237391304347826,15.237391304347826,0.06562803172972664,0.06562803172972664,-28.85,3.87,-28.85,3.87,1,1,1,1
2023,G2,9,279,BO_199,BO_018,1,TRUE,BO-018-G2-009-30R,BO-018-G2-009-30R-1,30R,2022-10-31,2022-11-03,2023-05-17,198,195,2023-05-17,0,1,NA,NA,NA,42.44,0,0,0,0,0,NA,0,NA,20.016,2023-05-17,20.016,2023-05-17,30.43,1.62,30.43,1.62,18.78395061728395,18.78395061728395,0.05323693723299376,0.05323693723299376,NA,NA,-29.56,3.55,1,0,0,0
2023,G2,10,281,BO_189,BO_142,5,TRUE,BO-142-G2-010-2R,BO-142-G2-010-2R-5,2R,2022-10-31,2022-11-03,2023-05-05,186,183,2023-05-17,12,2,3,NA,20.08,20.08,3,2,19,23,5,6.333333333,31.66666667,4.023684211,NA,NA,27.812,2023-04-21,NA,NA,31.081,1.6,19.425625,NA,0.05147839516103085,NA,-30.14,4.73,-30.14,4.73,1,1,1,1
2023,G2,10,281,BO_070,BO_184,3,TRUE,BO-184-G2-010-2L,BO-184-G2-010-2L-3,2L,2022-10-31,2022-11-03,2023-05-05,186,183,2023-06-15,41,1,1,NA,NA,NA,3,0,7,12,3,2.333333333,7,6.0475,NA,NA,NA,NA,NA,NA,46.509,3.66,12.707377049180327,NA,0.07869444623621236,NA,-27.63,3.54,-27.63,3.54,1,1,1,1
2023,G2,10,282,BO_201,BO_199,3,TRUE,BO-199-G2-010-3R,BO-199-G2-010-3R-3,3R,2022-10-31,2022-11-03,2023-05-05,186,183,2023-05-05,0,1,NA,NA,NA,NA,0,1,0,0,1,NA,NA,NA,NA,NA,NA,NA,NA,NA,15.982,1.43,11.176223776223777,NA,0.08947566011763233,NA,-29.22,0.86,-29.22,0.86,1,1,0,0
2023,G1,10,283,BO_070,BO_184,5,TRUE,BO-184-G1-010-4R,BO-184-G1-010-4R-5,4R,2022-10-31,2022-11-03,2023-04-21,172,169,2023-05-05,14,1,NA,NA,25.74,25.74,2,1,3,4,3,1.5,4.5,6.9075,26.579,2023-04-21,26.579,2023-04-21,NA,NA,24.551,2.23,11.009417040358743,NA,0.09083133069936053,NA,-28.61,4.13,-28.61,4.13,1,1,1,1
2023,G2,10,285,BO_149,BO_032,3,TRUE,BO-032-G2-010-6L,BO-032-G2-010-6L-3,6L,2022-10-31,2022-11-03,2023-05-05,186,183,2023-05-05,0,1,NA,NA,NA,NA,0,0,0,0,0,NA,0,NA,17.256,2023-05-05,17.256,2023-05-05,19.848,2.02,19.848,2.02,9.825742574257426,9.825742574257426,0.10177347843611448,0.10177347843611448,NA,NA,NA,NA,1,0,0,0
2023,G2,10,286,BO_065,BO_115,4,TRUE,BO-115-G2-010-7L,BO-115-G2-010-7L-4,7L,2022-10-31,2022-11-03,2023-04-21,172,169,2023-05-05,14,1,NA,NA,NA,NA,0,6,0,0,6,NA,NA,NA,24.033,2023-04-21,24.033,2023-04-21,NA,NA,28.632,1.51,18.961589403973512,NA,0.05273819502654372,NA,-29.34,5.6,-29.34,5.6,1,1,0,0
2023,G1,10,286,BO_038,BO_149,2,TRUE,BO-149-G1-010-7R,BO-149-G1-010-7R-2,7R,2022-10-31,2022-11-03,NA,NA,NA,NA,NA,NA,NA,NA,4.32,4.32,1,3,0,0,4,0,0,NA,NA,NA,NA,NA,27.692,1.75,27.692,1.75,15.824,15.824,0.06319514661274014,0.06319514661274014,-28.87,1.11,-28.87,1.11,0,1,1,0
2023,G1,10,287,BO_119,BO_013,4,TRUE,BO-013-G1-010-8R,BO-013-G1-010-8R-4,8R,2022-10-31,2022-11-03,2023-04-21,172,169,2023-05-05,14,1,NA,NA,NA,NA,0,0,0,0,0,NA,0,NA,NA,NA,NA,NA,NA,NA,NA,NA,NA,NA,NA,NA,-30.54,0.86,-30.54,0.86,1,0,0,0
2023,G1,10,287,BO_189,BO_142,1,TRUE,BO-142-G1-010-8L,BO-142-G1-010-8L-1,8L,2022-10-31,2022-11-03,2023-05-05,186,183,2023-05-05,0,2,NA,NA,NA,NA,1,0,1,1,1,1,1,10.27,NA,NA,NA,NA,NA,NA,41.281,2.52,16.381349206349206,NA,0.06104503282381725,NA,-30.78,2.66,-30.78,2.66,1,1,1,1
2023,G1,10,288,BO_005,BO_019,5,TRUE,BO-019-G1-010-9L,BO-019-G1-010-9L-5,9L,2022-10-31,2022-11-03,2023-04-21,172,169,2023-04-21,0,NA,NA,NA,NA,NA,0,1,0,0,1,NA,NA,NA,23.703,2023-04-21,23.703,2023-04-21,16.294,0.96,16.294,0.96,16.972916666666666,16.972916666666666,0.058917392905363936,0.058917392905363936,-28.84,1.28,-28.84,1.28,1,1,0,0
2023,G2,10,288,BO_162,BO_089,5,TRUE,BO-089-G2-010-9R,BO-089-G2-010-9R-5,9R,2022-10-31,2022-11-03,2023-05-05,186,183,2023-05-05,0,2,NA,NA,17.74,17.74,1,0,5,5,1,5,5,1.44,25.292,2023-05-05,25.292,2023-05-05,48.265,3.39,48.265,3.39,14.237463126843657,14.237463126843657,0.07023723194861702,0.07023723194861702,-29.34,4.38,-29.34,4.38,1,1,1,1
2023,G2,10,289,BO_033,BO_143,1,TRUE,BO-143-G2-010-10R,BO-143-G2-010-10R-1,10R,2022-10-31,2022-11-03,2023-06-02,214,211,2023-06-02,0,NA,NA,1,NA,NA,0,0,0,0,0,NA,0,NA,NA,NA,NA,NA,NA,NA,NA,NA,NA,NA,NA,NA,NA,NA,NA,NA,1,0,0,0
2023,G1,10,291,BO_188,BO_008,5,TRUE,BO-008-G1-010-12R,BO-008-G1-010-12R-5,12R,2022-10-31,2022-11-03,2023-04-21,172,169,2023-05-05,14,1,NA,NA,96.9,96.9,7,2,59,60,9,8.428571429,75.85714286,3.205,27.258,2023-04-21,27.258,2023-04-21,89.51,6.54,89.51,6.54,13.686544342507647,13.686544342507647,0.07306446207127694,0.07306446207127694,-28.95,4.17,-28.95,4.17,1,1,1,1
2023,G2,10,291,BO_168,BO_180,1,TRUE,BO-180-G2-010-12L,BO-180-G2-010-12L-1,12L,2022-10-31,2022-11-03,2023-05-05,186,183,2023-05-05,0,1,NA,NA,NA,NA,0,2,0,0,2,NA,NA,NA,19.696,2023-05-05,19.696,2023-05-05,34.176,2.02,34.176,2.02,16.91881188118812,16.91881188118812,0.05910580524344569,0.05910580524344569,NA,NA,NA,NA,1,1,0,0
2023,G1,10,292,BO_128,BO_060,1,TRUE,BO-060-G1-010-13R,BO-060-G1-010-13R-1,13R,2022-10-31,2022-11-03,2023-05-05,186,183,2023-05-05,0,1,NA,NA,5.99,5.99,0,0,0,0,0,NA,0,NA,17.048,2023-05-05,17.048,2023-05-05,20.525,1.41,20.525,1.41,14.556737588652481,14.556737588652481,0.06869671132764921,0.06869671132764921,-29.98,1.38,-29.98,1.38,1,0,0,0
2023,G1,10,293,BO_096,BO_012,3,TRUE,BO-012-G1-010-14R,BO-012-G1-010-14R-3,14R,2022-10-31,2022-11-03,2023-05-05,186,183,2023-05-05,0,3,NA,NA,12.35,12.35,0,3,0,0,3,NA,NA,NA,17.626,2023-05-05,17.626,2023-05-05,31.505,1.81,31.505,1.81,17.406077348066297,17.406077348066297,0.05745119822250437,0.05745119822250437,-27.82,2.31,-27.82,2.31,1,1,0,0
2023,G1,10,293,BO_109,BO_095,4,TRUE,BO-095-G1-010-14L,BO-095-G1-010-14L-4,14L,2022-10-31,2022-11-03,2023-04-21,172,169,2023-05-05,14,1,NA,NA,13.02,13.02,2,1,7,7,3,3.5,10.5,1.518571429,21.002,2023-04-21,21.002,2023-04-21,NA,NA,102.778,5.29,19.42873345935728,NA,0.05147015898344003,NA,-30.07,3.71,-30.07,3.71,1,1,1,1
2023,G2,10,294,BO_194,BO_125,5,TRUE,BO-125-G2-010-15R,BO-125-G2-010-15R-5,15R,2022-10-31,2022-11-03,2023-05-05,186,183,2023-05-05,0,1,NA,NA,5,5,0,1,0,0,1,NA,NA,NA,NA,NA,NA,NA,NA,NA,43.83,2.87,15.271777003484319,NA,0.06548026465890944,NA,-28.42,1.45,-28.42,1.45,1,1,0,0
2023,G1,10,295,BO_022,BO_146,5,TRUE,BO-146-G1-010-16L,BO-146-G1-010-16L-5,16L,2022-10-31,2022-11-03,2023-05-05,186,183,2023-05-05,0,1,NA,NA,36.53,36.53,3,1,6,6,4,2,8,5.785,NA,NA,NA,NA,67.679,3.98,67.679,3.98,17.004773869346735,17.004773869346735,0.05880701547008673,0.05880701547008673,-28.74,5.08,-28.74,5.08,1,1,1,1
2023,G2,10,296,BO_173,BO_079,3,TRUE,BO-079-G2-010-17R,BO-079-G2-010-17R-3,17R,2022-10-31,2022-11-03,2023-04-21,172,169,2023-06-02,42,1,1,NA,NA,NA,8,2,22,23,10,2.75,27.5,4.274529412,24.496,2023-04-21,24.496,2023-04-21,44.683,2.21,44.683,2.21,20.218552036199096,20.218552036199096,0.04945952599422599,0.04945952599422599,NA,NA,NA,NA,1,1,1,1
2023,G1,10,297,BO_073,BO_186,4,TRUE,BO-186-G1-010-18R,BO-186-G1-010-18R-4,18R,2022-10-31,2022-11-03,2023-05-05,186,183,2023-05-05,0,2,NA,NA,10.76,10.76,3,2,3,6,5,1,5,4.423333333,22.175,2023-05-05,22.175,2023-05-05,29.508,1.59,29.508,1.59,18.558490566037733,18.558490566037733,0.05388369255795039,0.05388369255795039,-29,3.16,-29,3.16,1,1,1,1
2023,G1,10,298,BO_162,BO_108,3,TRUE,BO-108-G1-010-19R,BO-108-G1-010-19R-3,19R,2022-10-31,2022-11-03,2023-04-21,172,169,2023-04-21,0,NA,NA,NA,15.39,15.39,1,1,0,0,2,0,0,NA,30.68,2023-04-21,30.68,2023-04-21,NA,NA,25.973,2.16,12.024537037037035,NA,0.08316328494975553,NA,-27.89,2.72,-27.89,2.72,1,1,1,0
2023,G2,10,301,BO_109,BO_001,3,TRUE,BO-001-G2-010-22L,BO-001-G2-010-22L-3,22L,2022-10-31,2022-11-03,2023-05-05,186,183,2023-05-05,0,1,NA,NA,11.07,11.07,1,3,4,4,4,4,16,1.74,NA,NA,23.951,2023-04-21,NA,NA,30.449,1.44,21.14513888888889,NA,0.04729219350389175,NA,-29.76,3.61,-29.76,3.61,1,1,1,1
2023,G1,10,302,BO_194,BO_037,5,TRUE,BO-037-G1-010-23L,BO-037-G1-010-23L-5,23L,2022-10-31,2022-11-03,2023-04-21,172,169,2023-05-05,14,1,NA,NA,7.98,7.98,1,1,0,2,2,0,0,NA,21.874,2023-04-21,21.874,2023-04-21,22.087,1.06,22.087,1.06,20.83679245283019,20.83679245283019,0.047992031511748995,0.047992031511748995,-29.25,2.75,-29.25,2.75,1,1,1,0
2023,G1,10,302,BO_194,BO_098,2,TRUE,BO-098-G1-010-23R,BO-098-G1-010-23R-2,23R,2022-10-31,2022-11-03,2023-04-21,172,169,2023-05-05,14,1,NA,NA,4.94,4.94,1,2,2,2,3,2,6,3.475,25.719,2023-04-21,25.719,2023-04-21,NA,NA,8.791,0.09,97.67777777777779,NA,0.010237743146399726,NA,-30.95,2.78,-30.95,2.78,1,1,1,1
2023,G2,10,303,BO_001,BO_025,4,TRUE,BO-025-G2-010-24R,BO-025-G2-010-24R-4,24R,2022-10-31,2022-11-03,2023-04-21,172,169,2023-05-05,14,1,NA,NA,12.15,12.15,0,1,0,0,1,NA,NA,NA,22.963,2023-04-21,22.963,2023-04-21,NA,NA,33.761,2.25,15.00488888888889,NA,0.0666449453511448,NA,-28.46,3.16,-28.46,3.16,1,1,0,0
2023,G2,10,304,BO_153,BO_177,2,TRUE,BO-177-G2-010-25R,BO-177-G2-010-25R-2,25R,2022-10-31,2022-11-03,2023-04-21,172,169,2023-05-05,14,1,NA,NA,1.45,1.45,0,1,0,0,1,NA,NA,NA,23.16,2023-04-21,23.16,2023-04-21,41,1.68,41,1.68,24.404761904761905,24.404761904761905,0.04097560975609756,0.04097560975609756,NA,NA,NA,NA,1,1,0,0
2023,G1,10,305,BO_040,BO_171,1,TRUE,BO-171-G1-010-26R,BO-171-G1-010-26R-1,26R,2022-10-31,2022-11-03,2023-05-05,186,183,2023-05-05,0,1,NA,NA,13.85,13.85,3,0,5,5,3,1.666666667,5,3.552,NA,NA,21.101,2023-04-21,NA,NA,33.046,2.09,15.811483253588518,NA,0.06324517339466199,NA,-29.04,5.25,-29.04,5.25,1,1,1,1
2023,G1,10,305,BO_070,BO_184,5,TRUE,BO-184-G1-010-26L,BO-184-G1-010-26L-5,26L,2022-10-31,2022-11-03,2023-05-05,186,183,2023-05-05,0,1,NA,NA,3.53,3.53,0,1,0,0,1,NA,NA,NA,NA,NA,NA,NA,NA,NA,15.739,0.99,15.897979797979799,NA,0.06290107376580469,NA,NA,NA,NA,NA,1,1,0,0
2023,G1,10,307,BO_005,BO_176,1,TRUE,BO-176-G1-010-28L,BO-176-G1-010-28L-1,28L,2022-10-31,2022-11-03,2023-04-21,172,169,2023-05-05,14,1,NA,NA,26.18,26.18,3,1,7,16,4,2.333333333,9.333333333,3.055714286,NA,NA,NA,NA,NA,NA,41.943,1.7,24.67235294117647,NA,0.04053119710082732,NA,-29.73,4.44,-29.73,4.44,1,1,1,1
2023,G1,10,308,BO_168,BO_180,3,TRUE,BO-180-G1-010-29R,BO-180-G1-010-29R-3,29R,2022-10-31,2022-11-03,2023-05-17,198,195,2023-05-17,0,NA,1,NA,2.62,2.62,0,0,0,0,0,NA,0,NA,NA,NA,NA,NA,11.394,0.61,11.394,0.61,18.678688524590164,18.678688524590164,0.053536949271546425,0.053536949271546425,NA,NA,NA,NA,1,0,0,0
2023,G1,10,309,BO_199,BO_018,4,TRUE,BO-018-G1-010-30R,BO-018-G1-010-30R-4,30R,2022-10-31,2022-11-03,2023-05-05,186,183,2023-05-05,0,3,NA,NA,NA,NA,7,0,23,23,7,3.285714286,23,0,26.407,2023-05-05,26.407,2023-05-05,NA,NA,37.418,2.67,14.014232209737829,NA,0.07135603185632583,NA,NA,NA,NA,NA,1,1,1,1
2023,G2,10,309,BO_032,BO_088,1,TRUE,BO-088-G2-010-30L,BO-088-G2-010-30L-1,30L,2022-10-31,2022-11-03,2023-05-05,186,183,2023-05-05,0,1,NA,NA,10.66,10.66,3,0,10,10,3,3.333333333,10,2.237083333,NA,NA,NA,NA,NA,NA,38.259,2.24,17.079910714285713,NA,0.058548315429049376,NA,-28.27,3.39,-28.27,3.39,1,1,1,1
