Recipient,Transect,Gen,SegPos,Donor,Plant_ID,Sequence,F_plant,Sow_Date,Plant_Date,FFD,days_sow2flower,days_plant2flower,LFD,fl_duration,LeafD,FLR_P,F_Num_01,F_Num_02,F_Num_03,skel_weight_mg,Sym,ALL_closed_fruit,ALL_open_fruit,ALL_filled_seeds,total_seeds,total_fruits,mean_seeds_per_fruit,est_fecundity,mean_seed_mass_mg,corolla_diam_mm,photo_date,leaf_area_mm2,leaf_dryweight_mg,SLA,d13C,sample_weight_mg,surv_to_flower,surv_to_fruitprod,prod_closed_fruits,prod_filled_seeds
AC_005,1,G2,23R,AC_156,3,23,TRUE,2022-10-17,2022-10-21,2023-04-28,193,189,2023-05-26,28,,2023-04-28,,1,,53.28,X,7,0,19,20,7,2.714285714,19,1.646583333,18.939,2023-04-28,,,,-33.28,4.16,1,1,1,1
AC_005,2,G2,1L,AC_156,4,37,TRUE,2022-10-17,2022-10-21,2023-05-12,207,203,2023-05-26,14,,2023-05-12,,,,,X,5,0,1,2,5,0.2,1,1.72,16.906,2023-05-12,53.67,3.78,14.1984126984127,-32.46,2.37,1,1,1,1
AC_005,3,G1,9L,AC_156,1,81,TRUE,2022-10-17,2022-10-21,2023-04-28,193,189,2023-05-12,14,,2023-04-28,,,,6.16,-,4,0,1,3,4,0.25,1,1.11,20.338,2023-04-28,34.896,2.11,16.538388625592418,-31.59,1.74,1,1,1,1
AC_005,4,G1,22L,AC_156,1,129,TRUE,2022-10-17,2022-10-21,2023-04-28,193,189,2023-05-12,14,,2023-04-28,,,,2.96,-,3,0,8,8,3,2.666666667,8,1.54125,20.78,2023-04-28,34.993,2.35,14.890638297872341,-32.98,1.31,1,1,1,1
AC_005,5,G1,15R,AC_156,3,158,TRUE,2022-10-17,2022-10-21,2023-04-28,193,189,2023-04-28,0,,,0,,,0.8,-,0,0,0,0,0,,0,,19.515,2023-04-28,62.497,3.14,19.903503184713376,,,1,0,0,0
AC_005,8,G2,16R,AC_156,2,266,TRUE,2022-10-17,2022-10-21,2023-04-28,193,189,2023-04-28,0,,,0,,,3.15,X,0,1,0,0,1,,,,21.893,2024-04-28,,,,-31.9,0.97,1,1,0,0
AC_010,2,G2,15L,AC_168,3,51,TRUE,2022-10-17,2022-10-21,2023-05-26,221,217,2023-05-26,0,,2023-05-26,,,,,X,1,0,1,1,1,1,1,5.3,18.961,2023-05-26,54.091,3.57,15.1515406162465,,,1,1,1,1
AC_010,3,G1,8L,AC_168,1,80,TRUE,2022-10-17,2022-10-21,2023-05-12,207,203,2023-05-12,0,,,,,,9.91,-,3,0,3,3,3,1,3,4.03,,,,,,-30.97,1.01,1,1,1,1
AC_010,5,G2,6R,AC_168,5,149,TRUE,2022-10-17,2022-10-21,2023-04-28,193,189,2023-05-26,28,,2023-05-12,2,,,20.49,X,6,0,4,4,6,0.6666666667,4,1.75,23.85,2023-05-12,11.656,0.58,20.09655172413793,-31.32,5.41,1,1,1,1
AC_011,1,G2,21R,AC_186,4,21,TRUE,2022-10-17,2022-10-21,2023-04-28,193,189,2023-05-12,14,,2023-04-28,,,,3.91,X,2,0,2,2,2,1,2,1.24,16.678,2023-04-28,30.888,1.34,23.050746268656717,-32.11,1.63,1,1,1,1
AC_011,2,G2,2R,AC_186,5,38,TRUE,2022-10-17,2022-10-21,2023-05-12,207,203,2023-05-12,0,,2023-05-12,,,,,X,1,0,0,0,1,0,0,,22.612,2023-05-12,20.454,1.56,13.111538461538462,,,1,1,1,0
AC_011,4,G1,3R,AC_186,2,110,TRUE,2022-10-17,2022-10-21,2023-04-28,193,189,2023-05-26,28,,2023-04-28,3,1,,20.15,-,8,1,9,15,9,1.125,10.125,1.073214286,19.31,2023-04-28,49.471,3.39,14.593215339233037,-32.06,2.71,1,1,1,1
AC_011,4,G2,18L,AC_186,4,125,TRUE,2022-10-17,2022-10-21,2023-04-28,193,189,2023-05-26,28,,2023-04-28,,,,11.88,X,3,1,5,12,4,1.666666667,6.666666667,1.916666667,,,,,,-32.6,3.31,1,1,1,1
AC_011,5,G1,32L,AC_186,2,175,TRUE,2022-10-17,2022-10-21,2023-05-12,207,203,2023-05-12,0,,,0,,,3.06,-,0,0,0,0,0,,0,,,,,,,-31.68,1.4,1,0,0,0
AC_011,8,G1,1R,AC_186,5,251,TRUE,2022-10-17,2022-10-21,2023-05-12,207,203,2023-05-12,0,,2023-05-12,1,,,17.44,-,3,0,0,6,3,0,0,,18.89,2023-05-12,45.403,2.97,15.287205387205386,-31.78,4.86,1,1,1,0
AC_014,2,G1,27R,AC_124,5,63,TRUE,2022-10-17,2022-10-21,2023-04-28,193,189,2023-04-28,0,,,,,,5.64,-,3,0,3,4,3,1,3,1.97,,,28.231,1.72,16.413372093023256,-32.81,2.35,1,1,1,1
AC_014,4,G2,7L,AC_124,4,114,TRUE,2022-10-17,2022-10-21,2023-05-12,207,203,2023-05-26,14,,2023-05-12,2,1,,11.82,X,7,1,5,15,8,0.7142857143,5.714285714,1.318,19.133,2023-04-28,34.667,2.41,14.384647302904565,-31.97,2.33,1,1,1,1
AC_014,8,G1,20L,AC_124,2,270,TRUE,2022-10-17,2022-10-21,2023-04-14,179,175,2023-05-12,28,,,1,,,8.92,-,1,3,1,1,4,1,4,2.06,,,,,,-30.34,3.23,1,1,1,1
AC_014,8,G1,30R,AC_124,2,280,TRUE,2022-10-17,2022-10-21,2023-04-28,193,189,2023-04-28,0,,,,,,1.92,-,0,2,0,0,2,,,,,,,,,,,1,1,0,0
AC_014,8,G2,32R,AC_124,2,282,TRUE,2022-10-17,2022-10-21,2023-04-28,193,189,2023-04-28,0,,,0,,,,X,1,1,4,4,2,4,8,0.9375,,,,,,,,1,1,1,1
AC_014,9,G2,31R,AC_124,1,317,TRUE,2022-10-17,2022-10-21,2023-05-12,207,203,2023-05-12,0,,,,,,2.65,X,0,2,0,0,2,,,,,,,,,,,1,1,0,0
AC_015,1,G2,27L,AC_160,2,27,TRUE,2022-10-17,2022-10-21,2023-04-28,193,189,2023-05-26,28,,2023-04-28,,,,,X,1,0,2,2,1,2,2,2.935,16.131,2023-04-28,34.171,1.53,22.333986928104576,,,1,1,1,1
AC_015,3,G2,31L,AC_160,2,103,TRUE,2022-10-17,2022-10-21,2023-04-28,193,189,2023-05-26,28,,2023-05-26,,1,,9.13,X,1,0,0,0,1,0,0,,14.81,2023-05-26,44.656,2.61,17.109578544061304,-31.86,2.66,1,1,1,0
AC_015,8,G1,33L,AC_160,1,283,TRUE,2022-10-17,2022-10-21,2023-04-28,193,189,2023-04-28,0,,,0,,,6.31,-,0,0,0,0,0,,0,,16.383,2023-04-14,,,,-31.09,2.1,1,0,0,0
AC_015,9,G1,10L,AC_160,4,296,TRUE,2022-10-17,2022-10-21,2023-04-28,193,189,2023-05-12,14,,2023-04-28,1,,,4.3,-,1,3,3,3,4,3,12,0.7366666667,,,19.045,1.09,17.472477064220183,-31.36,1.25,1,1,1,1
AC_015,9,G1,27L,AC_160,3,313,TRUE,2022-10-17,2022-10-21,2023-05-12,207,203,2023-05-12,0,,2023-05-12,1,,,0.72,-,0,0,0,0,0,,0,,17.995,2023-05-12,20.546,1.17,17.560683760683762,,,1,0,0,0
AC_015,9,G2,11L,AC_160,1,297,TRUE,2022-10-17,2022-10-21,2023-04-28,193,189,2023-04-28,0,,,0,,,1.79,X,0,0,0,0,0,,0,,,,22.067,1.67,13.21377245508982,,,1,0,0,0
AC_016,2,G2,14R,AC_156,5,50,TRUE,2022-10-17,2022-10-21,2023-04-28,193,189,2023-04-28,0,,2023-04-28,,,,2.79,X,1,3,2,2,4,2,8,1.285,17.685,2023-04-28,40.046,2.83,14.150530035335688,-32.38,1.59,1,1,1,1
AC_016,3,G1,20L,AC_156,5,92,TRUE,2022-10-17,2022-10-21,2023-04-28,193,189,2023-05-26,28,,2023-04-28,,,,,-,2,0,1,1,2,0.5,1,1.13,22.054,2023-04-28,40.506,2.66,15.22781954887218,-32.11,1.65,1,1,1,1
AC_016,3,G1,26R,AC_156,4,98,TRUE,2022-10-17,2022-10-21,2023-04-28,193,189,2023-05-26,28,,2023-05-26,,,,,-,0,0,0,0,0,,0,,,,,,,,,1,0,0,0
AC_016,6,G2,1R,AC_156,2,180,TRUE,2022-10-17,2022-10-21,2023-05-12,207,203,2023-06-09,28,,2023-05-12,2,4,1,91.48,X,7,1,5,15,8,0.7142857143,5.714285714,1.098,24.503,2023-05-12,31.654,1.8,17.585555555555555,-31.61,4.36,1,1,1,1
AC_016,6,G2,28L,AC_156,2,207,TRUE,2022-10-17,2022-10-21,2023-04-28,193,189,2023-05-12,14,,,,,,7.47,X,0,2,0,0,2,,,,,,15.006,0.76,19.74473684210526,-31.94,2.57,1,1,0,0
AC_017,4,G1,19R,AC_064,3,126,TRUE,2022-10-17,2022-10-21,2023-04-28,193,189,2023-04-28,0,,2023-04-28,,,,4.24,-,1,0,0,0,1,0,0,,19.151,2023-04-28,38.167,3.13,12.193929712460065,-31.41,0.93,1,1,1,0
AC_017,7,G1,12L,AC_064,2,226,TRUE,2022-10-17,2022-10-21,2023-04-28,193,189,2023-05-12,14,,2023-04-28,0,,,,-,3,0,2,3,3,0.6666666667,2,0.785,16.661,2024-04-28,42.593,2.43,17.52798353909465,,,1,1,1,1
AC_017,7,G2,21R,AC_064,3,235,TRUE,2022-10-17,2022-10-21,2023-04-28,193,189,2023-05-12,14,,2023-04-28,2,,,12.64,X,1,3,2,2,4,2,8,2.1,,,25.231,1.7,14.841764705882355,-31.83,5.5,1,1,1,1
AC_017,7,G2,27R,AC_064,5,241,TRUE,2022-10-17,2022-10-21,2023-04-28,193,189,2023-05-12,14,,,1,,,,X,4,3,17,20,7,4.25,29.75,1.497647059,,,,,,-31.41,4.87,1,1,1,1
AC_017,8,G2,8R,AC_064,1,258,TRUE,2022-10-17,2022-10-21,2023-04-28,193,189,2023-05-12,14,,,1,,,10.63,X,3,1,5,6,4,1.666666667,6.666666667,0.922,,,,,,-31.4,1.67,1,1,1,1
AC_030,1,G1,7L,AC_124,1,7,TRUE,2022-10-17,2022-10-21,2023-04-28,193,189,2023-05-12,14,,2023-04-28,,,,,-,6,1,11,15,7,1.833333333,12.83333333,1.125454545,22.713,2023-04-28,7.648,0.56,13.657142857142855,-32.26,1.58,1,1,1,1
AC_030,2,G1,10L,AC_124,2,46,TRUE,2022-10-17,2022-10-21,2023-04-28,193,189,2023-05-12,14,,2023-04-28,,,,6.33,-,4,0,5,7,4,1.25,5,1.06,18.469,2023-04-28,74.767,5.75,13.00295652173913,-32.26,2.36,1,1,1,1
AC_030,4,G2,20R,AC_124,3,127,TRUE,2022-10-17,2022-10-21,2023-04-28,193,189,2023-05-12,14,,2023-04-28,,,,6.62,X,5,0,9,10,5,1.8,9,2.81,21.395,2023-04-28,31.248,1.78,17.55505617977528,-32.33,3.5,1,1,1,1
AC_030,5,G1,16L,AC_124,1,159,TRUE,2022-10-17,2022-10-21,2023-04-28,193,189,2023-05-12,14,,2023-04-28,1,,,13.48,-,4,2,12,14,6,3,18,1.653333333,23.477,2023-04-28,,,,-31.46,4.63,1,1,1,1
AC_030,7,G2,36R,AC_124,5,250,TRUE,2022-10-17,2022-10-21,2023-04-14,179,175,2023-05-12,28,,2023-04-14,2,,,37.2,X,2,9,4,4,11,2,22,3.235,20.007,2023-04-14,,,,-31.43,3.89,1,1,1,1
AC_032,1,G1,3R,AC_089,2,3,TRUE,2022-10-17,2022-10-21,2023-04-28,193,189,2023-05-12,14,,2023-04-28,,,,59.42,-,8,1,20,35,9,2.5,22.5,2.106666667,23.885,2023-04-28,74.933,4.3,17.426279069767443,-31.63,5.47,1,1,1,1
AC_032,1,G2,4R,AC_089,2,4,TRUE,2022-10-17,2022-10-21,2023-04-28,193,189,2023-05-12,14,,2023-05-12,,,,4.4,X,1,2,0,3,3,0,0,,,,79.498,4.95,16.06020202020202,-31.74,1.98,1,1,1,0
AC_032,2,G1,22L,AC_089,3,58,TRUE,2022-10-17,2022-10-21,2023-04-28,193,189,2023-05-12,14,,2023-04-28,,,,,-,5,0,21,33,5,4.2,21,1.998055556,25.076,2023-04-28,63.31,4.12,15.366504854368932,,,1,1,1,1
AC_032,3,G1,24L,AC_089,5,96,TRUE,2022-10-17,2022-10-21,2023-04-28,193,189,2023-04-28,0,,,,,,,-,1,1,1,1,2,1,2,1.11,,,71.975,5.1,14.112745098039216,,,1,1,1,1
AC_032,5,G2,8R,AC_089,4,151,TRUE,2022-10-17,2022-10-21,,,,,,,,,,,5.64,X,0,0,0,0,0,,0,,20.48,2023-04-28,,,,-30.73,2.53,0,0,0,0
AC_034,1,G1,14R,AC_216,1,14,TRUE,2022-10-17,2022-10-21,2023-05-12,207,203,2023-05-12,0,,,,,,5.29,-,2,0,1,3,2,0.5,1,2.83,17.929,2023-04-28,85.437,5.43,15.734254143646409,-31.77,1.23,1,1,1,1
AC_034,3,G2,35L,AC_216,3,107,TRUE,2022-10-17,2022-10-21,2023-04-28,193,189,2023-05-12,14,,,,,,5.95,X,0,3,0,0,3,,,,18.593,2023-04-14,34.777,2.63,13.22319391634981,-31.24,1.24,1,1,0,0
AC_034,5,G1,36R,AC_216,3,179,TRUE,2022-10-17,2022-10-21,2023-04-14,179,175,2023-05-12,28,,2023-04-14,,,,17.16,-,4,4,10,10,8,2.5,20,1.665,15.753,2023-04-14,,,,-32.69,5.24,1,1,1,1
AC_034,6,G2,31L,AC_216,3,210,TRUE,2022-10-17,2022-10-21,2023-04-28,193,189,2023-05-12,14,,,,,,3.39,X,1,1,6,6,2,6,12,1.108333333,,,,,,-31.35,1.47,1,1,1,1
AC_034,7,G2,32R,AC_216,2,246,TRUE,2022-10-17,2022-10-21,2023-04-14,179,175,2023-05-12,28,,2023-04-14,0,,,,X,1,4,3,3,5,3,15,0.7533333333,15.641,2023-04-14,,,,-31.42,3.27,1,1,1,1
AC_034,9,G1,21L,AC_216,2,307,TRUE,2022-10-17,2022-10-21,2023-04-14,179,175,2023-04-14,0,,,,,,,-,0,0,0,0,0,,0,,,,,,,,,1,0,0,0
AC_038,2,G2,12L,AC_125,3,48,TRUE,2022-10-17,2022-10-21,2023-05-12,207,203,2023-05-26,14,,2023-05-12,,,,,X,2,0,3,3,2,1.5,3,2.26,21.718,2023-04-28,30.528,1.97,15.496446700507613,,,1,1,1,1
AC_038,3,G1,20R,AC_125,4,92,TRUE,2022-10-17,2022-10-21,2023-04-28,193,189,2023-05-26,28,,2023-04-28,,2,,,-,2,6,3,4,8,1.5,12,1.9,,,38.641,2.95,13.09864406779661,-32.08,5.67,1,1,1,1
AC_038,3,G1,2R,AC_125,3,74,TRUE,2022-10-17,2022-10-21,2023-05-12,207,203,2023-05-26,14,,2023-05-26,,2,,38.13,-,6,2,10,10,8,1.666666667,13.33333333,1.697619048,17.583,2023-04-28,37.089,2.27,16.33876651982379,-31.27,3.86,1,1,1,1
AC_038,3,G2,23L,AC_125,4,95,TRUE,2022-10-17,2022-10-21,2023-05-12,207,203,2023-05-26,14,,,,,,25.83,X,3,2,1,5,5,0.3333333333,1.666666667,2.01,,,22.62,1.56,14.5,-31.16,3.4,1,1,1,1
AC_038,8,G1,3R,AC_125,2,253,TRUE,2022-10-17,2022-10-21,2023-04-28,193,189,2023-05-26,28,,2023-04-28,2,,,,-,3,0,2,3,3,0.6666666667,2,2.37,,,22.03,1.3,16.946153846153848,-30.28,1.01,1,1,1,1
AC_038,8,G2,2L,AC_125,4,252,TRUE,2022-10-17,2022-10-21,2023-05-12,207,203,2023-05-12,0,,2023-05-12,3,,,11.54,X,3,0,0,2,3,0,0,,21.154,2023-05-12,,,,-31,2.81,1,1,1,0
AC_040,1,G2,31L,AC_172,5,31,TRUE,2022-10-17,2022-10-21,2023-04-28,193,189,2023-04-28,0,,,,,,,X,3,1,1,4,4,0.3333333333,1.333333333,2.06,,,,,,,,1,1,1,1
AC_040,2,G2,10R,AC_172,4,46,TRUE,2022-10-17,2022-10-21,2023-04-28,193,189,2023-05-26,28,,,,1,,22.62,X,5,0,4,11,5,0.8,4,4.6825,23.121,2023-04-28,39.745,3.58,11.10195530726257,-31.58,5.88,1,1,1,1
AC_040,4,G1,28R,AC_172,3,135,TRUE,2022-10-17,2022-10-21,2023-04-28,193,189,2023-05-12,14,,,,,,3.78,-,2,1,2,2,3,1,3,2.245,,,42.072,2.63,15.996958174904945,-31.95,1.18,1,1,1,1
AC_040,4,G2,27R,AC_172,5,134,TRUE,2022-10-17,2022-10-21,2023-04-14,179,175,2023-04-28,14,,2023-04-14,,,,7.31,X,3,1,8,12,4,2.666666667,10.66666667,1.73875,18.644,2023-04-14,25.582,1.56,16.398717948717948,-32.24,3.34,1,1,1,1
AC_040,5,G1,14R,AC_172,2,157,TRUE,2022-10-17,2022-10-21,2023-05-12,207,203,2023-05-12,0,,,0,,,4.23,-,4,2,8,10,6,2,12,2.100833333,22.765,2023-04-28,,,,-31.64,1.71,1,1,1,1
AC_040,9,G1,7L,AC_172,3,293,TRUE,2022-10-17,2022-10-21,2023-04-28,193,189,2023-04-28,0,,2023-04-28,,,,11.7,-,1,3,4,4,4,4,16,1.955,20.67,2023-04-28,,,,-31.2,4,1,1,1,1
AC_046,2,G1,32R,AC_054,3,68,TRUE,2022-10-17,2022-10-21,2023-04-14,179,175,2023-05-12,28,,2023-04-14,,,,3.81,-,0,2,0,0,2,,,,19.056,2023-04-14,24.857,1.69,14.70828402366864,-30.99,3.4,1,1,0,0
AC_046,2,G2,29R,AC_054,3,65,TRUE,2022-10-17,2022-10-21,2023-04-28,193,189,2023-05-26,28,,,,,,13.05,X,5,0,18,24,5,3.6,18,1.130714286,,,47.147,2.56,18.416796875,-32.38,4.71,1,1,1,1
AC_046,3,G1,26L,AC_054,4,98,TRUE,2022-10-17,2022-10-21,,,,,,,,,,,3.5,-,0,2,0,0,2,,,,,,,,,-32.07,1.91,0,1,0,0
AC_046,4,G2,2L,AC_054,3,109,TRUE,2022-10-17,2022-10-21,2023-05-26,221,217,2023-05-26,0,,2023-05-26,,1,,4.73,X,0,1,0,0,1,,,,19.18,2023-05-12,28.584,1.94,14.734020618556702,-31.95,1.58,1,1,0,0
AC_046,5,G1,24R,AC_054,4,167,TRUE,2022-10-17,2022-10-21,2023-04-28,193,189,2023-05-26,28,,,2,,,10.96,-,1,0,5,7,1,5,5,0.962,15.335,2023-04-14,,,,-30.68,2.9,1,1,1,1
AC_046,5,G2,3R,AC_054,2,146,TRUE,2022-10-17,2022-10-21,2023-05-12,207,203,2023-05-26,14,,2023-05-12,1,1,,37.29,X,7,2,17,62,9,2.428571429,21.85714286,1.496180556,,,25.677,1.21,21.220661157024793,-30.95,4.66,1,1,1,1
AC_048,2,G2,36R,AC_186,4,72,TRUE,2022-10-17,2022-10-21,2023-05-26,221,217,2023-05-26,0,,,,,,0.23,X,0,0,0,0,0,,0,,,,,,,,,1,0,0,0
AC_048,4,G1,16L,AC_186,3,123,TRUE,2022-10-17,2022-10-21,2023-04-28,193,189,2023-05-12,14,,2023-04-28,,,,3.22,-,2,0,4,5,2,2,4,1.83,22.144,2023-04-28,21.341,2.01,10.617412935323385,-31.68,1.45,1,1,1,1
AC_048,5,G2,16R,AC_186,5,159,TRUE,2022-10-17,2022-10-21,2023-04-28,193,189,2023-05-12,14,,2023-04-28,2,,,7.14,X,4,1,10,12,5,2.5,12.5,1.441,17.064,2023-04-28,,,,-31.73,3.13,1,1,1,1
AC_048,7,G1,14L,AC_186,4,228,TRUE,2022-10-17,2022-10-21,2023-04-28,193,189,2023-04-28,0,,2023-04-28,,,,2.98,-,0,0,0,0,0,,0,,16.491,2024-04-28,,,,,,1,0,0,0
AC_048,9,G2,13R,AC_186,4,299,TRUE,2022-10-17,2022-10-21,2023-04-28,193,189,2023-05-12,14,,,0,,,6.33,X,2,1,2,3,3,1,3,1.595,19.763,2024-04-28,19.568,1.81,10.811049723756906,,,1,1,1,1
AC_051,2,G1,11L,AC_198,5,47,TRUE,2022-10-17,2022-10-21,2023-04-28,193,189,2023-05-12,14,,2023-04-28,,,,20.96,-,4,0,1,5,4,0.25,1,2.83,20.959,2023-04-28,27.09,1.64,16.51829268292683,-32.05,4.68,1,1,1,1
AC_051,3,G1,32L,AC_198,5,104,TRUE,2022-10-17,2022-10-21,2023-04-28,193,189,2023-04-28,0,,,,,,2.56,-,0,0,0,0,0,,0,,,,,,,,,1,0,0,0
AC_051,4,G2,26R,AC_198,2,133,TRUE,2022-10-17,2022-10-21,2023-04-28,193,189,2023-04-28,0,,,,,,2.68,X,1,1,2,3,2,2,4,0.965,,,,,,-32.68,0.94,1,1,1,1
AC_051,7,G2,22L,AC_198,1,236,TRUE,2022-10-17,2022-10-21,2023-04-28,193,189,2023-04-28,0,,,,,,7.31,X,1,1,2,2,2,2,4,2.46,,,,,,-31.1,1.28,1,1,1,1
AC_051,9,G2,18R,AC_198,5,304,TRUE,2022-10-17,2022-10-21,2023-04-28,193,189,2023-04-28,0,,,0,,,8.4,X,1,3,4,4,4,4,16,2.165,18.166,2024-04-28,,,,-31.67,4.6,1,1,1,1
AC_052,3,G1,1L,AC_061,3,73,TRUE,2022-10-17,2022-10-21,2023-05-12,207,203,2023-05-12,0,,2023-05-12,,,,5.65,-,1,0,0,0,1,0,0,,20.498,2023-04-28,40.877,3.23,12.655417956656347,-32.89,3.05,1,1,1,0
AC_052,6,G2,30L,AC_061,3,209,TRUE,2022-10-17,2022-10-21,2023-04-28,193,189,2023-05-12,14,,,0,,,,X,3,0,3,5,3,1,3,0.97,,,51.159,2.57,19.906225680933854,-31.09,3.34,1,1,1,1
AC_052,7,G1,9L,AC_061,3,223,TRUE,2022-10-17,2022-10-21,2023-04-28,193,189,2023-04-28,0,,2023-04-28,,,,,-,0,0,0,0,0,,0,,17.991,2024-04-28,,,,-31.08,3.66,1,0,0,0
AC_052,7,G2,36L,AC_061,3,250,TRUE,2022-10-17,2022-10-21,2023-04-28,193,189,2023-05-12,14,,,2,,,11.91,X,1,1,7,7,2,7,14,1.801428571,,,,,,-31.73,4.25,1,1,1,1
AC_052,8,G2,23R,AC_061,5,273,TRUE,2022-10-17,2022-10-21,2023-04-28,193,189,2023-04-28,0,,2023-04-28,0,,,8.13,X,2,1,0,1,3,0,0,,21.081,2024-04-28,,,,-30.63,2.79,1,1,1,0
AC_054,2,G1,15R,AC_097,1,51,TRUE,2022-10-17,2022-10-21,2023-04-28,193,189,2023-05-12,14,,,,,,5.23,-,4,0,8,8,4,2,8,1.68875,22.921,2023-04-28,43.599,3.26,13.373926380368099,-32.65,2.44,1,1,1,1
AC_054,2,G1,1R,AC_097,3,37,TRUE,2022-10-17,2022-10-21,2023-05-12,207,203,2023-05-26,14,,2023-05-12,,1,,26.49,-,7,2,8,14,9,1.142857143,10.28571429,1.92375,,,20.856,1.3,16.043076923076924,-32.39,4.28,1,1,1,1
AC_054,2,G2,28L,AC_097,5,64,TRUE,2022-10-17,2022-10-21,2023-05-12,207,203,2023-05-12,0,,,,,,1.39,X,1,0,1,2,1,1,1,1.21,,,,,,,,1,1,1,1
AC_054,4,G2,12L,AC_097,5,119,TRUE,2022-10-17,2022-10-21,2023-04-28,193,189,2023-04-28,0,,2023-04-28,,,,3.92,X,1,1,6,8,2,6,12,0.6033333333,18.806,2023-04-28,,,,-31.24,1.43,1,1,1,1
AC_054,6,G1,5R,AC_097,5,184,TRUE,2022-10-17,2022-10-21,2023-04-28,193,189,2023-05-26,28,2023-05-12,2023-04-28,4,1,,74.07,-,9,3,7,17,12,0.7777777778,9.333333333,2.9195,20.842,2024-04-28,81.745,3.81,21.45538057742782,-31.03,4.87,1,1,1,1
AC_055,2,G1,23L,AC_207,3,59,TRUE,2022-10-17,2022-10-21,2023-05-12,207,203,2023-05-12,0,,,,,,5.54,-,2,1,5,5,3,2.5,7.5,1.826,,,,,,-31.97,1.17,1,1,1,1
AC_055,4,G2,19L,AC_207,3,126,TRUE,2022-10-17,2022-10-21,2023-04-28,193,189,2023-05-12,14,,2023-04-28,,,,6.32,X,4,1,2,14,5,0.5,2.5,1.41,21.874,2023-04-28,,,,-32.51,3.02,1,1,1,1
AC_055,4,G2,3L,AC_207,5,110,TRUE,2022-10-17,2022-10-21,,,,,,,,,,,,X,0,0,0,0,0,,0,,,,,,,,,0,0,0,0
AC_055,6,G1,25R,AC_207,5,204,TRUE,2022-10-17,2022-10-21,2023-04-14,179,175,2023-05-12,28,,2023-04-14,2,,,19.46,-,10,1,27,52,11,2.7,29.7,1.829954545,19.425,2023-04-14,52.551,3.32,15.828614457831327,-31.3,3.97,1,1,1,1
AC_055,7,G1,7R,AC_207,3,221,TRUE,2022-10-17,2022-10-21,2023-04-28,193,189,2023-05-12,14,,2023-04-28,2,,,29.05,-,9,1,20,35,10,2.222222222,22.22222222,1.698666667,20.335,2024-04-28,,,,-31.2,3.25,1,1,1,1
AC_056,2,G1,19L,AC_068,3,55,TRUE,2022-10-17,2022-10-21,2023-04-28,193,189,2023-05-12,14,,2023-04-28,,,,11.33,-,4,1,7,8,5,1.75,8.75,1.51625,17.651,2023-04-28,68.026,3.85,17.669090909090908,-32.48,5.16,1,1,1,1
AC_056,5,G1,9R,AC_068,4,152,TRUE,2022-10-17,2022-10-21,2023-04-28,193,189,2023-04-28,0,,2023-04-28,0,,,7.23,-,4,1,3,3,5,0.75,3.75,2.283333333,15.076,2023-04-28,,,,-31.52,2.88,1,1,1,1
AC_056,7,G1,7L,AC_068,3,221,TRUE,2022-10-17,2022-10-21,2023-04-28,193,189,2023-05-26,28,,2023-04-28,7,2,,179.96,-,28,1,73,126,29,2.607142857,75.60714286,2.378333333,18.894,2024-04-28,52.008,3.72,13.980645161290322,-31.26,4.39,1,1,1,1
AC_056,7,G2,12R,AC_068,1,226,TRUE,2022-10-17,2022-10-21,2023-04-28,193,189,2023-05-12,14,,2023-04-28,3,,,,X,4,4,10,13,8,2.5,20,0.805,,,,,,-30.94,3.71,1,1,1,1
AC_057,1,G1,1L,AC_089,2,1,TRUE,2022-10-17,2022-10-21,2023-05-12,207,203,2023-05-26,14,,2023-05-12,,1,,7.72,-,4,0,3,3,4,0.75,3,2.216666667,,,,,,-32.86,4.07,1,1,1,1
AC_057,3,G1,12R,AC_089,4,84,TRUE,2022-10-17,2022-10-21,2023-04-28,193,189,2023-05-12,14,,2023-04-28,,,,12.43,-,3,1,0,2,4,0,0,,20.447,2023-04-28,41.151,2.65,15.528679245283021,-30.37,4.21,1,1,1,0
AC_057,3,G1,4R,AC_089,1,76,TRUE,2022-10-17,2022-10-21,2023-05-12,207,203,2023-05-12,0,,2023-05-12,,,,5.85,-,2,1,1,1,3,0.5,1.5,4.13,,,,,,-31.71,3.84,1,1,1,1
AC_057,4,G2,8R,AC_089,2,115,TRUE,2022-10-17,2022-10-21,2023-04-28,193,189,2023-05-12,14,,2023-04-28,,,,20.48,X,6,2,10,15,8,1.666666667,13.33333333,2.545416667,20.294,2023-04-28,47.593,3.43,13.875510204081634,-30.96,4.25,1,1,1,1
AC_057,7,G2,23R,AC_089,2,237,TRUE,2022-10-17,2022-10-21,2023-04-28,193,189,2023-05-12,14,,,0,,,,X,1,0,2,2,1,2,2,1.725,,,41.376,3.4,12.169411764705883,-31.99,2.72,1,1,1,1
AC_058,2,G2,27L,AC_216,4,63,TRUE,2022-10-17,2022-10-21,2023-04-28,193,189,2023-05-12,14,,,,,,22.81,X,6,2,27,28,8,4.5,36,1.091928571,,,35.473,3.5,10.135142857142856,-32.48,4.96,1,1,1,1
AC_058,3,G2,33L,AC_216,5,105,TRUE,2022-10-17,2022-10-21,2023-04-28,193,189,2023-04-28,0,,,,,,21.11,X,1,5,0,1,6,0,0,,,,36.32,2.48,14.64516129032258,-32.56,3.93,1,1,1,0
AC_058,4,G1,11L,AC_216,3,118,TRUE,2022-10-17,2022-10-21,2023-04-28,193,189,2023-05-26,28,,2023-05-12,,,,20.44,-,6,2,4,35,8,0.6666666667,5.333333333,3.15,,,40.133,3.41,11.769208211143695,-30.39,3.37,1,1,1,1
AC_058,5,G1,30R,AC_216,1,173,TRUE,2022-10-17,2022-10-21,2023-04-28,193,189,2023-05-12,14,,,1+,,,14.25,-,2,5,2,7,7,1,7,3.99,15.604,2023-04-28,22.507,1.29,17.447286821705426,-31.9,1.89,1,1,1,1
AC_058,5,G1,4L,AC_216,2,147,TRUE,2022-10-17,2022-10-21,2023-05-12,207,203,2023-05-26,14,2023-05-12,2023-05-12,1,,,38.41,-,13,2,37,65,15,2.846153846,42.69230769,1.657403846,,,72.229,4.49,16.08663697104677,-30.17,4.16,1,1,1,1
AC_058,8,G2,20R,AC_216,5,270,TRUE,2022-10-17,2022-10-21,2023-04-28,193,189,2023-05-12,14,,2023-04-28,0,,,13.79,X,3,4,1,16,7,0.3333333333,2.333333333,1.8,12.008,2024-04-28,,,,-31.51,3.6,1,1,1,1
AC_062,1,G2,22R,AC_165,1,22,TRUE,2022-10-17,2022-10-21,2023-04-28,193,189,2023-05-12,14,,,,,,,X,2,3,4,10,5,2,10,1.128333333,16.786,2023-04-28,,,,-32.19,4.94,1,1,1,1
AC_062,2,G2,7R,AC_165,4,43,TRUE,2022-10-17,2022-10-21,2023-04-28,193,189,2023-05-26,28,,2023-04-28,,,,165.12,X,22,2,91,155,24,4.136363636,99.27272727,2.037666667,18.993,2023-04-28,30.951,2.26,13.695132743362834,-32.05,4.86,1,1,1,1
AC_062,4,G1,35R,AC_165,3,142,TRUE,2022-10-17,2022-10-21,,,,,,,,,,,30.64,-,4,4,21,26,8,5.25,42,1.613809524,14.843,2023-04-14,,,,-31.68,3.87,0,1,1,1
AC_062,6,G1,23R,AC_165,5,202,TRUE,2022-10-17,2022-10-21,2023-04-28,193,189,2023-05-12,14,,2023-04-28,1,,,29.32,-,2,5,4,7,7,2,14,1.5075,20.431,2023-04-28,27.692,1.86,14.888172043010751,-30.93,4.6,1,1,1,1
AC_062,8,G1,19R,AC_165,4,269,TRUE,2022-10-17,2022-10-21,2023-04-28,193,189,2023-05-12,14,,2023-04-28,1,,,21.76,-,0,2,0,0,2,,,,18.013,2024-04-28,58.952,4.31,13.677958236658933,-30.28,2.67,1,1,0,0
AC_064,3,G1,18R,AC_097,4,90,TRUE,2022-10-17,2022-10-21,2023-04-28,193,189,2023-05-26,28,,2023-04-28,,,,25.76,-,8,4,31,44,12,3.875,46.5,1.948666667,,,30.627,2.31,13.258441558441557,-31.81,4.71,1,1,1,1
AC_064,3,G2,13L,AC_097,5,85,TRUE,2022-10-17,2022-10-21,2023-04-28,193,189,2023-05-26,28,,2023-04-28,,1,,31.07,X,8,0,10,32,8,1.25,10,1.804,21.988,2023-04-28,40.004,2.83,14.135689045936395,-30.34,5.43,1,1,1,1
AC_064,4,G2,33R,AC_097,3,140,TRUE,2022-10-17,2022-10-21,2023-04-28,193,189,2023-04-28,0,,,,,,1.99,X,0,1,0,0,1,,,,,,,,,-32.24,1.84,1,1,0,0
AC_064,5,G1,10R,AC_097,5,153,TRUE,2022-10-17,2022-10-21,2023-04-28,193,189,2023-05-12,14,,2023-04-28,1,,,18.85,-,5,1,16,23,6,3.2,19.2,1.7725,25.613,2023-04-28,72.177,4.89,14.760122699386505,-31.48,4.84,1,1,1,1
AC_064,5,G2,11L,AC_097,3,154,TRUE,2022-10-17,2022-10-21,2023-04-28,193,189,2023-05-12,14,,2023-04-28,1,,,32,X,11,0,18,27,11,1.636363636,18,1.645875,,,68.079,2.93,23.235153583617745,-31.92,4.57,1,1,1,1
AC_064,8,G1,35L,AC_097,4,285,TRUE,2022-10-17,2022-10-21,2023-04-28,193,189,2023-04-28,0,,,,,,1.22,-,0,0,0,0,0,,0,,,,,,,,,1,0,0,0
AC_066,1,G2,17R,AC_198,2,17,TRUE,2022-10-17,2022-10-21,2023-05-12,207,203,2023-05-12,0,,,,,,2.48,X,5,0,12,15,5,2.4,12,1.688181818,18.403,2023-05-12,42.102,2.55,16.51058823529412,,,1,1,1,1
AC_066,2,G2,18L,AC_198,2,54,TRUE,2022-10-17,2022-10-21,2023-04-28,193,189,2023-05-12,14,,2023-04-28,,,,7.41,X,5,0,13,13,5,2.6,13,2.59,20.692,2023-04-28,38.694,,,-32.84,4.16,1,1,1,1
AC_066,6,G1,19R,AC_198,5,198,TRUE,2022-10-17,2022-10-21,2023-04-28,193,189,2023-05-12,14,,2023-04-28,2,,,6.69,-,2,3,3,6,5,1.5,7.5,0.87,18.856,2023-04-28,56.734,4.12,13.770388349514564,-32.08,3.22,1,1,1,1
AC_066,7,G1,17R,AC_198,5,231,TRUE,2022-10-17,2022-10-21,2023-04-28,193,189,2023-05-12,14,,2023-04-28,2,,,16.98,-,2,3,3,9,5,1.5,7.5,0.5533333333,18.961,2024-04-28,,,,-31.79,5.23,1,1,1,1
AC_066,9,G1,6R,AC_198,1,292,TRUE,2022-10-17,2022-10-21,2023-04-28,193,189,2023-05-12,14,,2023-04-28,1,,,8.52,-,2,4,0,3,6,0,0,,19.802,2024-04-28,26.702,1.83,14.591256830601093,-31.24,2.61,1,1,1,0
AC_068,1,G1,13L,AC_008,3,13,TRUE,2022-10-17,2022-10-21,2023-04-28,193,189,2023-05-26,28,,2023-04-28,,1,,19.84,-,7,1,14,31,8,2,16,2.113030303,17.393,2023-04-28,62.007,3.14,19.747452229299363,-31.92,5.69,1,1,1,1
AC_068,3,G2,12L,AC_008,5,84,TRUE,2022-10-17,2022-10-21,2023-04-28,193,189,2023-05-12,14,,2023-04-28,,,,41.27,X,7,0,1,13,7,0.1428571429,1,2.320769231,23.957,2023-04-28,42.015,3.52,11.936079545454545,-31.06,3.66,1,1,1,1
AC_068,3,G2,18L,AC_008,5,90,TRUE,2022-10-17,2022-10-21,2023-05-26,221,217,2023-05-26,0,,,,,,,X,5,0,7,12,5,1.4,7,2.1,,,,,,,,1,1,1,1
AC_068,4,G1,17L,AC_008,3,124,TRUE,2022-10-17,2022-10-21,2023-04-28,193,189,2023-05-12,14,,2023-04-28,,,,8.67,-,4,0,6,14,4,1.5,6,2.61,21.328,2023-04-28,38.364,2.72,14.10441176470588,-31.41,4.91,1,1,1,1
AC_068,4,G2,31R,AC_008,1,138,TRUE,2022-10-17,2022-10-21,2023-05-26,221,217,2023-05-26,0,,,,,,14.6,X,0,2,0,0,2,,,,,,,,,-31.37,1.38,1,1,0,0
AC_068,5,G1,7L,AC_008,2,150,TRUE,2022-10-17,2022-10-21,2023-05-12,207,203,2023-05-26,14,,,0,,,13.03,-,5,2,13,18,7,2.6,18.2,1.54725,18.715,2023-04-28,54.882,2.36,23.255084745762712,-32.07,4.48,1,1,1,1
AC_070,4,G1,28L,AC_207,2,135,TRUE,2022-10-17,2022-10-21,,,,,,,,,,,9.22,-,0,2,0,0,2,,,,,,,,,-31.14,4.62,0,1,0,0
AC_070,4,G2,13R,AC_207,4,120,TRUE,2022-10-17,2022-10-21,2023-04-28,193,189,2023-05-12,14,,,,,,7.18,X,5,0,10,15,5,2,10,1.547857143,25.132,2023-04-28,36.306,2.68,13.547014925373132,-32.03,3.24,1,1,1,1
AC_070,5,G1,11R,AC_207,2,154,TRUE,2022-10-17,2022-10-21,2023-04-28,193,189,2023-05-12,14,,,2,,,3.32,-,2,0,3,6,2,1.5,3,1.093333333,21.496,2023-04-28,,,,-32.43,1.78,1,1,1,1
AC_070,7,G2,3R,AC_207,1,217,TRUE,2022-10-17,2022-10-21,2023-04-28,193,189,2023-05-12,14,2023-06-09,,1,,,,X,6,0,2,8,6,0.3333333333,2,0.59,,,11.041,0.63,17.525396825396825,-31.73,3.08,1,1,1,1
AC_070,9,G2,21R,AC_207,5,307,TRUE,2022-10-17,2022-10-21,2023-05-12,207,203,2023-05-12,0,,,0,,,3.43,X,0,2,0,0,2,,,,,,,,,-30.69,0.89,1,1,0,0
AC_072,1,G1,4L,AC_198,4,4,TRUE,2022-10-17,2022-10-21,2023-04-28,193,189,2023-05-12,14,,2023-05-12,,,,9.11,-,9,2,1,9,11,0.1111111111,1.222222222,1.2,18.225,2023-04-28,32.812,1.54,21.306493506493503,-32.23,3.5,1,1,1,1
AC_072,2,G1,20R,AC_198,4,56,TRUE,2022-10-17,2022-10-21,2023-04-28,193,189,2023-05-12,14,,2023-04-28,,,,63.39,-,14,4,24,42,18,1.714285714,30.85714286,1.434166667,17.554,2023-04-28,93.536,5.13,18.233138401559454,-32.89,4.16,1,1,1,1
AC_072,4,G2,14L,AC_198,3,121,TRUE,2022-10-17,2022-10-21,2023-04-28,193,189,2023-05-26,28,,2023-04-28,,1,,7.64,X,3,0,1,2,3,0.3333333333,1,1.38,17.917,2023-04-28,23.66,1.72,13.755813953488373,-32.54,3.6,1,1,1,1
AC_072,7,G2,2L,AC_198,5,216,TRUE,2022-10-17,2022-10-21,2023-04-28,193,189,2023-05-12,14,,2023-04-28,3,,,,X,3,0,0,0,3,0,0,,19.179,2024-04-28,25.59,1.67,15.323353293413174,,,1,1,1,0
AC_072,8,G1,12R,AC_198,2,262,TRUE,2022-10-17,2022-10-21,2023-05-12,207,203,2023-05-12,0,,,,,,4.19,-,1,0,0,2,1,0,0,,,,,,,-31.47,1.29,1,1,1,0
AC_074,2,G2,32L,AC_096,4,68,TRUE,2022-10-17,2022-10-21,2023-04-28,193,189,2023-04-28,0,,,,,,1.73,X,0,0,0,0,0,,0,,,,,,,,,1,0,0,0
AC_074,3,G2,35R,AC_096,4,107,TRUE,2022-10-17,2022-10-21,2023-04-28,193,189,2023-05-12,14,,,,,,26.1,X,3,1,13,14,4,4.333333333,17.33333333,1.697692308,,,59.18,4.58,12.921397379912664,-32.12,1.16,1,1,1,1
AC_074,7,G1,10L,AC_096,4,224,TRUE,2022-10-17,2022-10-21,2023-04-28,193,189,2023-05-12,14,,2023-04-28,1,,,,-,1,3,5,5,4,5,20,1.224,17.388,2024-04-28,42.547,2.54,16.7507874015748,,,1,1,1,1
AC_074,8,G1,14R,AC_096,5,264,TRUE,2022-10-17,2022-10-21,2023-04-28,193,189,2023-05-12,14,,2023-04-28,1,,,16.03,-,3,3,10,12,6,3.333333333,20,1.67,19.948,2024-04-28,,,,-30.9,1.6,1,1,1,1
AC_074,9,G2,14L,AC_096,5,300,TRUE,2022-10-17,2022-10-21,2023-04-28,193,189,2023-05-12,14,,2023-04-28,1,,,4.09,X,2,0,2,4,2,1,2,1.37,18.509,2023-04-28,,,,-31.78,1.06,1,1,1,1
AC_075,2,G1,18R,AC_169,4,54,TRUE,2022-10-17,2022-10-21,2023-04-28,193,189,2023-05-26,28,,2023-04-28,,1,,49.07,-,8,1,14,21,9,1.75,15.75,1.8975,,,50.274,2.35,21.3931914893617,-32.37,5.63,1,1,1,1
AC_075,2,G2,17L,AC_169,5,53,TRUE,2022-10-17,2022-10-21,2023-04-28,193,189,2023-05-26,28,,2023-04-28,,2,,25.77,X,6,1,33,35,7,5.5,38.5,1,20.201,2023-04-28,65.287,4,16.32175,-32.69,4.32,1,1,1,1
AC_075,3,G2,14L,AC_169,3,86,TRUE,2022-10-17,2022-10-21,2023-04-28,193,189,2023-05-26,28,,2023-04-28,,1,,12.21,X,7,1,19,21,8,2.714285714,21.71428571,1.467894737,19.46,2023-04-28,33.769,2.6,12.988076923076923,-31.53,3.93,1,1,1,1
AC_075,7,G1,33R,AC_169,4,247,TRUE,2022-10-17,2022-10-21,2023-04-28,193,189,2023-05-12,14,,,1,,,2.83,-,1,2,2,2,3,2,6,0.73,,,,,,,,1,1,1,1
AC_075,9,G2,28L,AC_169,5,314,TRUE,2022-10-17,2022-10-21,2023-05-12,207,203,2023-05-12,0,,,,,,3.7,X,1,2,2,2,3,2,6,0.515,,,,,,,,1,1,1,1
AC_081,1,G1,18L,AC_007,3,18,TRUE,2022-10-17,2022-10-21,2023-05-12,207,203,2023-05-12,0,,2023-05-12,,,,5.22,-,2,0,5,5,2,2.5,5,1.892,17.968,2023-05-12,,,,-33.23,2.09,1,1,1,1
AC_081,3,G2,28L,AC_007,2,100,TRUE,2022-10-17,2022-10-21,,,,,,,,,,,,X,0,1,0,0,1,,,,,,,,,,,0,1,0,0
AC_081,5,G2,34R,AC_007,3,177,TRUE,2022-10-17,2022-10-21,2023-04-14,179,175,2023-05-12,28,,2023-04-14,1,,,6.93,X,1,2,7,7,3,7,21,2.117142857,,,18.482,1.08,17.11296296296296,-31.95,1.4,1,1,1,1
AC_081,7,G2,24R,AC_007,1,238,TRUE,2022-10-17,2022-10-21,2023-04-28,193,189,2023-04-28,0,,,0,,,2.19,X,1,1,2,2,2,2,4,1.34,,,23.308,1.38,16.88985507246377,,,1,1,1,1
AC_081,9,G1,23L,AC_007,4,309,TRUE,2022-10-17,2022-10-21,2023-04-28,193,189,2023-04-28,0,,2023-04-28,0,,,5.62,-,3,1,12,12,4,4,16,1.679166667,19.476,2023-04-28,,,,,,1,1,1,1
AC_081,9,G1,33L,AC_007,5,319,TRUE,2022-10-17,2022-10-21,,,,,,,,,,,9.44,-,3,1,5,9,4,1.666666667,6.666666667,1.538,,,,,,-31.32,2.86,0,1,1,1
AC_082,2,G2,4R,AC_207,1,40,TRUE,2022-10-17,2022-10-21,2023-04-28,193,189,2023-05-26,28,,2023-04-28,,1,,42.05,X,7,2,21,41,9,3,27,1.099047619,18.076,2023-04-28,56.26,2.07,27.17874396135266,-31.63,2.23,1,1,1,1
AC_082,3,G1,6L,AC_207,4,78,TRUE,2022-10-17,2022-10-21,2023-04-28,193,189,2023-05-12,14,,2023-04-28,,,,,-,0,2,0,0,2,,,,20.147,2023-04-28,40.519,2.08,19.48028846153846,-32.33,1.9,1,1,0,0
AC_082,7,G1,34R,AC_207,1,248,TRUE,2022-10-17,2022-10-21,2023-04-28,193,189,2023-05-12,14,,,0,,,3.92,-,0,1,0,0,1,,,,,,,,,-31.72,2.27,1,1,0,0
AC_082,8,G1,13R,AC_207,2,263,TRUE,2022-10-17,2022-10-21,2023-04-28,193,189,2023-04-28,0,,2023-04-28,,,,6.2,-,1,1,0,2,2,0,0,,17.948,2024-04-28,,,,-30.72,2.27,1,1,1,0
AC_082,9,G2,16L,AC_207,1,302,TRUE,2022-10-17,2022-10-21,2023-04-28,193,189,2023-05-12,14,,2023-04-28,1,,,24.43,X,5,4,7,13,9,1.4,12.6,1.905714286,21.645,2023-04-28,,,,-31.01,1.82,1,1,1,1
AC_083,1,G2,33L,AC_150,5,33,TRUE,2022-10-17,2022-10-21,2023-04-14,179,175,2023-05-12,28,,2023-04-14,,,,34.02,X,1,6,0,3,7,0,0,,19.024,2023-04-14,35.002,2.24,15.625892857142857,-32.38,1.85,1,1,1,0
AC_083,4,G2,10L,AC_150,1,117,TRUE,2022-10-17,2022-10-21,2023-04-28,193,189,2023-05-26,28,,2023-04-28,,,,11.36,X,7,4,4,19,11,0.5714285714,6.285714286,2.295,23.294,2023-04-28,46.992,2.91,16.148453608247422,-31.44,3.63,1,1,1,1
AC_083,6,G1,1L,AC_150,5,180,TRUE,2022-10-17,2022-10-21,2023-05-12,207,203,2023-05-12,0,,,1,,,4.31,-,1,0,0,3,1,0,0,,21.953,2023-05-12,20.295,1.57,12.92675159235669,,,1,1,1,0
AC_083,7,G2,32L,AC_150,2,246,TRUE,2022-10-17,2022-10-21,2023-04-28,193,189,2023-04-28,0,,,,,,,X,1,2,2,2,3,2,6,1.32,,,,,,,,1,1,1,1
AC_083,8,G1,27R,AC_150,4,277,TRUE,2022-10-17,2022-10-21,2023-04-28,193,189,2023-05-12,14,,,1,,,2.46,-,0,1,0,0,1,,,,,,,,,,,1,1,0,0
AC_086,1,G1,26L,AC_064,2,26,TRUE,2022-10-17,2022-10-21,2023-04-28,193,189,2023-05-26,28,,2023-04-28,,,,,-,3,0,7,17,3,2.333333333,7,1.301428571,,,35.89,1.86,19.29569892473118,,,1,1,1,1
AC_086,1,G1,9L,AC_064,3,9,TRUE,2022-10-17,2022-10-21,2023-05-26,221,217,2023-05-26,0,,,,0,,10.31,-,4,1,5,9,5,1.25,6.25,2.18,23.718,2023-04-28,53.328,2.83,18.84381625441696,-32.01,5.07,1,1,1,1
AC_086,2,G1,20L,AC_064,5,56,TRUE,2022-10-17,2022-10-21,2023-04-28,193,189,2023-05-12,14,,2023-04-28,,,,6.5,-,3,0,17,18,3,5.666666667,17,1.4471875,,,27.717,2.05,13.52048780487805,-33.18,3.12,1,1,1,1
AC_086,2,G2,6R,AC_064,3,42,TRUE,2022-10-17,2022-10-21,2023-04-28,193,189,2023-05-26,28,,2023-04-28,,,,23.83,X,6,2,3,3,8,0.5,4,1.396666667,20.394,2023-04-28,43.561,3.35,13.003283582089551,-31.53,4.24,1,1,1,1
AC_086,6,G2,29L,AC_064,2,208,TRUE,2022-10-17,2022-10-21,2023-04-14,179,175,2023-04-28,14,,2023-04-14,0,,,7.78,X,2,4,2,2,6,1,6,1.465,15.997,2023-04-14,14.76,0.9,16.4,-31.77,4.46,1,1,1,1
AC_086,7,G2,22R,AC_064,5,236,TRUE,2022-10-17,2022-10-21,2023-04-28,193,189,2023-05-12,14,,2023-04-28,4,,,19.84,X,5,1,17,22,6,3.4,20.4,1.345294118,17.333,2024-04-28,,,,-30.27,4.57,1,1,1,1
AC_088,2,G1,30L,AC_161,3,66,TRUE,2022-10-17,2022-10-21,2023-04-28,193,189,2023-05-12,14,,,,,,12.52,-,2,2,4,6,4,2,8,2.31,,,29.52,2.18,13.541284403669724,-31.95,3.1,1,1,1,1
AC_088,2,G1,9R,AC_161,5,45,TRUE,2022-10-17,2022-10-21,2023-04-28,193,189,2023-05-12,14,,2023-04-28,,,,4.88,-,3,0,0,4,3,0,0,,18.232,2023-04-28,36.732,2.76,13.308695652173913,,,1,1,1,0
AC_088,3,G2,15R,AC_161,1,87,TRUE,2022-10-17,2022-10-21,2023-04-28,193,189,2023-05-26,28,,2023-04-28,,1,,27.59,X,11,1,18,22,12,1.636363636,19.63636364,2.426493506,19.744,2023-04-28,80.227,5.33,15.051969981238274,-30.55,2.83,1,1,1,1
AC_088,4,G1,18R,AC_161,4,125,TRUE,2022-10-17,2022-10-21,2023-04-14,179,175,2023-05-12,28,,2023-04-14,,,,24.98,-,6,4,14,23,10,2.333333333,23.33333333,2.075151515,18.89,2023-04-14,33.793,2.07,16.32512077294686,-31.88,4.61,1,1,1,1
AC_088,8,G2,34R,AC_161,4,284,TRUE,2022-10-17,2022-10-21,2023-04-28,193,189,2023-04-28,0,,,0,,,2.85,X,0,1,0,0,1,,,,,,,,,-31.52,0.75,1,1,0,0
AC_089,1,G1,9R,AC_068,3,9,TRUE,2022-10-17,2022-10-21,2023-05-12,207,203,2023-05-12,0,,2023-05-12,,,,8.44,-,4,0,5,8,4,1.25,5,2.3025,17.596,2023-05-12,,,,-30.46,3.16,1,1,1,1
AC_089,2,G1,13R,AC_068,1,49,TRUE,2022-10-17,2022-10-21,2023-04-28,193,189,2023-05-26,28,,2023-05-12,,1,,17.83,-,7,1,16,17,8,2.285714286,18.28571429,1.812142857,21.02,2023-04-28,25.638,1.66,15.444578313253015,-30.89,4.47,1,1,1,1
AC_089,3,G2,3L,AC_068,3,75,TRUE,2022-10-17,2022-10-21,2023-04-28,193,189,2023-05-26,28,,2023-04-28,,,,12.56,X,3,0,11,12,3,3.666666667,11,1.139090909,21.164,2023-04-28,66.263,3.78,17.529894179894182,-31.47,3.47,1,1,1,1
AC_089,8,G2,4R,AC_068,3,254,TRUE,2022-10-17,2022-10-21,2023-04-28,193,189,2023-05-12,14,,2023-05-12,2,,,53.5,X,8,0,17,36,8,2.125,17,1.715928571,23.212,2023-05-12,,,,-29.67,1.93,1,1,1,1
AC_090,2,G1,11R,AC_156,2,47,TRUE,2022-10-17,2022-10-21,2023-04-28,193,189,2023-05-12,14,,2023-04-28,,,,15.07,-,6,2,4,17,8,0.6666666667,5.333333333,1.5475,23.548,2023-04-28,50.338,3.28,15.346951219512196,-32.19,4.33,1,1,1,1
AC_090,5,G1,19R,AC_156,4,162,TRUE,2022-10-17,2022-10-21,2023-04-28,193,189,2023-05-12,14,,,1,,,13.52,-,3,0,1,5,3,0.3333333333,1,2.59,,,65.107,4.1,15.879756097560977,-31.49,2.85,1,1,1,1
AC_090,5,G2,18R,AC_156,2,161,TRUE,2022-10-17,2022-10-21,,,,,,,,0,,,2.56,X,0,0,0,0,0,,0,,26.686,2023-04-28,54.923,4.21,13.0458432304038,,,0,0,0,0
AC_090,6,G2,25L,AC_156,1,204,TRUE,2022-10-17,2022-10-21,2023-05-12,207,203,2023-05-12,0,,,,,,3.52,X,0,0,0,0,0,,0,,,,,,,,,1,0,0,0
AC_090,9,G1,19L,AC_156,3,305,TRUE,2022-10-17,2022-10-21,2023-04-28,193,189,2023-04-28,0,,2023-04-28,0,,,,-,0,3,0,0,3,,,,20.961,2023-04-28,,,,-31,1.51,1,1,0,0
AC_090,9,G2,2L,AC_156,2,288,TRUE,2022-10-17,2022-10-21,2023-05-12,207,203,2023-05-12,0,,,2,,,,X,5,0,8,19,5,1.6,8,1.165,,,52.109,3.13,16.6482428115016,-31.64,2.22,1,1,1,1
AC_092,2,G2,34R,AC_008,2,70,TRUE,2022-10-17,2022-10-21,2023-04-28,193,189,2023-04-28,0,,,,,,14.52,X,1,1,0,0,2,0,0,,13.501,2023-04-14,40.8,2.23,18.295964125560538,-32.89,5.18,1,1,1,0
AC_092,7,G1,26R,AC_008,5,240,TRUE,2022-10-17,2022-10-21,2023-04-28,193,189,2023-04-28,0,,,0,,,2.85,-,0,0,0,0,0,,0,,,,,,,,,1,0,0,0
AC_092,8,G1,29R,AC_008,5,279,TRUE,2022-10-17,2022-10-21,2023-04-28,193,189,2023-04-28,0,,2023-04-28,0,,,2.7,-,0,1,0,0,1,,,,17.41,2024-04-28,,,,,,1,1,0,0
AC_092,9,G2,12R,AC_008,2,298,TRUE,2022-10-17,2022-10-21,2023-04-28,193,189,2023-05-12,14,,2023-04-28,1,,,4.9,X,1,1,0,1,2,0,0,,23.698,2023-04-28,40.816,4.04,10.102970297029703,-31.01,0.96,1,1,1,0
AC_092,9,G2,26L,AC_008,2,312,TRUE,2022-10-17,2022-10-21,2023-04-28,193,189,2023-04-28,0,,,,,,5.15,X,0,2,0,0,2,,,,,,,,,-30.57,1.19,1,1,0,0
AC_094,1,G2,15L,AC_159,2,15,TRUE,2022-10-17,2022-10-21,2023-04-28,193,189,2023-05-12,14,,2023-04-28,,,,24.18,X,5,0,15,16,5,3,15,1.373333333,,,47.877,3.09,15.494174757281554,-32.66,3.49,1,1,1,1
AC_094,1,G2,6L,AC_159,3,6,TRUE,2022-10-17,2022-10-21,2023-04-28,193,189,2023-05-26,28,,2023-04-28,,0,,,X,8,7,12,37,15,1.5,22.5,0.9291666667,20.513,2023-04-28,,,,-32.07,4.74,1,1,1,1
AC_094,3,G1,10L,AC_159,3,82,TRUE,2022-10-17,2022-10-21,2023-04-28,193,189,2023-05-26,28,,2023-04-28,,,,5.57,-,3,1,0,1,4,0,0,,19.078,2023-04-28,,,,-31.84,2.64,1,1,1,0
AC_095,2,G2,34L,AC_125,5,70,TRUE,2022-10-17,2022-10-21,2023-05-26,221,217,2023-05-26,0,,2023-05-26,,1,,22.24,X,2,0,1,1,2,0.5,1,2.45,11.272,2023-05-26,,,,-32.75,4.48,1,1,1,1
AC_095,4,G2,31L,AC_125,1,138,TRUE,2022-10-17,2022-10-21,2023-04-28,193,189,2023-04-28,0,,,,,,,X,2,0,6,7,2,3,6,0.992,,,,,,,,1,1,1,1
AC_095,5,G1,26R,AC_125,4,169,TRUE,2022-10-17,2022-10-21,2023-05-12,207,203,2023-05-12,0,,,0,,,4.82,-,0,3,0,0,3,,,,15.939,2023-04-14,45.937,2.28,20.14780701754386,-31.21,3.83,1,1,0,0
AC_095,6,G1,11R,AC_125,5,190,TRUE,2022-10-17,2022-10-21,2023-04-28,193,189,2023-05-12,14,,2023-04-28,2,,,21.94,-,4,1,13,18,5,3.25,16.25,0.74,19.269,2023-04-28,38.54,2.38,16.19327731092437,-30.68,3.85,1,1,1,1
AC_095,7,G1,6R,AC_125,3,220,TRUE,2022-10-17,2022-10-21,2023-04-28,193,189,2023-05-12,14,,,1,,,,-,5,0,8,12,5,1.6,8,2.13875,,,29.185,2.1,13.897619047619047,-30.86,2.25,1,1,1,1
AC_096,3,G1,11R,AC_045,1,83,TRUE,2022-10-17,2022-10-21,2023-04-28,193,189,2023-05-12,14,,2023-04-28,,,,2.65,-,3,1,3,4,4,1,4,1.656666667,,,,,,,,1,1,1,1
AC_096,3,G2,6R,AC_045,2,78,TRUE,2022-10-17,2022-10-21,2023-04-28,193,189,2023-05-12,14,,2023-04-28,,,,32.68,X,6,2,22,25,8,3.666666667,29.33333333,0.9477272727,23.306,2023-04-28,38.88,2.59,15.011583011583014,-31.79,4.72,1,1,1,1
AC_096,4,G1,2R,AC_045,3,109,TRUE,2022-10-17,2022-10-21,2023-05-12,207,203,2023-05-26,14,,2023-05-12,4,,,54.15,-,9,0,22,35,9,2.444444444,22,1.699871795,21.996,2023-05-12,,,,-30.85,5.09,1,1,1,1
AC_096,7,G2,30L,AC_045,1,244,TRUE,2022-10-17,2022-10-21,,,,,,,,,,,1.85,X,1,0,0,2,1,0,0,,,,,,,,,0,1,1,0
AC_096,8,G2,27L,AC_045,5,277,TRUE,2022-10-17,2022-10-21,2023-04-28,193,189,2023-04-28,0,,,,,,3.9,X,0,0,0,0,0,,0,,,,,,,,,1,0,0,0
AC_097,5,G1,21L,AC_015,5,164,TRUE,2022-10-17,2022-10-21,2023-04-28,193,189,2023-05-12,14,,2023-04-28,2,,,10.19,-,3,2,5,17,5,1.666666667,8.333333333,2.022,23.981,2023-04-28,36.039,2.84,12.689788732394367,-31.62,1.3,1,1,1,1
AC_097,7,G1,35L,AC_015,5,249,TRUE,2022-10-17,2022-10-21,2023-04-28,193,189,2023-05-12,14,,,0,,,,-,3,4,9,12,7,3,21,1.027777778,22.539,2023-04-14,,,,-31.44,2.12,1,1,1,1
AC_097,8,G2,25R,AC_015,5,275,TRUE,2022-10-17,2022-10-21,2023-04-28,193,189,2023-04-28,0,,,0,,,5.52,X,3,0,0,3,3,0,0,,,,,,,-31.03,1.47,1,1,1,0
AC_097,9,G1,5R,AC_015,5,291,TRUE,2022-10-17,2022-10-21,2023-04-28,193,189,2023-05-12,14,,2023-04-28,1,,,,-,2,2,2,3,4,1,4,0.45,,,54.141,3.93,13.776335877862595,-30.84,3.42,1,1,1,1
AC_097,9,G2,30L,AC_015,5,316,TRUE,2022-10-17,2022-10-21,2023-04-28,193,189,2023-05-12,14,,,2,,,18.85,X,5,0,20,22,5,4,20,1.938055556,,,17.44,1.27,13.73228346456693,-31.7,3.53,1,1,1,1
AC_097,9,G2,3R,AC_015,1,289,TRUE,2022-10-17,2022-10-21,2023-05-12,207,203,2023-05-26,14,,2023-05-12,1,1,,13.89,X,1,0,0,0,1,0,0,,18.872,2023-04-28,34.981,2.21,15.828506787330317,-30.15,3.07,1,1,1,0
AC_099,3,G1,7L,AC_216,5,79,TRUE,2022-10-17,2022-10-21,2023-04-28,193,189,2023-05-12,14,,2023-04-28,,,,,-,2,1,12,15,3,6,18,0.8325,22.637,2023-04-28,30.057,1.59,18.903773584905657,-30.76,1.14,1,1,1,1
AC_099,3,G2,19R,AC_216,5,91,TRUE,2022-10-17,2022-10-21,2023-04-28,193,189,2023-05-26,28,,2023-04-28,,,,,X,4,0,11,22,4,2.75,11,1.134545455,,,63.978,3.81,16.792125984251967,-32.67,3.41,1,1,1,1
AC_099,4,G2,15L,AC_216,3,122,TRUE,2022-10-17,2022-10-21,2023-05-12,207,203,2023-05-12,0,,,,,,5.07,X,1,0,5,6,1,5,5,1.612,15.445,2023-04-28,,,,-31.2,2.48,1,1,1,1
AC_099,6,G1,18R,AC_216,2,197,TRUE,2022-10-17,2022-10-21,2023-04-28,193,189,2023-05-12,14,,2023-04-28,0,,,1.68,-,0,1,0,0,1,,,,,,69.745,4.88,14.292008196721312,,,1,1,0,0
AC_099,6,G1,4L,AC_216,1,183,TRUE,2022-10-17,2022-10-21,2023-04-28,193,189,2023-05-12,14,,2023-04-28,0,,,,-,4,0,9,33,4,2.25,9,1.08,18.77,2023-04-28,35.09,1.88,18.664893617021278,-31.15,5.08,1,1,1,1
AC_100,3,G2,13R,AC_124,3,85,TRUE,2022-10-17,2022-10-21,2023-04-28,193,189,2023-05-26,28,,2023-04-28,,,,24.94,X,8,1,12,44,9,1.5,13.5,1.61,21.77,2023-04-28,42.481,2.8,15.171785714285717,-31.58,3.68,1,1,1,1
AC_100,4,G1,26L,AC_124,4,133,TRUE,2022-10-17,2022-10-21,2023-04-28,193,189,2023-04-28,0,,2023-04-28,,,,2.66,-,3,0,7,10,3,2.333333333,7,1.135714286,17.349,2023-04-28,,,,-31.85,1.23,1,1,1,1
AC_100,5,G1,33R,AC_124,5,176,TRUE,2022-10-17,2022-10-21,2023-05-12,207,203,2023-05-12,0,,,,,,3.8,-,1,1,0,1,2,0,0,,,,,,,-31.64,1.59,1,1,1,0
AC_100,8,G2,10L,AC_124,1,260,TRUE,2022-10-17,2022-10-21,2023-04-28,193,189,2023-05-12,14,,2023-04-28,3,,,19.78,X,9,1,32,41,10,3.555555556,35.55555556,1.8535,18.719,2024-04-28,,,,-31.08,2.09,1,1,1,1
AC_100,9,G1,4R,AC_124,3,290,TRUE,2022-10-17,2022-10-21,2023-04-28,193,189,2023-05-12,14,,2023-04-28,0,,,2.27,-,0,1,0,0,1,,,,15.659,2023-04-28,16.645,0.73,22.801369863013697,-32.45,0.95,1,1,0,0
AC_104,4,G1,4L,AC_002,5,111,TRUE,2022-10-17,2022-10-21,2023-05-12,207,203,2023-05-12,0,,2023-05-12,1,,,8.42,-,2,0,0,6,2,0,0,,19.315,2023-04-28,25.014,1.59,15.732075471698112,-30.96,1.58,1,1,1,0
AC_104,5,G1,15L,AC_002,1,158,TRUE,2022-10-17,2022-10-21,2023-05-12,207,203,2023-05-12,0,,,0,,,3.45,-,0,0,0,0,0,,0,,21.912,2023-04-28,36.545,2.06,17.740291262135923,,,1,0,0,0
AC_104,6,G1,6L,AC_002,2,185,TRUE,2022-10-17,2022-10-21,2023-04-28,193,189,2023-05-12,14,,,0,,,2.35,-,0,1,0,0,1,,,,,,31.921,1.66,19.229518072289157,,,1,1,0,0
AC_104,7,G2,23L,AC_002,1,237,TRUE,2022-10-17,2022-10-21,2023-04-14,179,175,2023-05-12,28,,2023-04-14,1,,,,X,2,1,7,7,3,3.5,10.5,1.664285714,24.109,2023-04-14,,,,,,1,1,1,1
AC_104,8,G2,24R,AC_002,5,274,TRUE,2022-10-17,2022-10-21,2023-04-28,193,189,2023-04-28,0,,,0,,,7.79,X,0,4,0,0,4,,,,15.792,2024-04-28,,,,-31.15,2.88,1,1,0,0
AC_107,1,G1,25L,AC_177,5,25,TRUE,2022-10-17,2022-10-21,2023-04-28,193,189,2023-05-26,28,,2023-04-28,,,,51.7,-,5,1,21,22,6,4.2,25.2,2.128571429,,,,,,-32.42,4.19,1,1,1,1
AC_107,1,G2,12L,AC_177,2,12,TRUE,2022-10-17,2022-10-21,2023-04-28,193,189,2023-05-12,14,,2023-04-28,,,,7.37,X,3,1,3,4,4,1,4,2.465,17.503,2023-04-28,,,,-33.49,4.27,1,1,1,1
AC_107,1,G2,15R,AC_177,4,15,TRUE,2022-10-17,2022-10-21,2023-04-28,193,189,2023-05-26,28,,2023-04-28,,,,56.29,X,17,3,83,111,20,4.882352941,97.64705882,1.633666667,,,71.451,4.43,16.128893905191873,-32.45,5.7,1,1,1,1
AC_107,2,G1,29L,AC_177,2,65,TRUE,2022-10-17,2022-10-21,,,,,,,,,,,19.66,-,7,2,5,8,9,0.7142857143,6.428571429,2.231666667,,,11.316,0.8,14.145,-31.84,3.51,0,1,1,1
AC_107,4,G2,4R,AC_177,1,111,TRUE,2022-10-17,2022-10-21,2023-04-28,193,189,2023-05-26,28,,2023-04-28,5,1,,45.72,X,12,7,55,60,19,4.583333333,87.08333333,1.682555556,20.731,2023-04-28,33.559,1.66,20.216265060240964,-31.4,3.09,1,1,1,1
AC_107,7,G1,34L,AC_177,5,248,TRUE,2022-10-17,2022-10-21,2023-04-14,179,175,2023-04-14,0,,2023-04-14,,,,2.69,-,0,0,0,0,0,,0,,19.167,2023-04-14,,,,-30.01,1.29,1,0,0,0
AC_109,2,G1,22R,AC_094,2,58,TRUE,2022-10-17,2022-10-21,2023-04-14,179,175,2023-05-12,28,,2023-04-14,,,,18.67,-,7,3,24,28,10,3.428571429,34.28571429,1.584130435,15.922,2023-04-14,55.437,3.64,15.229945054945054,-32.46,5.45,1,1,1,1
AC_109,4,G2,17R,AC_094,3,124,TRUE,2022-10-17,2022-10-21,2023-04-28,193,189,2023-05-12,14,,2023-04-28,,,,,X,6,1,14,16,7,2.333333333,16.33333333,2.636666667,,,52.97,3.64,14.552197802197801,-31.65,2.49,1,1,1,1
AC_109,4,G2,6R,AC_094,1,113,TRUE,2022-10-17,2022-10-21,2023-04-28,193,189,2023-05-26,28,,2023-04-28,2,4,,47.39,X,7,5,22,35,12,3.142857143,37.71428571,1.915877193,25.113,2023-04-28,28.293,1.94,14.584020618556702,-31.64,2.15,1,1,1,1
AC_109,5,G1,1L,AC_094,2,144,TRUE,2022-10-17,2022-10-21,2023-05-12,207,203,2023-05-26,14,,2023-05-12,4,1,,39.44,-,5,0,0,33,5,0,0,,,,39.267,2.07,18.969565217391306,-31.34,4.16,1,1,1,0
AC_109,5,G2,19L,AC_094,4,162,TRUE,2022-10-17,2022-10-21,2023-04-28,193,189,2023-05-12,14,,2023-04-28,2,,,,X,3,1,2,9,4,0.6666666667,2.666666667,2.38,19.999,2023-04-28,32.714,1.85,17.683243243243243,-31.4,3.15,1,1,1,1
AC_109,6,G1,16L,AC_094,4,195,TRUE,2022-10-17,2022-10-21,2023-04-28,193,189,2023-05-12,14,,2023-04-28,1,,,5.9,-,1,3,1,1,4,1,4,1.57,20.493,2024-04-28,27.158,1.44,18.859722222222224,-30.21,2.08,1,1,1,1
AC_110,4,G2,10R,AC_150,3,117,TRUE,2022-10-17,2022-10-21,2023-04-28,193,189,2023-05-12,14,,2023-04-28,,,,16.91,X,5,1,4,19,6,0.8,4.8,1.3475,23.201,2023-04-28,30.43,1.82,16.71978021978022,-31.77,4.37,1,1,1,1
AC_110,6,G2,5L,AC_150,3,184,TRUE,2022-10-17,2022-10-21,2023-04-28,193,189,2023-05-12,14,,2023-04-28,1,,,0.09,X,0,1,0,0,1,,,,17.282,2024-04-28,8.614,0.58,14.851724137931036,,,1,1,0,0
AC_110,7,G1,2R,AC_150,5,216,TRUE,2022-10-17,2022-10-21,2023-05-12,207,203,2023-05-12,0,,,2,,,8.5,-,5,0,5,10,5,1,5,0.494,,,,,,-32.09,3.44,1,1,1,1
AC_110,7,G2,20L,AC_150,5,234,TRUE,2022-10-17,2022-10-21,2023-04-28,193,189,2023-05-12,14,,2023-04-28,5,,,35.64,X,7,4,34,45,11,4.857142857,53.42857143,1.171333333,24.049,2024-04-28,43.553,3.84,11.341927083333333,-31.58,5.19,1,1,1,1
AC_110,8,G1,17R,AC_150,3,267,TRUE,2022-10-17,2022-10-21,2023-04-28,193,189,2023-04-28,0,,,0,,,3.7,-,0,1,0,0,1,,,,21.147,2024-04-28,29.393,1.94,15.151030927835052,-32.26,1.9,1,1,0,0
AC_110,9,G1,9R,AC_150,1,295,TRUE,2022-10-17,2022-10-21,2023-04-28,193,189,2023-05-12,14,,,0,,,2.91,-,0,2,0,0,2,,,,20.857,2023-04-28,22.487,2.02,11.132178217821782,,,1,1,0,0
AC_111,2,G2,3L,AC_172,5,39,TRUE,2022-10-17,2022-10-21,2023-04-28,193,189,2023-05-26,28,2023-05-12,2023-04-28,,,,18.13,X,4,1,16,18,5,4,20,0.8895454545,20.348,2023-04-28,22.635,1.44,15.718750000000002,-31.89,1.38,1,1,1,1
AC_111,3,G1,33R,AC_172,4,105,TRUE,2022-10-17,2022-10-21,2023-04-14,179,175,2023-04-14,0,,,,,,,-,0,0,0,0,0,,0,,19.828,2023-04-14,24.122,1.71,14.106432748538012,,,1,0,0,0
AC_111,4,G2,1L,AC_172,3,108,TRUE,2022-10-17,2022-10-21,2023-05-12,207,203,2023-05-26,14,,2023-05-12,,,,7.7,X,3,2,0,0,5,0,0,,20.519,2023-04-28,33.208,2.37,14.01181434599156,-32.34,0.8,1,1,1,0
AC_111,5,G2,9L,AC_172,1,152,TRUE,2022-10-17,2022-10-21,2023-04-28,193,189,2023-04-28,0,,2023-04-28,0,,,,X,0,0,0,0,0,,0,,14.587,2023-04-28,,,,,,1,0,0,0
AC_111,6,G1,11L,AC_172,5,190,TRUE,2022-10-17,2022-10-21,,,,,,,,,,,0.87,-,0,0,0,0,0,,0,,,,,,,,,0,0,0,0
AC_113,1,G1,35R,AC_047,3,35,TRUE,2022-10-17,2022-10-21,2023-04-14,179,175,2023-05-26,42,,2023-04-14,,,,,-,4,1,7,11,5,1.75,8.75,2.638571429,22.104,2023-04-14,,,,,,1,1,1,1
AC_113,1,G2,32R,AC_047,4,32,TRUE,2022-10-17,2022-10-21,2023-04-28,193,189,2023-04-28,0,,,,,,7.22,X,2,1,5,6,3,2.5,7.5,1.286,,,,,,-32.25,1.69,1,1,1,1
AC_113,3,G2,1R,AC_047,2,73,TRUE,2022-10-17,2022-10-21,2023-05-12,207,203,2023-05-12,0,,,,,,1.62,X,0,0,0,0,0,,0,,20.913,2023-05-12,31.172,2.35,13.26468085106383,,,1,0,0,0
AC_113,8,G2,22L,AC_047,5,272,TRUE,2022-10-17,2022-10-21,2023-04-28,193,189,2023-05-12,14,,2023-04-28,1,,,16.77,X,3,1,2,11,4,0.6666666667,2.666666667,2.41,15.588,2024-04-28,32.228,1.85,17.42054054054054,-30.15,4.17,1,1,1,1
AC_113,9,G1,34R,AC_047,1,320,TRUE,2022-10-17,2022-10-21,,,,,,,,,,,,-,0,0,0,0,0,,0,,,,,,,,,0,0,0,0
AC_114,2,G2,30R,AC_179,2,66,TRUE,2022-10-17,2022-10-21,2023-05-26,221,217,2023-05-26,0,,,,,,7.55,X,1,0,4,4,1,4,4,2.025,15.261,2023-04-28,20.218,1.26,16.046031746031748,-31.88,2.99,1,1,1,1
AC_114,3,G2,16L,AC_179,3,88,TRUE,2022-10-17,2022-10-21,2023-04-28,193,189,2023-05-12,14,,2023-04-28,,,,,X,3,2,7,12,5,2.333333333,11.66666667,1.148571429,19.61,2023-04-28,25.214,1.37,18.404379562043793,-31.6,2.2,1,1,1,1
AC_114,5,G1,33L,AC_179,2,176,TRUE,2022-10-17,2022-10-21,2023-04-28,193,189,2023-05-12,14,,,,,,3.35,-,1,1,3,3,2,3,6,2.276666667,,,,,,-32.62,1.29,1,1,1,1
AC_114,7,G1,25L,AC_179,2,239,TRUE,2022-10-17,2022-10-21,2023-04-28,193,189,2023-04-28,0,,,,,,1.66,-,0,0,0,0,0,,0,,,,,,,,,1,0,0,0
AC_114,7,G2,31L,AC_179,2,245,TRUE,2022-10-17,2022-10-21,2023-04-28,193,189,2023-05-12,14,,,0,,,11.23,X,2,1,15,15,3,7.5,22.5,0.776,,,,,,-31.69,2.65,1,1,1,1
AC_115,1,G2,36L,AC_071,4,36,TRUE,2022-10-17,2022-10-21,2023-04-28,193,189,2023-04-28,0,,2023-04-28,,,,4.34,X,0,6,0,0,6,,,,15.383,2023-04-28,,,,-32.43,2.38,1,1,0,0
AC_115,5,G1,18L,AC_071,3,161,TRUE,2022-10-17,2022-10-21,2023-04-28,193,189,2023-05-26,28,,2023-04-28,4,,,29.68,-,6,1,3,15,7,0.5,3.5,2.813333333,18.553,2023-04-28,49.94,3.32,15.042168674698795,-31.79,3.69,1,1,1,1
AC_115,6,G1,2L,AC_071,5,181,TRUE,2022-10-17,2022-10-21,2023-04-28,193,189,2023-05-26,28,,2023-04-28,2,1,,51.32,-,6,3,11,18,9,1.833333333,16.5,1.862962963,18.805,2024-04-28,29.08,1.44,20.194444444444443,-30.62,2.71,1,1,1,1
AC_115,6,G2,23L,AC_071,1,202,TRUE,2022-10-17,2022-10-21,2023-04-28,193,189,2023-05-26,28,,2023-04-28,3,1,,118.47,X,20,8,49,68,28,2.45,68.6,2.098333333,,,21.212,1.57,13.510828025477707,-29.82,4.29,1,1,1,1
AC_115,8,G1,21R,AC_071,3,271,TRUE,2022-10-17,2022-10-21,2023-04-28,193,189,2023-04-28,0,,,,,,1.51,-,0,2,0,0,2,,,,,,,,,,,1,1,0,0
AC_115,9,G2,12L,AC_071,1,298,TRUE,2022-10-17,2022-10-21,2023-04-28,193,189,2023-05-12,14,,2023-04-28,1,,,4.58,X,1,1,0,0,2,0,0,,19.271,2023-04-28,,,,-31.01,1.04,1,1,1,0
AC_118,1,G2,26R,AC_170,5,26,TRUE,2022-10-17,2022-10-21,2023-04-28,193,189,2023-05-12,14,,2023-04-28,,,,10.43,X,3,0,11,12,3,3.666666667,11,1.379090909,19.486,2023-04-28,,,,-32.13,2.54,1,1,1,1
AC_118,2,G1,8R,AC_170,4,44,TRUE,2022-10-17,2022-10-21,2023-04-28,193,189,2023-05-12,14,,2023-04-28,,,,29.8,-,6,3,26,29,9,4.333333333,39,1.033461538,,,45.141,3.49,12.934383954154727,-32.42,5.74,1,1,1,1
AC_118,2,G2,5L,AC_170,3,41,TRUE,2022-10-17,2022-10-21,2023-04-28,193,189,2023-05-12,14,,2023-04-28,,,,2.89,X,1,0,0,0,1,0,0,,15.844,2023-04-28,27.714,1.88,14.741489361702127,-32.12,1.88,1,1,1,0
AC_118,4,G2,33L,AC_170,3,140,TRUE,2022-10-17,2022-10-21,2023-04-14,179,175,2023-04-28,14,,,,,,4.33,X,1,2,2,4,3,2,6,1.32,17.735,2023-04-14,19.969,1.27,15.723622047244096,-32.59,1.69,1,1,1,1
AC_118,6,G1,35R,AC_170,5,214,TRUE,2022-10-17,2022-10-21,2023-04-28,193,189,2023-05-12,14,,,1,,,0.33,-,0,5,0,0,5,,,,,,29.923,2.14,13.98271028037383,,,1,1,0,0
AC_118,9,G1,5L,AC_170,1,291,TRUE,2022-10-17,2022-10-21,2023-04-28,193,189,2023-04-28,0,,2023-04-28,0,,,1.86,-,1,0,0,6,1,0,0,,17.139,2023-04-28,,,,,,1,1,1,0
AC_119,1,G1,19R,AC_054,3,19,TRUE,2022-10-17,2022-10-21,2023-04-28,193,189,2023-05-12,14,,2023-04-28,,,,5.07,-,2,0,3,3,2,1.5,3,1.8475,,,29.212,1.43,20.42797202797203,-33.05,2.47,1,1,1,1
AC_119,1,G1,30L,AC_054,5,30,TRUE,2022-10-17,2022-10-21,2023-05-26,221,217,2023-05-26,0,,2023-05-26,,1,,,-,2,0,2,2,2,1,2,5.19,,,,,,,,1,1,1,1
AC_119,1,G1,5R,AC_054,3,5,TRUE,2022-10-17,2022-10-21,2023-04-28,193,189,2023-05-26,28,,2023-05-12,,2,,38.66,-,7,3,9,25,10,1.285714286,12.85714286,1.732222222,22.18,2023-04-28,42.984,3.45,12.459130434782608,-31.52,5.14,1,1,1,1
AC_119,2,G2,4L,AC_054,4,40,TRUE,2022-10-17,2022-10-21,2023-05-12,207,203,2023-05-12,0,,2023-05-12,,,,3.78,X,1,0,0,0,1,0,0,,22.543,2023-04-28,99.641,6.32,15.765981012658228,-32.3,1.61,1,1,1,0
AC_119,8,G2,34L,AC_054,3,284,TRUE,2022-10-17,2022-10-21,2023-04-28,193,189,2023-04-28,0,,2023-04-28,,,,1.23,X,0,0,0,0,0,,0,,12.663,2024-04-28,,,,,,1,0,0,0
AC_120,2,G1,17R,AC_169,2,53,TRUE,2022-10-17,2022-10-21,2023-04-28,193,189,2023-05-12,14,,2023-04-28,,,,10.71,-,5,3,15,15,8,3,24,2.840641026,26.278,2023-04-28,53.705,3.32,16.17620481927711,-32.51,3.68,1,1,1,1
AC_120,4,G1,23R,AC_169,5,130,TRUE,2022-10-17,2022-10-21,2023-04-28,193,189,2023-05-26,28,,,,1,,21.95,-,6,0,7,11,6,1.166666667,7,2.557142857,15.894,2023-04-28,,,,-30.86,4.61,1,1,1,1
AC_120,5,G2,28L,AC_169,3,171,TRUE,2022-10-17,2022-10-21,2023-04-28,193,189,2023-05-12,14,,,0,,,6.24,X,1,1,0,1,2,0,0,,18.562,2023-04-14,48.625,2.88,16.883680555555557,-31.94,2,1,1,1,0
AC_120,6,G1,3R,AC_169,3,182,TRUE,2022-10-17,2022-10-21,2023-05-12,207,203,2023-05-12,0,,2023-05-12,3,,,34.84,-,7,1,17,43,8,2.428571429,19.42857143,2.080588235,23.298,2023-05-12,86.116,5.17,16.6568665377176,-30.48,4.2,1,1,1,1
AC_120,6,G2,14R,AC_169,3,193,TRUE,2022-10-17,2022-10-21,2023-04-28,193,189,2023-05-12,14,,2023-04-28,1,,,6.66,X,4,2,5,7,6,1.25,7.5,1.686,,,,,,-31.1,2.37,1,1,1,1
AC_120,8,G2,32L,AC_169,2,282,TRUE,2022-10-17,2022-10-21,2023-04-14,179,175,2023-05-12,28,,2023-04-14,1,,,4.6,X,1,3,3,3,4,3,12,1.6,18.997,2023-04-14,,,,-31.38,1.33,1,1,1,1
AC_122,2,G1,25R,AC_002,1,61,TRUE,2022-10-17,2022-10-21,2023-04-28,193,189,2023-05-12,14,,2023-04-28,,,,16.79,-,5,2,17,27,7,3.4,23.8,1.798823529,23.075,2023-04-28,39.498,2.17,18.20184331797235,-33,4.03,1,1,1,1
AC_122,3,G1,17L,AC_002,2,89,TRUE,2022-10-17,2022-10-21,2023-04-28,193,189,2023-05-26,28,,,,,,,-,1,0,3,3,1,3,3,2.683333333,21.95,2023-04-28,32.408,1.88,17.23829787234043,-31.82,4.34,1,1,1,1
AC_122,6,G1,13R,AC_002,5,192,TRUE,2022-10-17,2022-10-21,2023-04-28,193,189,2023-05-12,14,,2023-04-28,1,,,5.1,-,0,3,0,0,3,,,,21.487,2024-04-28,52.129,4.5,11.584222222222222,,,1,1,0,0
AC_122,7,G2,15R,AC_002,2,229,TRUE,2022-10-17,2022-10-21,2023-04-28,193,189,2023-05-12,14,,2023-04-28,3,,,14.33,X,5,1,6,10,6,1.2,7.2,1.328333333,20.861,2024-04-28,,,,-32.03,4.37,1,1,1,1
AC_122,9,G2,13L,AC_002,4,299,TRUE,2022-10-17,2022-10-21,2023-04-28,193,189,2023-05-12,14,,2023-04-28,2,,,28.08,X,7,4,15,21,11,2.142857143,23.57142857,1.18,22.519,2023-04-28,26.837,1.76,15.248295454545454,-32,1.97,1,1,1,1
AC_123,1,G1,29L,AC_045,5,29,TRUE,2022-10-17,2022-10-21,2023-04-28,193,189,2023-05-26,28,,2023-04-28,,1,,,-,2,2,1,2,4,0.5,2,2.48,,,62.279,3.64,17.109615384615385,-32.5,4.88,1,1,1,1
AC_123,1,G1,6R,AC_045,2,6,TRUE,2022-10-17,2022-10-21,2023-04-28,193,189,2023-05-12,14,,2023-04-28,,,,60.99,-,13,1,33,56,14,2.538461538,35.53846154,1.325357143,22.462,2023-04-28,62.037,4.43,14.003837471783296,-31.86,4.37,1,1,1,1
AC_123,4,G1,24L,AC_045,4,131,TRUE,2022-10-17,2022-10-21,2023-04-28,193,189,2023-05-12,14,,,,,,18.66,-,4,1,4,11,5,1,5,3.95,19.199,2023-04-28,,,,-31.9,3.48,1,1,1,1
AC_123,5,G2,25R,AC_045,1,168,TRUE,2022-10-17,2022-10-21,2023-04-28,193,189,2023-05-12,14,,,0,,,1.49,X,1,0,0,0,1,0,0,,,,50.457,3.2,15.7678125,,,1,1,1,0
AC_123,7,G2,31R,AC_045,3,245,TRUE,2022-10-17,2022-10-21,2023-04-14,179,175,2023-04-28,14,,2023-04-14,,,,2.78,X,2,2,4,4,4,2,8,1.325,17.201,2023-04-14,,,,,,1,1,1,1
AC_123,8,G2,18R,AC_045,5,268,TRUE,2022-10-17,2022-10-21,2023-04-28,193,189,2023-05-12,14,,2023-04-28,0,,,,X,5,1,13,19,6,2.6,15.6,1.325384615,19.349,2024-04-28,,,,-30.54,2.85,1,1,1,1
AC_128,2,G2,24L,AC_096,5,60,TRUE,2022-10-17,2022-10-21,2023-05-12,207,203,2023-05-12,0,,,,,,2.77,X,0,2,0,0,2,,,,,,,,,,,1,1,0,0
AC_128,4,G1,12R,AC_096,3,119,TRUE,2022-10-17,2022-10-21,2023-04-28,193,189,2023-05-12,14,,2023-04-28,,,,19.52,-,0,11,0,0,11,,,,21.459,2023-04-28,77.402,4.77,16.226834381551363,-31.68,3.29,1,1,0,0
AC_128,5,G2,14L,AC_096,2,157,TRUE,2022-10-17,2022-10-21,2023-04-28,193,189,2023-04-28,0,,,0,,,,X,0,0,0,0,0,,0,,,,,,,,,1,0,0,0
AC_128,5,G2,3L,AC_096,5,146,TRUE,2022-10-17,2022-10-21,2023-04-28,193,189,2023-05-12,14,,2023-04-28,2,,,21.13,X,5,1,8,12,6,1.6,9.6,2.052333333,15.784,2023-04-28,29.646,1.4,21.17571428571429,-31.72,3.35,1,1,1,1
AC_128,6,G1,34L,AC_096,1,213,TRUE,2022-10-17,2022-10-21,2023-04-28,193,189,2023-05-12,14,,,,,,5.1,-,0,3,0,0,3,,,,,,,,,-32.42,3.2,1,1,0,0
AC_128,9,G1,29L,AC_096,2,315,TRUE,2022-10-17,2022-10-21,2023-04-28,193,189,2023-05-12,14,,2023-05-12,2,,,7.22,-,3,1,7,7,4,2.333333333,9.333333333,2.32,17.057,2023-05-12,13.521,0.23,58.78695652173913,-31.4,2.55,1,1,1,1
AC_130,1,G2,1R,AC_107,2,1,TRUE,2022-10-17,2022-10-21,2023-04-28,193,189,2023-05-12,14,,2023-04-28,,,,20.93,X,4,0,7,14,4,1.75,7,1.888571429,22.613,2023-04-28,47.806,2.77,17.258483754512635,-31.91,3.95,1,1,1,1
AC_130,1,G2,23L,AC_107,5,23,TRUE,2022-10-17,2022-10-21,2023-04-28,193,189,2023-06-08,41,,2023-04-28,,1,2,,X,1,3,0,1,4,0,0,,,,,,,,,1,1,1,0
AC_130,4,G1,25R,AC_107,3,132,TRUE,2022-10-17,2022-10-21,2023-05-26,221,217,2023-05-26,0,,,,,,13.95,-,4,0,8,11,4,2,8,2.6675,,,,,,-32.15,2.53,1,1,1,1
AC_130,5,G1,30L,AC_107,1,173,TRUE,2022-10-17,2022-10-21,,,,,,,,,,,4.37,-,1,1,0,0,2,0,0,,,,,,,,,0,1,1,0
AC_130,6,G1,27R,AC_107,5,206,TRUE,2022-10-17,2022-10-21,2023-04-28,193,189,2023-05-12,14,,,1,,,8.88,-,1,2,7,7,3,7,21,1.585714286,,,37.547,1.94,19.354123711340204,-31.08,4.15,1,1,1,1
AC_130,8,G2,29L,AC_107,1,279,TRUE,2022-10-17,2022-10-21,2023-04-28,193,189,2023-04-28,0,,,0,,,1.03,X,0,0,0,0,0,,0,,,,,,,,,1,0,0,0
AC_131,2,G1,6L,AC_052,1,42,TRUE,2022-10-17,2022-10-21,2023-04-28,193,189,2023-05-12,14,,2023-04-28,,,,,-,2,1,0,0,3,0,0,,17.69,2023-04-28,82.673,5.23,15.807456978967494,-32.62,2.49,1,1,1,0
AC_131,2,G2,21R,AC_052,5,57,TRUE,2022-10-17,2022-10-21,2023-04-28,193,189,2023-05-12,14,,2023-04-28,,,,12.9,X,3,2,14,16,5,4.666666667,23.33333333,1.106428571,,,55.353,4.37,12.666590389016019,-32.61,4.92,1,1,1,1
AC_131,4,G2,34R,AC_052,3,141,TRUE,2022-10-17,2022-10-21,2023-04-14,179,175,2023-04-28,14,,2023-04-14,,,,5.96,X,0,6,0,0,6,,,,23.162,2023-04-14,,,,-32.4,3.89,1,1,0,0
AC_131,6,G1,4R,AC_052,4,183,TRUE,2022-10-17,2022-10-21,2023-04-28,193,189,2023-05-26,28,,2023-05-12,3,,,19,-,4,4,8,14,8,2,16,2.08,,,80.013,4.22,18.960426540284363,-31.61,3.71,1,1,1,1
AC_131,6,G2,28R,AC_052,5,207,TRUE,2022-10-17,2022-10-21,2023-04-14,179,175,2023-05-12,28,,2023-04-14,,,,20.53,X,4,3,10,13,7,2.5,17.5,1.487,21.723,2023-04-14,32.725,2.62,12.490458015267176,-30.81,4.92,1,1,1,1
AC_131,8,G1,5L,AC_052,5,255,TRUE,2022-10-17,2022-10-21,2023-04-28,193,189,2023-05-12,14,,2023-04-28,1,,,1.19,-,0,0,0,0,0,,0,,8.775,2024-04-28,,,,,,1,0,0,0
AC_133,1,G1,22L,AC_052,1,22,TRUE,2022-10-17,2022-10-21,2023-04-28,193,189,2023-04-28,0,,,,,,,-,0,0,0,0,0,,0,,,,,,,,,1,0,0,0
AC_133,2,G1,26L,AC_052,3,62,TRUE,2022-10-17,2022-10-21,2023-04-28,193,189,2023-04-28,0,,,,,,,-,2,0,6,8,2,3,6,1.456666667,22.607,2023-04-28,51.65,2.91,17.749140893470788,,,1,1,1,1
AC_133,2,G2,28R,AC_052,2,64,TRUE,2022-10-17,2022-10-21,2023-04-28,193,189,2023-05-12,14,,,,,,6.2,X,3,1,12,12,4,4,16,1.709166667,,,37.232,3.24,11.491358024691356,-31.76,1.23,1,1,1,1
AC_133,8,G2,16L,AC_052,5,266,TRUE,2022-10-17,2022-10-21,2023-04-28,193,189,2023-05-26,28,,2023-04-28,1,1,,56.96,X,5,4,8,12,9,1.6,14.4,1.4625,21.977,2024-04-28,46.362,3.02,15.351655629139074,-30.31,4.55,1,1,1,1
AC_133,8,G2,28L,AC_052,3,278,TRUE,2022-10-17,2022-10-21,2023-04-28,193,189,2023-05-12,14,,,1,,,8.36,X,2,0,3,3,2,1.5,3,2.923333333,,,,,,-31.56,2.7,1,1,1,1
AC_133,9,G1,32R,AC_052,5,318,TRUE,2022-10-17,2022-10-21,2023-04-28,193,189,2023-05-12,14,,2023-04-28,,,,5.25,-,0,1,0,0,1,,,,19.475,2023-04-28,,,,-32.01,1.36,1,1,0,0
AC_136,1,G2,35L,AC_179,5,35,TRUE,2022-10-17,2022-10-21,2023-04-28,193,189,2023-04-28,0,,,,,,7.36,X,1,2,2,2,3,2,6,1.33,,,,,,-32.52,1.3,1,1,1,1
AC_136,3,G1,27L,AC_179,2,99,TRUE,2022-10-17,2022-10-21,2023-04-28,193,189,2023-04-28,0,,,,,,22.02,-,0,0,0,0,0,,0,,15.552,2023-04-28,46.37,3.38,13.718934911242604,-30.73,2.9,1,0,0,0
AC_136,4,G1,7R,AC_179,2,114,TRUE,2022-10-17,2022-10-21,2023-05-12,207,203,2023-05-12,0,,2023-05-12,1,,,15.83,-,7,0,4,12,7,0.5714285714,4,2.3925,24.004,2023-04-28,65.814,4.45,14.789662921348313,-32.09,3.71,1,1,1,1
AC_136,6,G2,9L,AC_179,2,188,TRUE,2022-10-17,2022-10-21,2023-04-28,193,189,2023-05-26,28,,2023-05-12,4,2,,46.43,X,11,4,23,34,15,2.090909091,31.36363636,1.831,16.697,2023-05-12,67.844,3.81,17.806824146981626,-30.58,3.82,1,1,1,1
AC_136,9,G1,31L,AC_179,4,317,TRUE,2022-10-17,2022-10-21,2023-04-28,193,189,2023-04-28,0,,,0,,,7.03,-,0,1,0,0,1,,,,,,,,,-32.6,2,1,1,0,0
AC_142,5,G1,12R,AC_168,3,155,TRUE,2022-10-17,2022-10-21,2023-04-28,193,189,2023-04-28,0,,2023-04-28,0,,,,-,0,0,0,0,0,,0,,,,,,,,,1,0,0,0
AC_142,5,G2,27L,AC_168,5,170,TRUE,2022-10-17,2022-10-21,2023-05-12,207,203,2023-05-12,0,,,1,,,5.92,X,2,0,7,10,2,3.5,7,0.65,18.964,2023-04-14,50.019,3.71,13.4822102425876,-31.66,2.11,1,1,1,1
AC_142,6,G2,20R,AC_168,4,199,TRUE,2022-10-17,2022-10-21,2023-04-28,193,189,2023-05-12,14,,,4,,,20.23,X,6,2,5,21,8,0.8333333333,6.666666667,1.574,,,33.496,2.42,13.841322314049588,-31.66,3.94,1,1,1,1
AC_142,7,G1,1L,AC_168,3,215,TRUE,2022-10-17,2022-10-21,2023-05-26,221,217,2023-05-26,0,,,,,,,-,0,0,0,0,0,,0,,,,,,,,,1,0,0,0
AC_142,8,G1,28R,AC_168,1,278,TRUE,2022-10-17,2022-10-21,2023-04-28,193,189,2023-04-28,0,,,,,,,-,0,0,0,0,0,,0,,,,,,,,,1,0,0,0
AC_142,8,G2,10R,AC_168,2,260,TRUE,2022-10-17,2022-10-21,2023-04-28,193,189,2023-04-28,0,,2023-04-28,0,,,,X,0,0,0,0,0,,0,,15.18,2024-04-28,35.015,3.55,9.86338028169014,,,1,0,0,0
AC_143,4,G2,30L,AC_159,5,137,TRUE,2022-10-17,2022-10-21,2023-04-28,193,189,2023-04-28,0,,,,,,,X,0,0,0,0,0,,0,,,,,,,,,1,0,0,0
AC_143,6,G2,17R,AC_159,3,196,TRUE,2022-10-17,2022-10-21,2023-04-28,193,189,2023-05-12,14,,2023-04-28,1,,,3.49,X,2,0,10,11,2,5,10,0.981,18.018,2024-04-28,72.26,3.9,18.52820512820513,-30.34,1.24,1,1,1,1
AC_144,2,G1,9L,AC_103,1,45,TRUE,2022-10-17,2022-10-21,2023-04-28,193,189,2023-05-12,14,,2023-05-12,,,,17.35,-,5,2,30,35,7,6,42,1.11875,26.778,2023-04-28,61.139,4.24,14.419575471698113,-32.58,4.48,1,1,1,1
AC_144,2,G2,16R,AC_103,2,52,TRUE,2022-10-17,2022-10-21,2023-04-28,193,189,2023-05-12,14,,2023-04-28,,,,3.05,X,2,0,11,11,2,5.5,11,2.252727273,,,45.798,2.83,16.183038869257953,,,1,1,1,1
AC_144,3,G1,16R,AC_103,5,88,TRUE,2022-10-17,2022-10-21,2023-04-28,193,189,2023-05-26,28,,2023-04-28,,,,28.99,-,2,4,2,2,6,1,6,2.265,24.973,2023-04-28,40.202,2.39,16.820920502092047,-31.07,3.21,1,1,1,1
AC_144,3,G2,30L,AC_103,5,102,TRUE,2022-10-17,2022-10-21,2023-04-28,193,189,2023-04-28,0,,,,,,9.37,X,2,1,2,3,3,1,3,3.34,,,,,,-32.41,3.65,1,1,1,1
AC_144,5,G1,17L,AC_103,1,160,TRUE,2022-10-17,2022-10-21,2023-04-28,193,189,2023-05-12,14,,2023-04-28,1,,,13.88,-,2,3,12,12,5,6,30,1.189166667,25.389,2023-04-28,14.61,0.87,16.79310344827586,-31.53,4.35,1,1,1,1
AC_147,1,G1,8R,AC_007,2,8,TRUE,2022-10-17,2022-10-21,2023-04-28,193,189,2023-05-12,14,,2023-05-12,,,,,-,8,2,18,49,10,2.25,22.5,1.609625,,,68.024,4.37,15.566132723112128,-32.28,5.15,1,1,1,1
AC_147,1,G2,8L,AC_007,1,8,TRUE,2022-10-17,2022-10-21,2023-04-28,193,189,2023-05-12,14,,2023-04-28,,,,,X,9,2,21,42,11,2.333333333,25.66666667,1.386666667,19.808,2023-04-28,77.409,5.28,14.660795454545456,-32.17,3,1,1,1,1
AC_147,4,G1,9L,AC_007,1,116,TRUE,2022-10-17,2022-10-21,2023-04-28,193,189,2023-05-12,14,,,,,,3.82,-,2,0,3,6,2,1.5,3,1.986666667,21.952,2023-04-28,37.299,3.33,11.200900900900901,-31.77,2.01,1,1,1,1
AC_147,4,G2,34L,AC_007,1,141,TRUE,2022-10-17,2022-10-21,2023-04-28,193,189,2023-04-28,0,,2023-04-28,,,,3.05,X,0,2,0,0,2,,,,,,,,,-33.67,1.17,1,1,0,0
AC_147,5,G1,29R,AC_007,1,172,TRUE,2022-10-17,2022-10-21,2023-04-14,179,175,2023-04-14,0,,2023-04-14,,,,10.07,-,2,3,4,11,5,2,10,1.935,20.969,2023-04-14,,,,-31.32,2.36,1,1,1,1
AC_147,6,G2,34R,AC_007,4,213,TRUE,2022-10-17,2022-10-21,2023-04-28,193,189,2023-05-12,14,,,1,,,,X,0,2,0,0,2,,,,,,,,,-31.01,3.53,1,1,0,0
AC_148,1,G1,33R,AC_039,3,33,TRUE,2022-10-17,2022-10-21,2023-04-28,193,189,2023-05-12,14,,,,,,12.42,-,1,1,4,4,2,4,8,1.59,,,,,,-31.97,1.56,1,1,1,1
AC_148,3,G2,11L,AC_039,2,83,TRUE,2022-10-17,2022-10-21,2023-04-28,193,189,2023-05-12,14,,2023-04-28,,,,,X,1,1,1,3,2,1,2,1.92,19.637,2023-04-28,19.713,1.44,13.689583333333335,,,1,1,1,1
AC_148,8,G2,3L,AC_039,4,253,TRUE,2022-10-17,2022-10-21,2023-05-12,207,203,2023-05-12,0,,,1,,,3.54,X,2,0,0,2,2,0,0,,,,,,,,,1,1,1,0
AC_151,1,G2,7R,AC_045,1,7,TRUE,2022-10-17,2022-10-21,2023-04-28,193,189,2023-05-26,28,,2023-04-28,,2,,50.18,X,10,2,25,28,12,2.5,30,2.572166667,17.346,2023-04-28,52.991,2.95,17.963050847457627,-32.24,5.23,1,1,1,1
AC_151,4,G2,14R,AC_045,4,121,TRUE,2022-10-17,2022-10-21,2023-04-28,193,189,2023-05-12,14,,2023-04-28,,,,28.76,X,6,1,5,10,7,0.8333333333,5.833333333,3.91875,18.26,2023-04-28,58.739,4.29,13.692074592074592,-30.73,3.83,1,1,1,1
AC_151,7,G1,28L,AC_045,1,242,TRUE,2022-10-17,2022-10-21,2023-05-12,207,203,2023-05-12,0,,,0,,,0.73,-,0,1,0,0,1,,,,,,,,,,,1,1,0,0
AC_151,8,G1,31L,AC_045,1,281,TRUE,2022-10-17,2022-10-21,2023-04-28,193,189,2023-04-28,0,,,0,,,6.65,-,2,0,3,4,2,1.5,3,2.24,,,,,,-32.22,1.06,1,1,1,1
AC_151,8,G2,33R,AC_045,2,283,TRUE,2022-10-17,2022-10-21,2023-05-12,207,203,2023-05-12,0,,,0,,,2.58,X,0,0,0,0,0,,0,,,,,,,,,1,0,0,0
AC_153,1,G1,18R,AC_186,1,18,TRUE,2022-10-17,2022-10-21,2023-04-28,193,189,2023-05-12,14,,2023-04-28,,,,5.77,-,3,0,7,7,3,2.333333333,7,3.2585,20.32,2023-04-28,40.655,2.52,16.13293650793651,-32.22,2.46,1,1,1,1
AC_153,5,G1,1R,AC_186,1,144,TRUE,2022-10-17,2022-10-21,2023-04-28,193,189,2023-05-12,14,,2023-04-28,2,,,32.25,-,6,0,3,22,6,0.5,3,2.47,,,56.594,3.66,15.462841530054645,-30.82,4.31,1,1,1,1
AC_153,5,G1,34L,AC_186,3,177,TRUE,2022-10-17,2022-10-21,2023-04-14,179,175,2023-05-12,28,,2023-04-14,4,,,20.42,-,7,8,35,36,15,5,75,1.206,24.166,2023-04-14,39.953,2.72,14.688602941176471,-31.58,2.68,1,1,1,1
AC_153,5,G2,13L,AC_186,2,156,TRUE,2022-10-17,2022-10-21,2023-05-12,207,203,2023-05-12,0,,,,,,5.89,X,0,1,0,0,1,,,,,,,,,-30.19,1.82,1,1,0,0
AC_153,9,G2,17L,AC_186,1,303,TRUE,2022-10-17,2022-10-21,2023-04-28,193,189,2023-04-28,0,,2023-04-28,0,,,5.35,X,0,3,0,0,3,,,,16.085,2023-04-28,,,,-31.42,2.47,1,1,0,0
AC_154,1,G1,25R,AC_103,3,25,TRUE,2022-10-17,2022-10-21,2023-04-28,193,189,2023-05-12,14,,2023-04-28,,,,2.16,-,5,2,14,19,7,2.8,19.6,1.786041667,21.969,2023-04-28,,,,,,1,1,1,1
AC_154,2,G1,23R,AC_103,1,59,TRUE,2022-10-17,2022-10-21,2023-04-28,193,189,2023-05-12,14,,2023-04-28,,,,3.15,-,3,0,8,8,3,2.666666667,8,1.93125,21.651,2023-04-28,51.188,4.12,12.424271844660195,-31.77,1.05,1,1,1,1
AC_154,2,G1,25L,AC_103,4,61,TRUE,2022-10-17,2022-10-21,2023-04-28,193,189,2023-05-12,14,,2023-04-28,,,,21.67,-,7,3,32,36,10,4.571428571,45.71428571,1.784464286,,,51.067,2.95,17.31084745762712,-32.62,2.26,1,1,1,1
AC_154,3,G2,30R,AC_103,3,102,TRUE,2022-10-17,2022-10-21,2023-04-28,193,189,2023-04-28,0,,,,,,6.76,X,5,0,11,14,5,2.2,11,1.7,,,,,,-32.26,3.32,1,1,1,1
AC_154,3,G2,7R,AC_103,3,79,TRUE,2022-10-17,2022-10-21,2023-04-28,193,189,2023-05-26,28,,2023-04-28,,1,,55.28,X,9,1,25,31,10,2.777777778,27.77777778,1.653363636,23.915,2023-04-28,50.013,3.57,14.009243697478992,-32,3.2,1,1,1,1
AC_154,9,G2,11R,AC_103,5,297,TRUE,2022-10-17,2022-10-21,2023-04-28,193,189,2023-05-12,14,,,0,,,11.35,X,2,1,0,4,3,0,0,,27.094,2023-04-28,66.21,4.9,13.512244897959182,-31.06,1.06,1,1,1,0
AC_155,1,G2,19L,AC_054,1,19,TRUE,2022-10-17,2022-10-21,2023-04-28,193,189,2023-04-28,0,,,,,,,X,0,0,0,0,0,,0,,,,,,,,,1,0,0,0
AC_155,5,G1,23L,AC_054,4,166,TRUE,2022-10-17,2022-10-21,2023-04-28,193,189,2023-05-12,14,,,1,,,2,-,0,1,0,0,1,,,,,,,,,-31.69,1.72,1,1,0,0
AC_155,7,G2,19R,AC_054,2,233,TRUE,2022-10-17,2022-10-21,2023-04-28,193,189,2023-05-12,14,,2023-04-28,1,,,34.71,X,5,1,15,19,6,3,18,2.637142857,18.173,2024-04-28,,,,-30.8,4.4,1,1,1,1
AC_155,8,G2,21L,AC_054,4,271,TRUE,2022-10-17,2022-10-21,2023-04-28,193,189,2023-05-12,14,,2023-04-28,2,,,15.12,X,2,2,1,5,4,0.5,2,2.96,20.151,2024-04-28,,,,-30.55,4.04,1,1,1,1
AC_155,9,G1,10R,AC_054,2,296,TRUE,2022-10-17,2022-10-21,2023-04-28,193,189,2023-05-12,14,,2023-04-28,0,,,,-,0,2,0,0,2,,,,15.334,2023-04-28,46.067,3.11,14.812540192926045,-32.21,0.83,1,1,0,0
AC_155,9,G1,25L,AC_054,5,311,TRUE,2022-10-17,2022-10-21,2023-04-28,193,189,2023-05-12,14,,,0,,,,-,0,1,0,0,1,,,,,,59.798,3.55,16.84450704225352,,,1,1,0,0
AC_158,2,G1,36L,AC_061,2,72,TRUE,2022-10-17,2022-10-21,2023-04-14,179,175,2023-05-12,28,,2023-04-14,,,,47.47,-,3,2,7,8,5,2.333333333,11.66666667,2.548571429,17.247,2023-04-14,21.309,1.99,10.708040201005026,-31.61,4.53,1,1,1,1
AC_158,5,G2,31R,AC_061,3,174,TRUE,2022-10-17,2022-10-21,,,,,,,,,,,1.95,X,0,2,0,0,2,,,,,,,,,-31.92,0.95,0,1,0,0
AC_158,6,G1,15R,AC_061,5,194,TRUE,2022-10-17,2022-10-21,2023-04-28,193,189,2023-05-12,14,,2023-04-28,1,,,7.21,-,0,4,0,0,4,,,,19.279,2024-04-28,,,,-30.64,3.46,1,1,0,0
AC_158,6,G2,30R,AC_061,5,209,TRUE,2022-10-17,2022-10-21,2023-04-28,193,189,2023-04-28,0,,,,,,4.84,X,1,1,0,0,2,0,0,,,,,,,-31.49,2.9,1,1,1,0
AC_158,8,G2,26L,AC_061,1,276,TRUE,2022-10-17,2022-10-21,2023-04-28,193,189,2023-05-12,14,,2023-04-28,,,,7.55,X,2,2,5,5,4,2.5,10,1.29,16.641,2024-04-28,,,,-31.27,5.03,1,1,1,1
AC_158,9,G1,4L,AC_061,1,290,TRUE,2022-10-17,2022-10-21,2023-04-28,193,189,2023-04-28,0,,2023-04-28,0,,,2.13,-,0,0,0,0,0,,0,,18.005,2023-04-28,,,,-32.23,1.07,1,0,0,0
AC_159,3,G1,17R,AC_168,3,89,TRUE,2022-10-17,2022-10-21,2023-04-28,193,189,2023-05-26,28,,2023-04-28,,,,,-,9,0,13,20,9,1.444444444,13,1.77375,22.709,2023-04-28,,,,,,1,1,1,1
AC_159,4,G2,36L,AC_168,5,143,TRUE,2022-10-17,2022-10-21,2023-04-28,193,189,2023-04-28,0,,2023-04-28,,,,,X,1,1,5,7,2,5,10,1.602,,,34.106,2.97,11.483501683501684,,,1,1,1,1
AC_159,4,G2,36R,AC_168,5,143,TRUE,2022-10-17,2022-10-21,2023-04-28,193,189,2023-04-28,0,,,,,,11.78,X,1,3,4,6,4,4,16,1.8075,14.857,2023-04-14,,,,,,1,1,1,1
AC_159,5,G1,31L,AC_168,5,174,TRUE,2022-10-17,2022-10-21,2023-04-14,179,175,2023-05-12,28,,,,,,5.17,-,0,0,0,0,0,,0,,,,,,,-31.69,2.43,1,0,0,0
AC_160,4,G1,16R,AC_002,5,123,TRUE,2022-10-17,2022-10-21,2023-04-28,193,189,2023-05-26,28,,2023-04-28,,,,,-,7,1,23,27,8,3.285714286,26.28571429,1.014347826,,,,,,,,1,1,1,1
AC_160,4,G2,21L,AC_002,2,128,TRUE,2022-10-17,2022-10-21,2023-04-14,179,175,2023-05-12,28,,2023-04-14,,,,28.86,X,4,4,4,12,8,1,8,2.1525,18.593,2023-04-14,39.121,3.11,12.579099678456593,-32.34,2.45,1,1,1,1
AC_160,5,G1,22L,AC_002,4,165,TRUE,2022-10-17,2022-10-21,2023-04-28,193,189,2023-05-12,14,,2023-04-28,2,,,14.85,-,0,3,0,0,3,,,,,,53.061,2.83,18.74946996466431,-30.84,1.39,1,1,0,0
AC_160,6,G2,2R,AC_002,4,181,TRUE,2022-10-17,2022-10-21,2023-04-28,193,189,2023-05-26,28,,2023-05-12,8,,,87.11,X,12,6,24,112,18,2,36,2.0235,26.681,2023-05-12,98.673,5.11,19.309784735812134,-31.48,3.05,1,1,1,1
AC_160,8,G1,15R,AC_002,1,265,TRUE,2022-10-17,2022-10-21,2023-04-28,193,189,2023-04-28,0,,,,,,6.44,-,2,1,4,6,3,2,6,1.8025,,,,,,-30.89,4.58,1,1,1,1
AC_160,8,G2,15L,AC_002,1,265,TRUE,2022-10-17,2022-10-21,2023-04-28,193,189,2023-05-12,14,,,,,,6.24,X,0,3,0,0,3,,,,,,,,,-30.89,1.53,1,1,0,0
AC_168,2,G2,13L,AC_039,1,49,TRUE,2022-10-17,2022-10-21,2023-04-28,193,189,2023-05-12,14,,2023-04-28,,,,2.49,X,0,2,0,0,2,,,,15.241,2023-04-28,52.998,3.76,14.095212765957447,,,1,1,0,0
AC_168,4,G1,13L,AC_039,4,120,TRUE,2022-10-17,2022-10-21,2023-04-28,193,189,2023-04-28,0,,,,,,,-,1,2,6,6,3,6,18,1.72,,,48.371,3.03,15.964026402640267,-31.2,2.07,1,1,1,1
AC_168,4,G1,8L,AC_039,2,115,TRUE,2022-10-17,2022-10-21,2023-04-28,193,189,2023-04-28,0,,2023-04-28,,,,,-,1,1,2,3,2,2,4,1.46,16.776,2023-04-28,54.874,2.92,18.792465753424658,-32.12,2.98,1,1,1,1
AC_168,5,G2,35R,AC_039,3,178,TRUE,2022-10-17,2022-10-21,2023-04-28,193,189,2023-05-12,14,,,2,,,,X,2,3,6,10,5,3,15,1.658333333,17.716,2023-04-14,,,,,,1,1,1,1
AC_168,9,G2,8R,AC_039,1,294,TRUE,2022-10-17,2022-10-21,2023-04-28,193,189,2023-05-12,14,,2023-04-28,2,,,9.36,X,2,2,0,5,4,0,0,,23.997,2023-04-28,,,,-30.42,2.99,1,1,1,0
AC_171,3,G2,31R,AC_179,3,103,TRUE,2022-10-17,2022-10-21,2023-04-28,193,189,2023-04-28,0,,,,,,23.71,X,4,0,8,16,4,2,8,1.619166667,,,,,,-31.9,3.61,1,1,1,1
AC_171,5,G1,2R,AC_179,2,145,TRUE,2022-10-17,2022-10-21,2023-05-12,207,203,2023-06-09,28,,2023-05-12,1,,,17.36,-,4,0,1,9,4,0.25,1,4.32,21.087,2023-05-12,,,,-31.03,5.22,1,1,1,1
AC_171,5,G2,28R,AC_179,4,171,TRUE,2022-10-17,2022-10-21,2023-04-28,193,189,2023-05-12,14,,,,,,6.34,X,0,4,0,0,4,,,,,,,,,-31.7,1.8,1,1,0,0
AC_171,6,G1,31R,AC_179,5,210,TRUE,2022-10-17,2022-10-21,2023-04-14,179,175,2023-04-28,14,,2023-04-14,0,,,3.81,-,2,1,6,8,3,3,9,0.976,19.127,2023-04-14,17.826,1.21,14.732231404958679,-32.01,2.06,1,1,1,1
AC_171,6,G1,6R,AC_179,2,185,TRUE,2022-10-17,2022-10-21,2023-04-28,193,189,2023-05-12,14,,,0,,,5.42,-,1,2,0,0,3,0,0,,,,,,,-32.05,2.27,1,1,1,0
AC_171,6,G2,21L,AC_179,4,200,TRUE,2022-10-17,2022-10-21,2023-04-28,193,189,2023-05-12,14,,2023-04-28,1,,,11.08,X,0,3,0,0,3,,,,,,11.743,0.83,14.148192771084338,-31.69,3.22,1,1,0,0
AC_172,4,G2,22R,AC_107,4,129,TRUE,2022-10-17,2022-10-21,2023-04-28,193,189,2023-05-12,14,,,,,,19.11,X,5,0,12,17,5,2.4,12,1.925833333,,,53.102,3.32,15.994578313253012,-31.51,4.19,1,1,1,1
AC_172,6,G1,17L,AC_107,3,196,TRUE,2022-10-17,2022-10-21,2023-04-28,193,189,2023-04-28,0,,2023-04-28,0,,,0.57,-,1,0,2,2,1,2,2,1.655,15.4,2024-04-28,19.539,1.19,16.419327731092437,,,1,1,1,1
AC_172,6,G1,20L,AC_107,4,199,TRUE,2022-10-17,2022-10-21,2023-04-28,193,189,2023-04-28,0,,2023-04-28,,,,,-,1,1,5,5,2,5,10,0.934,,,,,,-31.55,2.28,1,1,1,1
AC_172,7,G2,6L,AC_107,2,220,TRUE,2022-10-17,2022-10-21,2023-04-28,193,189,2023-04-28,0,,,,,,,X,0,0,0,0,0,,0,,,,,,,,,1,0,0,0
AC_178,1,G1,20R,AC_102,3,20,TRUE,2022-10-17,2022-10-21,2023-04-28,193,189,2023-05-12,14,,2023-04-28,,,,2.77,-,4,0,17,18,4,4.25,17,1.430833333,20.833,2023-04-28,18.762,0.93,20.174193548387095,,,1,1,1,1
AC_178,1,G1,24R,AC_102,5,24,TRUE,2022-10-17,2022-10-21,2023-04-28,193,189,2023-05-26,28,,,,1,,39.96,-,7,0,43,60,7,6.142857143,43,1.062424242,,,,,,-31.81,3.64,1,1,1,1
AC_178,4,G2,5L,AC_102,4,112,TRUE,2022-10-17,2022-10-21,2023-04-28,193,189,2023-05-12,14,,,0,,,6.72,X,3,0,3,4,3,1,3,1.13,21.616,2023-04-28,63.604,3.19,19.93855799373041,-31.49,1.28,1,1,1,1
AC_178,5,G2,5R,AC_102,5,148,TRUE,2022-10-17,2022-10-21,2023-04-28,193,189,2023-05-26,28,,2023-04-28,2,1,,13.18,X,11,0,12,43,11,1.090909091,12,1.425833333,20.448,2023-04-28,,,,-29.94,3.09,1,1,1,1
AC_178,7,G2,29L,AC_102,4,243,TRUE,2022-10-17,2022-10-21,2023-04-28,193,189,2023-04-28,0,,,,,,2,X,0,3,0,0,3,,,,,,,,,-31.4,0.74,1,1,0,0
AC_179,1,G1,11L,AC_195,3,11,TRUE,2022-10-17,2022-10-21,2023-04-28,193,189,2023-05-26,28,,2023-04-28,,1,,9.12,-,6,0,13,17,6,2.166666667,13,2.008333333,16.658,2023-04-28,31.192,2.04,15.290196078431372,-32.04,2.86,1,1,1,1
AC_179,3,G2,27R,AC_195,5,99,TRUE,2022-10-17,2022-10-21,2023-04-28,193,189,2023-05-26,28,,2023-04-28,,,,10.62,X,2,0,1,2,2,0.5,1,3.3,18.259,2023-04-28,,,,-32.14,3.09,1,1,1,1
AC_179,4,G1,6L,AC_195,4,113,TRUE,2022-10-17,2022-10-21,2023-04-28,193,189,2023-05-26,28,,2023-04-28,2,,,16.23,-,6,1,9,16,7,1.5,10.5,2.4125,23.516,2023-04-28,44.909,2.7,16.63296296296296,-30.68,0.74,1,1,1,1
AC_179,4,G2,32L,AC_195,5,139,TRUE,2022-10-17,2022-10-21,2023-04-14,179,175,2023-05-12,28,,2023-04-28,,,,,X,5,3,2,7,8,0.4,3.2,2.115,,,,,,-32.22,3.97,1,1,1,1
AC_179,7,G1,10R,AC_195,5,224,TRUE,2022-10-17,2022-10-21,2023-04-28,193,189,2023-05-12,14,,2023-04-28,3,,,,-,5,1,14,22,6,2.8,16.8,1.011538462,17.588,2024-04-28,64.726,3.65,17.733150684931505,,,1,1,1,1
AC_179,9,G2,29R,AC_195,1,315,TRUE,2022-10-17,2022-10-21,2023-04-28,193,189,2023-05-12,14,,2023-04-28,0,,,,X,0,2,0,0,2,,,,14.788,2023-04-28,,,,,,1,1,0,0
AC_181,1,G2,34R,AC_096,2,34,TRUE,2022-10-17,2022-10-21,2023-04-14,179,175,2023-05-26,42,,2023-04-14,,,,52.91,X,13,6,30,54,19,2.307692308,43.84615385,1.874333333,20.55,2023-04-14,,,,-31.98,3.95,1,1,1,1
AC_181,2,G1,21L,AC_096,1,57,TRUE,2022-10-17,2022-10-21,2023-04-28,193,189,2023-04-28,0,,2023-04-28,,,,,-,1,0,2,2,1,2,2,0.975,17.605,2023-04-28,26.43,1.63,16.21472392638037,,,1,1,1,1
AC_181,3,G1,25L,AC_096,5,97,TRUE,2022-10-17,2022-10-21,2023-04-28,193,189,2023-04-28,0,,2023-04-28,,,,,-,2,0,3,4,2,1.5,3,1.603333333,,,39.265,2.74,14.330291970802918,,,1,1,1,1
AC_181,3,G2,8R,AC_096,3,80,TRUE,2022-10-17,2022-10-21,2023-04-28,193,189,2023-05-12,14,,2023-04-28,,,,,X,1,0,0,0,1,0,0,,17.56,2023-04-28,69.9,4.02,17.38805970149254,,,1,1,1,0
AC_181,5,G2,25L,AC_096,2,168,TRUE,2022-10-17,2022-10-21,2023-05-12,207,203,2023-05-12,0,,,,,,1.96,X,0,2,0,0,2,,,,,,,,,-31.27,1.28,1,1,0,0
AC_182,2,G1,33R,AC_169,2,69,TRUE,2022-10-17,2022-10-21,2023-04-28,193,189,2023-05-12,14,,,,,,10.52,-,3,2,4,4,5,1.333333333,6.666666667,1.0225,,,,,,-33.58,4.43,1,1,1,1
AC_182,5,G2,21R,AC_169,1,164,TRUE,2022-10-17,2022-10-21,2023-05-12,207,203,2023-05-12,0,,,0,,,14.73,X,3,2,1,11,5,0.3333333333,1.666666667,3.86,19.796,2023-04-28,,,,-32.02,3.48,1,1,1,1
AC_182,6,G1,33R,AC_169,3,212,TRUE,2022-10-17,2022-10-21,2023-04-14,179,175,2023-04-28,14,,2023-04-14,0,,,2.56,-,0,4,0,0,4,,,,15.075,2023-04-14,,,,,,1,1,0,0
AC_182,6,G2,27L,AC_169,2,206,TRUE,2022-10-17,2022-10-21,2023-04-28,193,189,2023-05-12,14,,,,,,10.41,X,2,1,7,7,3,3.5,10.5,2.327142857,,,15.14,1.03,14.699029126213592,-32.12,2.59,1,1,1,1
AC_182,8,G1,35R,AC_169,5,285,TRUE,2022-10-17,2022-10-21,2023-04-28,193,189,2023-04-28,0,,,0,,,2.74,-,2,0,0,2,2,0,0,,,,,,,-31.38,1.65,1,1,1,0
AC_182,9,G2,1L,AC_169,4,287,TRUE,2022-10-17,2022-10-21,2023-05-12,207,203,2023-06-08,27,,2023-05-26,1,2,,27.38,X,5,0,6,8,5,1.2,6,2.983333333,22.107,2023-05-12,52.944,3.28,16.14146341463415,-30.67,1.77,1,1,1,1
AC_185,3,G2,14R,AC_170,2,86,TRUE,2022-10-17,2022-10-21,2023-04-28,193,189,2023-05-12,14,,2023-04-28,,,,13.63,X,5,2,7,9,7,1.4,9.8,1.647142857,20.646,2023-04-28,,,,-31.87,2.67,1,1,1,1
AC_185,5,G1,29L,AC_170,4,172,TRUE,2022-10-17,2022-10-21,2023-05-12,207,203,2023-05-12,0,,,,,,3.33,-,1,1,4,4,2,4,8,1.425,,,,,,-32.04,2.12,1,1,1,1
AC_185,6,G1,7L,AC_170,3,186,TRUE,2022-10-17,2022-10-21,2023-04-28,193,189,2023-05-26,28,,2023-04-28,2,,,14.76,-,6,0,14,28,6,2.333333333,14,1.04225,18.903,2024-04-28,,,,-31.33,3.57,1,1,1,1
AC_185,8,G2,9L,AC_170,4,259,TRUE,2022-10-17,2022-10-21,2023-04-28,193,189,2023-05-12,14,,2023-04-28,4,,,15.58,X,5,5,14,19,10,2.8,28,0.7978571429,18.607,2024-04-28,39.391,2.44,16.143852459016394,-32.41,2.42,1,1,1,1
AC_186,3,G1,25R,AC_160,4,97,TRUE,2022-10-17,2022-10-21,2023-04-28,193,189,2023-06-08,41,,,,,1,36.52,-,4,4,8,28,8,2,16,1.88875,,,35.687,2.61,13.673180076628352,-31.33,5.13,1,1,1,1
AC_186,4,G1,9R,AC_160,2,116,TRUE,2022-10-17,2022-10-21,2023-04-28,193,189,2023-05-12,14,,2023-04-28,,,,18.24,-,4,1,15,21,5,3.75,18.75,1.302666667,19.268,2023-04-28,73.917,5.94,12.443939393939393,-31.91,4.13,1,1,1,1
AC_186,6,G2,29R,AC_160,1,208,TRUE,2022-10-17,2022-10-21,2023-04-28,193,189,2023-05-12,14,,,,,,2.36,X,2,1,4,7,3,2,6,0.5325,,,,,,-31.99,1.1,1,1,1,1
AC_186,8,G1,6R,AC_160,2,256,TRUE,2022-10-17,2022-10-21,2023-04-28,193,189,2023-05-12,14,,2023-04-28,2,,,17.03,-,5,1,18,19,6,3.6,21.6,1.032777778,19.318,2024-04-28,,,,-30.67,1.47,1,1,1,1
AC_186,9,G2,26R,AC_160,1,312,TRUE,2022-10-17,2022-10-21,2023-05-12,207,203,2023-05-12,0,,,1,,,,X,0,1,0,0,1,,,,,,,,,,,1,1,0,0
AC_187,2,G1,33L,AC_007,4,69,TRUE,2022-10-17,2022-10-21,2023-04-28,193,189,2023-05-12,14,,,,,,13.87,-,3,4,20,20,7,6.666666667,46.66666667,1.2685,,,,,,-32.66,2.63,1,1,1,1
AC_187,3,G1,9R,AC_007,1,81,TRUE,2022-10-17,2022-10-21,2023-04-28,193,189,2023-05-12,14,,2023-04-28,,,,15.64,-,4,3,5,18,7,1.25,8.75,1.556,23.112,2023-04-28,31.226,2.63,11.873003802281369,-31.93,3.86,1,1,1,1
AC_187,4,G2,1R,AC_007,4,108,TRUE,2022-10-17,2022-10-21,2023-05-12,207,203,2023-05-12,0,,,,,,11.26,X,3,0,0,0,3,0,0,,21.676,2023-05-12,53.821,4.47,12.040492170022372,-32.37,1.21,1,1,1,0
AC_187,6,G1,8L,AC_007,2,187,TRUE,2022-10-17,2022-10-21,2023-04-28,193,189,2023-05-26,28,,2023-04-28,2,,,13.46,-,8,1,26,32,9,3.25,29.25,1.747692308,20.785,2024-04-28,,,,-32.04,4.1,1,1,1,1
AC_187,6,G2,10L,AC_007,4,189,TRUE,2022-10-17,2022-10-21,2023-04-28,193,189,2023-05-12,14,,2023-04-28,1,,,6.91,X,2,2,14,14,4,7,28,1.065,,,47.703,2.86,16.67937062937063,-30.82,4.02,1,1,1,1
AC_187,7,G2,4L,AC_007,2,218,TRUE,2022-10-17,2022-10-21,,,,,,,,,,,1.95,X,0,0,0,0,0,,0,,,,,,,,,0,0,0,0
AC_188,1,G1,21L,AC_008,4,21,TRUE,2022-10-17,2022-10-21,2023-04-28,193,189,2023-05-12,14,,2023-04-28,,,,,-,3,0,10,10,3,3.333333333,10,1.389761905,,,,,,-32.93,3.48,1,1,1,1
AC_188,1,G2,12R,AC_008,2,12,TRUE,2022-10-17,2022-10-21,2023-04-28,193,189,2023-05-26,28,,2023-04-28,,1,,33.68,X,11,0,27,48,11,2.454545455,27,1.881772727,19.641,2023-04-28,55.876,3.28,17.035365853658536,-31.24,5.05,1,1,1,1
AC_188,5,G2,7R,AC_008,2,150,TRUE,2022-10-17,2022-10-21,,,,,,,,,,,0.43,X,0,0,0,0,0,,0,,17.873,2023-04-28,19.092,1.63,11.712883435582823,,,0,0,0,0
AC_188,9,G2,32L,AC_008,5,318,TRUE,2022-10-17,2022-10-21,2023-05-12,207,203,2023-05-12,0,,,,,,1.38,X,0,1,0,0,1,,,,,,,,,,,1,1,0,0
AC_189,1,G1,28L,AC_091,2,28,TRUE,2022-10-17,2022-10-21,2023-04-28,193,189,2023-05-12,14,,2023-04-28,,,,23.38,-,3,0,11,15,3,3.666666667,11,1.678333333,,,,,,-32.15,2.24,1,1,1,1
AC_189,1,G2,3L,AC_091,5,3,TRUE,2022-10-17,2022-10-21,2023-04-28,193,189,2023-05-12,14,,2023-05-12,,,,7.84,X,4,0,6,11,4,1.5,6,0.77,18.132,2023-04-28,53.101,2.86,18.566783216783218,-32.94,3.02,1,1,1,1
AC_189,6,G1,24R,AC_091,3,203,TRUE,2022-10-17,2022-10-21,2023-04-28,193,189,2023-05-12,14,,,0,,,10.48,-,1,4,0,3,5,0,0,,,,54.109,4.7,11.512553191489362,-30.64,5.3,1,1,1,0
AC_189,7,G2,14R,AC_091,1,228,TRUE,2022-10-17,2022-10-21,2023-04-28,193,189,2023-04-28,0,,,,,,3.13,X,1,0,0,3,1,0,0,,,,,,,,,1,1,1,0
AC_189,7,G2,28R,AC_091,2,242,TRUE,2022-10-17,2022-10-21,2023-04-28,193,189,2023-06-09,42,,2023-06-09,,,,,X,1,1,10,12,2,10,20,0.957,17.462,2023-04-14,,,,-30.19,2.64,1,1,1,1
AC_189,8,G1,22R,AC_091,3,272,TRUE,2022-10-17,2022-10-21,2023-04-28,193,189,2023-04-28,0,,2023-04-28,0,,,4.86,-,0,1,0,0,1,,,,17.514,2024-04-28,28.44,2.79,10.193548387096774,-30.53,2.07,1,1,0,0
AC_190,2,G2,14L,AC_015,4,50,TRUE,2022-10-17,2022-10-21,2023-04-28,193,189,2023-05-12,14,,2023-04-28,,,,8.63,X,6,7,40,40,13,6.666666667,86.66666667,1.784666667,20.837,2023-04-28,,,,-31.05,2.9,1,1,1,1
AC_190,3,G1,22R,AC_015,1,94,TRUE,2022-10-17,2022-10-21,2023-04-28,193,189,2023-05-26,28,,2023-04-28,,,,,-,6,0,23,29,6,3.833333333,23,2.029130435,,,66.749,4.15,16.084096385542168,,,1,1,1,1
AC_190,3,G1,34R,AC_015,5,106,TRUE,2022-10-17,2022-10-21,,,,,,,,,,,11.4,-,0,2,0,0,2,,,,,,,,,-31.16,3.32,0,1,0,0
AC_190,3,G1,3R,AC_015,2,75,TRUE,2022-10-17,2022-10-21,2023-05-12,207,203,2023-05-12,0,,2023-05-12,,,,,-,1,0,0,0,1,0,0,,,,36.797,2.23,16.500896860986547,,,1,1,1,0
AC_190,3,G2,10R,AC_015,4,82,TRUE,2022-10-17,2022-10-21,2023-04-28,193,189,2023-05-12,14,,2023-04-28,,,,16.2,X,6,1,19,42,7,3.166666667,22.16666667,0.5852631579,21.916,2023-04-28,,,,-31.36,3.24,1,1,1,1
AC_190,4,G2,32R,AC_015,1,139,TRUE,2022-10-17,2022-10-21,2023-04-14,179,175,2023-05-12,28,,2023-04-14,,,,6.35,X,2,1,5,6,3,2.5,7.5,2.146,,,,,,-32.19,2.71,1,1,1,1
AC_191,1,G2,2R,AC_102,5,2,TRUE,2022-10-17,2022-10-21,2023-05-12,207,203,2023-05-12,0,,2023-05-12,,,,,X,0,0,0,0,0,,0,,22.178,2023-05-12,73.723,2.76,26.711231884057973,-31.42,1.8,1,0,0,0
AC_191,3,G1,29L,AC_102,2,101,TRUE,2022-10-17,2022-10-21,,,,,,,,,,,,-,0,1,0,0,1,,,,,,21.635,1.15,18.813043478260873,,,0,1,0,0
AC_191,7,G2,3L,AC_102,5,217,TRUE,2022-10-17,2022-10-21,2023-04-28,193,189,2023-05-26,28,2023-06-09,2023-04-28,3,1,,16.2,X,9,0,5,15,9,0.5555555556,5,1.37,20.234,2024-04-28,7.54,0.33,22.848484848484848,-32.19,2.87,1,1,1,1
AC_191,8,G2,2R,AC_102,1,252,TRUE,2022-10-17,2022-10-21,2023-04-28,193,189,2023-05-26,28,,2023-04-28,3,,,,X,12,0,16,38,12,1.333333333,16,1.505714286,21.249,2024-04-28,55.731,3.34,16.685928143712577,-31.69,4.34,1,1,1,1
AC_192,1,G2,11R,AC_159,1,11,TRUE,2022-10-17,2022-10-21,2023-05-12,207,203,2023-05-12,0,,,,,,4.26,X,3,1,9,10,4,3,12,1.595555556,16.547,2023-04-28,44.921,2.96,15.176013513513514,-31.55,1.9,1,1,1,1
AC_192,5,G2,20L,AC_159,4,163,TRUE,2022-10-17,2022-10-21,2023-04-28,193,189,2023-05-12,14,,2023-04-28,2,,,18.6,X,4,0,5,20,4,1.25,5,1.41875,17.854,2023-04-28,35.998,1.57,22.928662420382164,-31.79,4.24,1,1,1,1
AC_192,5,G2,24L,AC_159,4,167,TRUE,2022-10-17,2022-10-21,2023-04-28,193,189,2023-05-26,28,,,2,1,,23.11,X,1,1,3,3,2,3,6,2.533333333,,,,,,-31.13,4.08,1,1,1,1
AC_193,2,G2,12R,AC_195,5,48,TRUE,2022-10-17,2022-10-21,2023-05-12,207,203,2023-05-26,14,,,,,,51.14,X,1,0,0,1,1,0,0,,25.027,2023-04-28,58.074,4.65,12.489032258064515,-31.42,4.39,1,1,1,0
AC_193,6,G1,22R,AC_195,3,201,TRUE,2022-10-17,2022-10-21,2023-04-28,193,189,2023-05-12,14,,,0,,,3.39,-,0,1,0,0,1,,,,,,40.421,3.36,12.030059523809523,,,1,1,0,0
AC_193,8,G2,1L,AC_195,1,251,TRUE,2022-10-17,2022-10-21,2023-05-12,207,203,2023-05-12,0,,2023-05-12,1,,,1.56,X,1,0,0,4,1,0,0,,19.38,2023-05-12,57.105,3.27,17.463302752293576,,,1,1,1,0
AC_193,9,G1,28R,AC_195,3,314,TRUE,2022-10-17,2022-10-21,2023-04-28,193,189,2023-05-12,14,,,0,,,13.14,-,1,4,1,4,5,1,5,1.47,,,,,,-30.51,2,1,1,1,1
AC_195,1,G2,13R,AC_068,5,13,TRUE,2022-10-17,2022-10-21,2023-04-28,193,189,2023-05-12,14,,2023-04-28,,,,60.42,X,14,1,59,66,15,4.214285714,63.21428571,1.6227,18.37,2023-04-28,53.057,3.06,17.33888888888889,-31.71,4.07,1,1,1,1
AC_195,4,G2,21R,AC_068,4,128,TRUE,2022-10-17,2022-10-21,2023-04-28,193,189,2023-05-26,28,,,,,,7.51,X,4,2,6,16,6,1.5,9,0.72,,,55.276,,,-31.37,3.02,1,1,1,1
AC_195,5,G1,4R,AC_068,5,147,TRUE,2022-10-17,2022-10-21,2023-04-28,193,189,2023-05-12,14,,2023-04-28,1,,,18.3,-,6,2,31,42,8,5.166666667,41.33333333,1.111666667,17.389,2023-04-28,,,,-31.57,3.48,1,1,1,1
AC_197,2,G1,26R,AC_015,4,62,TRUE,2022-10-17,2022-10-21,2023-04-14,179,175,2023-05-12,28,,2023-04-14,,,,25.08,-,6,3,20,46,9,3.333333333,30,2.3190625,20.06,2023-04-14,48.299,3.84,12.577864583333334,-32.62,5.28,1,1,1,1
AC_197,3,G1,32R,AC_015,4,104,TRUE,2022-10-17,2022-10-21,2023-04-28,193,189,2023-04-28,0,,,,,,,-,1,1,2,4,2,2,4,1.37,,,,,,-31.28,2.77,1,1,1,1
AC_197,3,G2,4L,AC_015,2,76,TRUE,2022-10-17,2022-10-21,2023-05-12,207,203,2023-05-26,14,,,,,,10.12,X,4,2,7,10,6,1.75,10.5,1.59,19.199,2023-04-28,41.361,3.06,13.516666666666666,-32,3.49,1,1,1,1
AC_197,3,G2,5L,AC_015,1,77,TRUE,2022-10-17,2022-10-21,2023-04-28,193,189,2023-05-12,14,,,,,,,X,4,1,10,11,5,2.5,12.5,1.897,,,63.911,5.11,12.507045009784735,-31.64,3.08,1,1,1,1
AC_197,6,G2,14L,AC_015,1,193,TRUE,2022-10-17,2022-10-21,2023-04-28,193,189,2023-05-12,14,,2023-04-28,1,,,10.4,X,2,4,0,5,6,0,0,,17.594,2024-04-28,13.538,0.78,17.356410256410257,-31.7,2.32,1,1,1,0
AC_199,1,G2,16L,AC_165,3,16,TRUE,2022-10-17,2022-10-21,2023-05-12,207,203,2023-05-12,0,,2023-05-12,,,,8.85,X,4,0,11,14,4,2.75,11,1.258181818,18.992,2023-05-12,,,,-32.78,3.85,1,1,1,1
AC_199,3,G1,21R,AC_165,5,93,TRUE,2022-10-17,2022-10-21,2023-04-28,193,189,2023-05-12,14,,2023-04-28,,,,,-,4,4,17,21,8,4.25,34,0.7058823529,18.548,2023-04-28,29.799,2.28,13.069736842105264,,,1,1,1,1
AC_199,3,G1,23R,AC_165,1,95,TRUE,2022-10-17,2022-10-21,2023-04-28,193,189,2023-04-28,0,,2023-04-28,,,,,-,1,0,1,1,1,1,1,3.75,,,,,,,,1,1,1,1
AC_199,6,G2,21R,AC_165,5,200,TRUE,2022-10-17,2022-10-21,2023-04-28,193,189,2023-04-28,0,,,0,,,3.86,X,2,0,0,3,2,0,0,,19.35,2024-04-28,28.949,1.9,15.236315789473686,,,1,1,1,0
AC_199,7,G2,8R,AC_165,4,222,TRUE,2022-10-17,2022-10-21,2023-04-28,193,189,2023-05-12,14,,2023-04-28,3,,,32.03,X,4,2,6,21,6,1.5,9,0.8116666667,22.801,2024-04-28,72.592,5.2,13.959999999999999,-31.09,4.54,1,1,1,1
AC_199,9,G1,20L,AC_165,2,306,TRUE,2022-10-17,2022-10-21,2023-04-28,193,189,2023-05-12,14,,,1,,,12.97,-,1,3,0,3,4,0,0,,17.191,2023-04-28,,,,-30.39,4.88,1,1,1,0
AC_200,2,G2,31L,AC_150,2,67,TRUE,2022-10-17,2022-10-21,2023-04-28,193,189,2023-05-12,14,,,,,,14.39,X,2,2,5,9,4,2.5,10,0.612,18.683,2023-04-14,16.093,0.79,20.370886075949365,-32.7,4.06,1,1,1,1
AC_200,5,G1,2L,AC_150,5,145,TRUE,2022-10-17,2022-10-21,2023-05-12,207,203,2023-05-12,0,,2023-05-12,2,,,5.34,-,3,0,0,6,3,0,0,,17.141,2023-05-12,74.308,3.22,23.077018633540373,-31.59,2.26,1,1,1,0
AC_200,7,G2,11R,AC_150,3,225,TRUE,2022-10-17,2022-10-21,2023-04-28,193,189,2023-05-12,14,2023-06-09,,2,,,28.96,X,8,0,35,45,8,4.375,35,1.491583333,19.125,2024-04-28,15.838,0.72,21.997222222222224,-30.35,4.52,1,1,1,1
AC_200,8,G1,36R,AC_150,2,286,TRUE,2022-10-17,2022-10-21,2023-04-28,193,189,2023-05-26,28,,2023-04-28,5,1,,28.86,-,6,5,24,35,11,4,44,1.469318182,16.136,2024-04-28,49.031,2.84,17.26443661971831,-31.14,2.78,1,1,1,1
AC_201,1,G2,27R,AC_103,1,27,TRUE,2022-10-17,2022-10-21,2023-04-28,193,189,2023-04-28,0,,2023-04-28,,,,3.4,X,0,2,0,0,2,,,,19.008,2023-04-28,,,,-32.61,1.06,1,1,0,0
AC_201,4,G1,5R,AC_103,2,112,TRUE,2022-10-17,2022-10-21,2023-04-28,193,189,2023-05-26,28,,2023-05-12,3,1,,30.03,-,10,3,9,41,13,0.9,11.7,1.543333333,20.058,2023-04-28,45.36,2.95,15.376271186440677,-31.39,1.18,1,1,1,1
AC_201,7,G1,4R,AC_103,5,218,TRUE,2022-10-17,2022-10-21,2023-04-28,193,189,2023-05-12,14,,,,,,,-,5,0,3,8,5,0.6,3,1.59,19.927,2023-05-12,26.947,1.87,14.410160427807485,-32.22,2.26,1,1,1,1
AC_201,9,G1,6L,AC_103,3,292,TRUE,2022-10-17,2022-10-21,2023-04-28,193,189,2023-05-12,14,,2023-04-28,1,,,,-,3,7,0,7,10,0,0,,20.31,2023-04-28,18.423,1.61,11.442857142857141,-31,2.23,1,1,1,0
AC_201,9,G2,33R,AC_103,1,319,TRUE,2022-10-17,2022-10-21,,,,,,,,,,,6.62,X,0,1,0,0,1,,,,,,,,,,,0,1,0,0
AC_203,2,G1,3R,AC_170,5,39,TRUE,2022-10-17,2022-10-21,,,,,,,,,,,2.48,-,0,0,0,0,0,,0,,,,49.019,3.46,14.167341040462427,,,0,0,0,0
AC_203,2,G2,31R,AC_170,5,67,TRUE,2022-10-17,2022-10-21,2023-04-28,193,189,2023-05-12,14,,,,,,,X,4,3,19,20,7,4.75,33.25,1.950526316,15.241,2023-05-26,21.081,1.61,13.093788819875776,,,1,1,1,1
AC_203,4,G1,20L,AC_170,1,127,TRUE,2022-10-17,2022-10-21,2023-04-28,193,189,2023-05-12,14,,2023-04-28,,,,12.76,-,4,2,10,10,6,2.5,15,1.865,17.392,2023-04-28,81.576,4.98,16.38072289156626,-32.28,3.42,1,1,1,1
AC_203,4,G1,29L,AC_170,3,136,TRUE,2022-10-17,2022-10-21,,,,,,,,,,,,-,0,0,0,0,0,,0,,,,,,,,,0,0,0,0
AC_204,1,G1,5L,AC_091,5,5,TRUE,2022-10-17,2022-10-21,2023-04-28,193,189,2023-05-12,14,,2023-04-28,,,,30.95,-,6,2,19,36,8,3.166666667,25.33333333,1.049294872,23.881,2023-04-28,62.23,3.65,17.04931506849315,-31.66,4.7,1,1,1,1
AC_204,4,G1,30R,AC_091,4,137,TRUE,2022-10-17,2022-10-21,2023-04-28,193,189,2023-04-28,0,,,,,,5.05,-,0,4,0,0,4,,,,,,,,,-31.18,2.47,1,1,0,0
AC_204,4,G2,11R,AC_091,3,118,TRUE,2022-10-17,2022-10-21,2023-04-28,193,189,2023-05-26,28,,,,,,,X,8,2,3,22,10,0.375,3.75,1.8375,24.587,2023-04-28,44.169,2.28,19.37236842105263,,,1,1,1,1
AC_204,5,G2,22R,AC_091,3,165,TRUE,2022-10-17,2022-10-21,2023-04-28,193,189,2023-05-12,14,,2023-04-28,0,,,2.33,X,0,1,0,0,1,,,,15.367,2023-04-28,45.941,2.35,19.54936170212766,-31.25,0.83,1,1,0,0
AC_204,7,G2,9R,AC_091,4,223,TRUE,2022-10-17,2022-10-21,2023-04-28,193,189,2023-05-12,14,,,0,,,13.86,X,1,0,0,2,1,0,0,,25.313,2024-04-28,57.483,4.86,11.827777777777776,-31.63,4.44,1,1,1,0
AC_204,8,G1,11L,AC_091,4,261,TRUE,2022-10-17,2022-10-21,2023-04-28,193,189,2023-05-12,14,,2023-04-28,3,,,37.5,-,6,4,8,21,10,1.333333333,13.33333333,1.53,23.311,2024-04-28,,,,-31.59,1.19,1,1,1,1
AC_205,2,G1,7L,AC_064,1,43,TRUE,2022-10-17,2022-10-21,2023-04-28,193,189,2023-05-12,14,,,,,,14.44,-,4,0,10,10,4,2.5,10,1.831,,,55.457,4.22,13.141469194312798,-31.99,4.09,1,1,1,1
AC_205,2,G1,8L,AC_064,5,44,TRUE,2022-10-17,2022-10-21,2023-04-28,193,189,2023-04-28,0,,,,,,0.8,-,0,0,0,0,0,,0,,,,51.12,4.42,11.565610859728507,,,1,0,0,0
AC_205,2,G2,35L,AC_064,4,71,TRUE,2022-10-17,2022-10-21,2023-04-28,193,189,2023-05-26,28,,2023-05-26,,1,,172.2,X,16,3,32,72,19,2,38,2.2780625,16.989,2023-04-14,20.234,1.37,14.76934306569343,-31.52,3,1,1,1,1
AC_205,5,G1,36L,AC_064,1,179,TRUE,2022-10-17,2022-10-21,2023-04-14,179,175,2023-05-12,28,,2023-04-14,0,,,15.81,-,4,3,5,12,7,1.25,8.75,2.496,16.701,2023-04-14,46.76,2.46,19.008130081300813,-32.07,2.44,1,1,1,1
AC_205,5,G2,20R,AC_064,2,163,TRUE,2022-10-17,2022-10-21,2023-04-28,193,189,2023-05-26,28,,2023-04-28,4,2,,88.71,X,3,1,1,2,4,0.3333333333,1.333333333,4.55,,,76.015,4.12,18.450242718446603,-30.87,2.4,1,1,1,1
AC_206,2,G2,2L,AC_165,5,38,TRUE,2022-10-17,2022-10-21,2023-04-28,193,189,2023-05-12,14,,2023-04-28,,,,4.11,X,1,0,3,3,1,3,3,1.49,15.668,2023-04-28,37.731,1.79,21.07877094972067,-32.18,1.71,1,1,1,1
AC_206,3,G2,22L,AC_165,1,94,TRUE,2022-10-17,2022-10-21,2023-04-28,193,189,2023-04-28,0,,,,,,,X,0,0,0,0,0,,0,,20.411,2023-04-28,33.619,2.8,12.006785714285716,,,1,0,0,0
AC_206,5,G1,8L,AC_165,5,151,TRUE,2022-10-17,2022-10-21,2023-04-28,193,189,2023-05-12,14,,2023-04-28,0,,,10.64,-,3,2,1,4,5,0.3333333333,1.666666667,3.98,20.323,2023-04-28,25.921,1.46,17.754109589041096,-31.18,4.82,1,1,1,1
AC_206,5,G2,27R,AC_165,1,170,TRUE,2022-10-17,2022-10-21,2023-04-28,193,189,2023-05-12,14,,,1,,,,X,1,1,0,1,2,0,0,,,,,,,,,1,1,1,0
AC_206,8,G1,17L,AC_165,4,267,TRUE,2022-10-17,2022-10-21,2023-04-28,193,189,2023-04-28,0,,2023-04-28,0,,,5.97,-,0,0,0,0,0,,0,,,,,,,-30.84,3.74,1,0,0,0
AC_206,8,G1,6L,AC_165,1,256,TRUE,2022-10-17,2022-10-21,2023-04-28,193,189,2023-05-12,14,,,1,,,3.36,-,2,0,12,16,2,6,12,0.9625,22.54,2024-04-28,45.604,3.56,12.810112359550562,-30.61,2.2,1,1,1,1
AC_208,1,G1,29R,AC_172,4,29,TRUE,2022-10-17,2022-10-21,,,,,,,,,,,2.42,-,0,2,0,0,2,,,,20.66,2023-04-28,26.614,1.66,16.03253012048193,-32.17,1.47,0,1,0,0
AC_208,4,G1,27L,AC_172,4,134,TRUE,2022-10-17,2022-10-21,2023-04-28,193,189,2023-04-28,0,,,,,,7.11,-,3,0,7,8,3,2.333333333,7,2.24,18.105,2023-04-14,29.19,1.99,14.668341708542714,-32.55,1.59,1,1,1,1
AC_208,5,G2,5L,AC_172,5,148,TRUE,2022-10-17,2022-10-21,2023-04-28,193,189,2023-05-12,14,,2023-05-12,1,,,3.05,X,2,0,4,5,2,2,4,2.436666667,13.482,2023-04-28,28.72,2.69,10.676579925650557,-31.7,0.91,1,1,1,1
AC_208,6,G2,26R,AC_172,1,205,TRUE,2022-10-17,2022-10-21,2023-04-28,193,189,2023-05-12,14,,,0,,,4.25,X,1,1,0,0,2,0,0,,,,,,,-30.88,1.05,1,1,1,0
AC_208,8,G2,25L,AC_172,4,275,TRUE,2022-10-17,2022-10-21,,,,,,,,,,,,X,3,0,4,11,3,1.333333333,4,2.275,,,,,,,,0,1,1,1
AC_208,9,G1,7R,AC_172,5,293,TRUE,2022-10-17,2022-10-21,2023-04-28,193,189,2023-05-12,14,,2023-04-28,1,,,1.69,-,0,1,0,0,1,,,,19.69,2023-04-28,,,,,,1,1,0,0
AC_211,3,G1,24R,AC_177,5,96,TRUE,2022-10-17,2022-10-21,2023-04-28,193,189,2023-04-28,0,,2023-04-28,,,,1.63,-,0,0,0,0,0,,0,,18.642,2023-04-28,52.634,3.81,13.814698162729659,,,1,0,0,0
AC_211,7,G2,35R,AC_177,1,249,TRUE,2022-10-17,2022-10-21,2023-04-14,179,175,2023-04-28,14,,2023-04-14,0,,,10.59,X,2,3,2,5,5,1,5,0.785,18.995,2023-04-14,45.408,3.1,14.647741935483872,-31.08,3.37,1,1,1,1
AC_211,7,G2,8L,AC_177,1,222,TRUE,2022-10-17,2022-10-21,2023-04-28,193,189,2023-05-26,28,,2023-04-28,1,1,,17.99,X,6,2,15,23,8,2.5,20,1.53,,,19.565,1.42,13.778169014084508,-31.3,2.9,1,1,1,1
AC_211,8,G1,8L,AC_177,1,258,TRUE,2022-10-17,2022-10-21,2023-04-28,193,189,2023-05-12,14,,2023-04-28,2,,,31.13,-,7,1,13,18,8,1.857142857,14.85714286,2.172916667,20.267,2024-04-28,69.425,5.14,13.506809338521402,-30.64,1.84,1,1,1,1
AC_211,9,G2,14R,AC_177,1,300,TRUE,2022-10-17,2022-10-21,2023-04-28,193,189,2023-04-28,0,,,0,,,6.01,X,0,3,0,0,3,,,,19.176,2023-04-28,26.982,1.51,17.86887417218543,-31.19,1.71,1,1,0,0
AC_212,1,G2,10L,AC_052,4,10,TRUE,2022-10-17,2022-10-21,2023-04-28,193,189,2023-05-26,28,,,,1,,16.29,X,9,1,6,8,10,0.6666666667,6.666666667,3.12375,21.352,2023-04-28,26.799,1.58,16.96139240506329,-32.19,5.26,1,1,1,1
AC_213,1,G2,20L,AC_161,3,20,TRUE,2022-10-17,2022-10-21,2023-05-12,207,203,2023-05-12,0,,2023-05-12,,,,,X,1,0,1,1,1,1,1,2.01,17.161,2023-05-12,,,,,,1,1,1,1
AC_213,3,G2,29R,AC_161,2,101,TRUE,2022-10-17,2022-10-21,2023-04-14,179,175,2023-04-28,14,,2023-04-14,,,,,X,1,3,2,4,4,2,8,1.52,16.671,2023-04-14,26.443,2.04,12.962254901960785,-31.64,2.71,1,1,1,1
AC_213,5,G1,17R,AC_161,4,160,TRUE,2022-10-17,2022-10-21,2023-05-12,207,203,2023-05-12,0,,,,,,,-,1,1,2,2,2,2,4,3.27,,,,,,,,1,1,1,1
AC_213,6,G2,15L,AC_161,3,194,TRUE,2022-10-17,2022-10-21,2023-04-28,193,189,2023-05-12,14,,2023-04-28,1,,,6.21,X,3,1,6,6,4,2,8,1.635,18.277,2024-04-28,60.542,4.16,14.553365384615384,-31.09,2.98,1,1,1,1
AC_215,1,G2,2L,AC_071,5,2,TRUE,2022-10-17,2022-10-21,2023-05-12,207,203,2023-05-12,0,,2023-05-12,,,,12.06,X,1,0,0,0,1,0,0,,21.664,2023-04-28,71.264,3.2,22.269999999999996,-32.2,2.19,1,1,1,0
AC_215,3,G1,19L,AC_071,2,91,TRUE,2022-10-17,2022-10-21,2023-04-28,193,189,2023-05-12,14,,2023-04-28,,,,11.55,-,6,3,12,20,9,2,18,1.81,,,36.622,2.91,12.58487972508591,-31.98,2.75,1,1,1,1
AC_215,3,G1,21L,AC_071,2,93,TRUE,2022-10-17,2022-10-21,2023-04-28,193,189,2023-05-26,28,,2023-04-28,,,,,-,9,1,16,24,10,1.777777778,17.77777778,2.113333333,,,49.967,2.9,17.23,-31.84,4.25,1,1,1,1
AC_215,3,G1,2L,AC_071,1,74,TRUE,2022-10-17,2022-10-21,2023-04-28,193,189,2023-05-12,14,,2023-05-12,,,,,-,0,0,0,0,0,,0,,18.926,2023-04-28,40.73,2.59,15.725868725868725,,,1,0,0,0
AC_215,5,G2,26L,AC_071,2,169,TRUE,2022-10-17,2022-10-21,2023-04-28,193,189,2023-05-12,14,,,1,,,,X,3,0,3,4,3,1,3,,,,,,,,,1,1,1,1
AC_216,2,G1,5R,AC_094,3,41,TRUE,2022-10-17,2022-10-21,2023-04-28,193,189,2023-05-26,28,,2023-04-28,,1,,49.29,-,15,6,35,63,21,2.333333333,49,2.055,22.885,2023-04-28,81.3,4.26,19.08450704225352,-31.74,3.07,1,1,1,1
AC_216,4,G1,29R,AC_094,5,136,TRUE,2022-10-17,2022-10-21,2023-04-14,179,175,2023-04-14,0,,,,,,8.13,-,1,1,1,1,2,1,2,3.94,,,31.586,1.93,16.36580310880829,-31.54,3.24,1,1,1,1
AC_216,5,G2,35L,AC_094,3,178,TRUE,2022-10-17,2022-10-21,2023-04-14,179,175,2023-05-12,28,,2023-04-14,1,,,34.52,X,0,0,0,0,0,,0,,16.721,2023-04-14,,,,-31,4.68,1,0,0,0
AC_216,7,G1,29R,AC_094,5,243,TRUE,2022-10-17,2022-10-21,2023-04-28,193,189,2023-05-12,14,,,1,,,4.14,-,3,3,9,10,6,3,18,1.476666667,17.76,2023-04-14,22.899,1.61,14.222981366459628,-30.43,1.95,1,1,1,1
AC_216,7,G2,13L,AC_094,2,227,TRUE,2022-10-17,2022-10-21,2023-04-28,193,189,2023-05-26,28,,2023-04-28,3,1,,61.79,X,12,0,5,9,12,0.4166666667,5,2.778,,,,,,-31.72,4.93,1,1,1,1
AC_216,7,G2,33L,AC_094,5,247,TRUE,2022-10-17,2022-10-21,2023-04-28,193,189,2023-05-12,14,,,0,,,3.29,X,0,2,0,0,2,,,,,,,,,-30.67,0.75,1,1,0,0
AC_217,2,G2,19R,AC_094,4,55,TRUE,2022-10-17,2022-10-21,2023-04-28,193,189,2023-05-12,14,,2023-04-28,,,,28.59,X,6,1,21,25,7,3.5,24.5,3.322777778,25.41,2023-04-28,56.913,3.96,14.371969696969696,-33.04,4.81,1,1,1,1
AC_217,5,G1,10L,AC_094,3,153,TRUE,2022-10-17,2022-10-21,2023-04-28,193,189,2023-05-12,14,,,0,,,4.3,-,1,2,0,2,3,0,0,,17.08,2023-04-28,55.028,4.03,13.654590570719602,-31.15,1.03,1,1,1,0
AC_217,7,G2,16L,AC_094,1,230,TRUE,2022-10-17,2022-10-21,2023-04-28,193,189,2023-05-12,14,,2023-04-28,1,,,28.6,X,7,2,10,22,9,1.428571429,12.85714286,2.543,20.372,2024-04-28,,,,-31.29,4.08,1,1,1,1
AC_217,9,G1,3L,AC_094,4,289,TRUE,2022-10-17,2022-10-21,2023-04-28,193,189,2023-05-12,14,,2023-04-28,3,,,33.19,-,7,1,17,21,8,2.428571429,19.42857143,0.81,19.326,2023-04-28,60.849,3.48,17.485344827586207,-30.75,2.64,1,1,1,1
AC_217,9,G2,22R,AC_094,4,308,TRUE,2022-10-17,2022-10-21,2023-04-28,193,189,2023-05-12,14,,2023-04-28,2,,,10.63,X,2,4,1,4,6,0.5,3,2.45,,,,,,-31.77,2.42,1,1,1,1
AC_218,1,G1,24L,AC_091,3,24,TRUE,2022-10-17,2022-10-21,2023-04-28,193,189,2023-05-26,28,,2023-04-28,,1,,29.66,-,2,0,3,3,2,1.5,3,2.463333333,18.695,2023-04-28,,,,-31.44,3.96,1,1,1,1
AC_218,7,G1,24L,AC_091,5,238,TRUE,2022-10-17,2022-10-21,2023-04-14,179,175,2023-05-12,28,,2023-04-14,1,,,,-,0,3,0,0,3,,,,18.439,2023-04-14,,,,-30.87,2.32,1,1,0,0
AC_218,8,G2,24L,AC_091,4,274,TRUE,2022-10-17,2022-10-21,2023-04-14,179,175,2023-05-12,28,,2023-04-14,2,,,19.68,X,0,3,0,0,3,,,,16.759,2023-04-14,27.846,2.39,11.651046025104602,-31.64,5.37,1,1,0,0
AC_218,8,G2,5R,AC_091,1,255,TRUE,2022-10-17,2022-10-21,2023-04-28,193,189,2023-05-26,28,,2023-04-28,,,,,X,12,0,12,33,12,1,12,1.486857143,,,,,,-30.22,2.29,1,1,1,1
AC_218,9,G1,2R,AC_091,3,288,TRUE,2022-10-17,2022-10-21,2023-05-12,207,203,2023-05-26,14,,2023-05-12,2,1,,22.07,-,2,0,5,14,2,2.5,5,0.742,23.282,2023-04-28,57.181,3.17,18.038170347003152,-31.05,3.01,1,1,1,1
AC_218,9,G2,15L,AC_091,1,301,TRUE,2022-10-17,2022-10-21,2023-04-28,193,189,2023-05-12,14,,2023-04-28,0,,,19.51,X,4,2,6,12,6,1.5,9,2.161666667,,,28.272,1.34,21.098507462686566,-31.24,3.96,1,1,1,1
