"cgPlaId","year","aph.bf1"
2918,2004,"bf1"
2918,2005,"bf1"
2918,2006,"bf2"
2918,2007,"bf2"
2918,2008,"bf1"
2918,2009,"bf3"
2918,2010,"0"
2918,2011,"0"
2918,2012,"0"
2918,2013,"0"
2919,2004,"bf1"
2919,2005,"bf1"
2919,2006,"bf1"
2919,2007,"bf2"
2919,2008,"bf2"
2919,2009,"bf2"
2919,2010,"bf1"
2919,2011,"bf1"
2919,2012,"bf1"
2919,2013,"bf1"
2920,2004,"bf1"
2920,2005,"0"
2920,2006,"0"
2920,2007,"0"
2920,2008,"0"
2920,2009,"0"
2920,2010,"0"
2920,2011,"0"
2920,2012,"0"
2920,2013,"0"
2922,2004,"bf1"
2922,2005,"bf1"
2922,2006,"bf1"
2922,2007,"bf2"
2922,2008,"bf1"
2922,2009,"bf3"
2922,2010,"bf2"
2922,2011,"bf1"
2922,2012,"bf1"
2922,2013,"bf1"
2923,2004,"bf1"
2923,2005,"bf1"
2923,2006,"bf1"
2923,2007,"bf2"
2923,2008,"bf2"
2923,2009,"bf1"
2923,2010,"bf1"
2923,2011,"0"
2923,2012,"0"
2923,2013,"0"
2924,2004,"bf1"
2924,2005,"bf1"
2924,2006,"bf1"
2924,2007,"bf2"
2924,2008,"bf2"
2924,2009,"bf1"
2924,2010,"bf3"
2924,2011,"bf1"
2924,2012,"bf1"
2924,2013,"bf1"
2925,2004,"bf1"
2925,2005,"bf1"
2925,2006,"bf1"
2925,2007,"bf0"
2925,2008,"0"
2925,2009,"0"
2925,2010,"0"
2925,2011,"0"
2925,2012,"0"
2925,2013,"0"
2926,2004,"bf1"
2926,2005,"bf1"
2926,2006,"bf2"
2926,2007,"bf2"
2926,2008,"bf1"
2926,2009,"bf2"
2926,2010,"bf2"
2926,2011,"bf1"
2926,2012,"bf1"
2926,2013,"bf0"
2927,2004,"bf1"
2927,2005,"bf1"
2927,2006,"bf3"
2927,2007,"bf2"
2927,2008,"bf3"
2927,2009,"bf1"
2927,2010,"bf2"
2927,2011,"bf1"
2927,2012,"bf1"
2927,2013,"bf1"
2928,2004,"bf1"
2928,2005,"bf1"
2928,2006,"bf2"
2928,2007,"bf1"
2928,2008,"0"
2928,2009,"0"
2928,2010,"0"
2928,2011,"0"
2928,2012,"0"
2928,2013,"0"
2929,2004,"bf1"
2929,2005,"bf1"
2929,2006,"bf1"
2929,2007,"bf2"
2929,2008,"bf2"
2929,2009,"bf1"
2929,2010,"bf2"
2929,2011,"bf1"
2929,2012,"bf1"
2929,2013,"bf1"
2930,2004,"0"
2930,2005,"0"
2930,2006,"0"
2930,2007,"0"
2930,2008,"0"
2930,2009,"0"
2930,2010,"0"
2930,2011,"0"
2930,2012,"0"
2930,2013,"0"
2931,2004,"bf1"
2931,2005,"bf1"
2931,2006,"bf1"
2931,2007,"bf1"
2931,2008,"bf1"
2931,2009,"bf1"
2931,2010,"bf1"
2931,2011,"bf1"
2931,2012,"bf1"
2931,2013,"bf1"
2932,2004,"bf1"
2932,2005,"bf2"
2932,2006,"bf1"
2932,2007,"bf2"
2932,2008,"bf3"
2932,2009,"bf2"
2932,2010,"0"
2932,2011,"0"
2932,2012,"0"
2932,2013,"0"
2933,2004,"bf1"
2933,2005,"bf1"
2933,2006,"bf1"
2933,2007,"bf2"
2933,2008,"bf2"
2933,2009,"bf1"
2933,2010,"bf3"
2933,2011,"bf1"
2933,2012,"bf1"
2933,2013,"bf1"
2934,2004,"bf1"
2934,2005,"bf2"
2934,2006,"bf2"
2934,2007,"bf2"
2934,2008,"bf2"
2934,2009,"bf1"
2934,2010,"bf3"
2934,2011,"bf0"
2934,2012,"bf1"
2934,2013,"bf1"
2935,2004,"bf2"
2935,2005,"bf2"
2935,2006,"bf2"
2935,2007,"bf1"
2935,2008,"bf2"
2935,2009,"bf3"
2935,2010,"bf3"
2935,2011,"bf1"
2935,2012,"bf1"
2935,2013,"bf0"
2936,2004,"bf1"
2936,2005,"bf2"
2936,2006,"bf1"
2936,2007,"bf2"
2936,2008,"bf1"
2936,2009,"bf1"
2936,2010,"bf3"
2936,2011,"bf1"
2936,2012,"bf2"
2936,2013,"bf1"
2937,2004,"bf1"
2937,2005,"bf2"
2937,2006,"bf1"
2937,2007,"bf2"
2937,2008,"bf2"
2937,2009,"bf2"
2937,2010,"bf3"
2937,2011,"bf1"
2937,2012,"bf3"
2937,2013,"bf0"
2938,2004,"bf1"
2938,2005,"bf2"
2938,2006,"bf2"
2938,2007,"bf3"
2938,2008,"bf3"
2938,2009,"bf2"
2938,2010,"bf3"
2938,2011,"bf1"
2938,2012,"bf3"
2938,2013,"bf1"
2939,2004,"bf1"
2939,2005,"bf2"
2939,2006,"bf1"
2939,2007,"bf2"
2939,2008,"bf2"
2939,2009,"bf2"
2939,2010,"bf3"
2939,2011,"bf1"
2939,2012,"bf2"
2939,2013,"bf1"
2940,2004,"bf1"
2940,2005,"bf2"
2940,2006,"bf2"
2940,2007,"bf2"
2940,2008,"bf2"
2940,2009,"bf2"
2940,2010,"bf3"
2940,2011,"bf1"
2940,2012,"bf1"
2940,2013,"bf1"
2941,2004,"bf1"
2941,2005,"bf1"
2941,2006,"bf3"
2941,2007,"bf2"
2941,2008,"0"
2941,2009,"0"
2941,2010,"0"
2941,2011,"0"
2941,2012,"0"
2941,2013,"0"
2942,2004,"bf1"
2942,2005,"bf1"
2942,2006,"bf2"
2942,2007,"bf1"
2942,2008,"0"
2942,2009,"0"
2942,2010,"0"
2942,2011,"0"
2942,2012,"0"
2942,2013,"0"
2943,2004,"bf2"
2943,2005,"bf2"
2943,2006,"bf3"
2943,2007,"bf2"
2943,2008,"bf2"
2943,2009,"bf3"
2943,2010,"bf2"
2943,2011,"bf1"
2943,2012,"bf1"
2943,2013,"bf1"
2944,2004,"bf1"
2944,2005,"bf1"
2944,2006,"bf0"
2944,2007,"bf2"
2944,2008,"0"
2944,2009,"0"
2944,2010,"0"
2944,2011,"0"
2944,2012,"0"
2944,2013,"0"
2945,2004,"bf2"
2945,2005,"bf2"
2945,2006,"bf2"
2945,2007,"bf3"
2945,2008,"0"
2945,2009,"0"
2945,2010,"0"
2945,2011,"0"
2945,2012,"0"
2945,2013,"0"
2946,2004,"bf2"
2946,2005,"bf0"
2946,2006,"bf2"
2946,2007,"bf2"
2946,2008,"0"
2946,2009,"0"
2946,2010,"0"
2946,2011,"0"
2946,2012,"0"
2946,2013,"0"
2947,2004,"bf2"
2947,2005,"bf2"
2947,2006,"bf2"
2947,2007,"bf2"
2947,2008,"0"
2947,2009,"0"
2947,2010,"0"
2947,2011,"0"
2947,2012,"0"
2947,2013,"0"
2948,2004,"bf1"
2948,2005,"bf1"
2948,2006,"bf2"
2948,2007,"bf3"
2948,2008,"bf2"
2948,2009,"bf2"
2948,2010,"bf1"
2948,2011,"bf1"
2948,2012,"bf2"
2948,2013,"bf1"
2949,2004,"bf1"
2949,2005,"bf1"
2949,2006,"bf2"
2949,2007,"bf2"
2949,2008,"bf1"
2949,2009,"bf2"
2949,2010,"bf2"
2949,2011,"bf1"
2949,2012,"bf3"
2949,2013,"bf1"
2950,2004,"bf1"
2950,2005,"bf1"
2950,2006,"bf2"
2950,2007,"bf1"
2950,2008,"0"
2950,2009,"0"
2950,2010,"0"
2950,2011,"0"
2950,2012,"0"
2950,2013,"0"
2951,2004,"0"
2951,2005,"0"
2951,2006,"0"
2951,2007,"0"
2951,2008,"0"
2951,2009,"0"
2951,2010,"0"
2951,2011,"0"
2951,2012,"0"
2951,2013,"0"
2952,2004,"bf2"
2952,2005,"bf2"
2952,2006,"bf2"
2952,2007,"bf2"
2952,2008,"0"
2952,2009,"0"
2952,2010,"0"
2952,2011,"0"
2952,2012,"0"
2952,2013,"0"
2953,2004,"bf2"
2953,2005,"bf1"
2953,2006,"bf2"
2953,2007,"bf2"
2953,2008,"bf1"
2953,2009,"bf1"
2953,2010,"bf2"
2953,2011,"bf1"
2953,2012,"bf3"
2953,2013,"bf1"
2954,2004,"bf2"
2954,2005,"bf1"
2954,2006,"bf2"
2954,2007,"bf2"
2954,2008,"0"
2954,2009,"0"
2954,2010,"0"
2954,2011,"0"
2954,2012,"0"
2954,2013,"0"
2955,2004,"bf3"
2955,2005,"bf2"
2955,2006,"bf2"
2955,2007,"bf3"
2955,2008,"bf3"
2955,2009,"bf3"
2955,2010,"bf3"
2955,2011,"bf1"
2955,2012,"bf3"
2955,2013,"bf1"
2956,2004,"bf2"
2956,2005,"bf0"
2956,2006,"bf2"
2956,2007,"bf1"
2956,2008,"bf2"
2956,2009,"bf2"
2956,2010,"bf3"
2956,2011,"bf1"
2956,2012,"bf3"
2956,2013,"bf1"
2957,2004,"bf1"
2957,2005,"bf0"
2957,2006,"bf2"
2957,2007,"bf2"
2957,2008,"bf2"
2957,2009,"bf1"
2957,2010,"bf3"
2957,2011,"bf1"
2957,2012,"0"
2957,2013,"0"
2958,2004,"bf2"
2958,2005,"bf2"
2958,2006,"bf2"
2958,2007,"bf2"
2958,2008,"0"
2958,2009,"0"
2958,2010,"0"
2958,2011,"0"
2958,2012,"0"
2958,2013,"0"
2959,2004,"bf2"
2959,2005,"bf1"
2959,2006,"bf2"
2959,2007,"bf2"
2959,2008,"0"
2959,2009,"0"
2959,2010,"0"
2959,2011,"0"
2959,2012,"0"
2959,2013,"0"
2960,2004,"bf2"
2960,2005,"bf2"
2960,2006,"bf2"
2960,2007,"bf2"
2960,2008,"bf1"
2960,2009,"bf1"
2960,2010,"bf1"
2960,2011,"bf1"
2960,2012,"bf1"
2960,2013,"0"
2961,2004,"0"
2961,2005,"0"
2961,2006,"0"
2961,2007,"0"
2961,2008,"0"
2961,2009,"0"
2961,2010,"0"
2961,2011,"0"
2961,2012,"0"
2961,2013,"0"
2962,2004,"bf1"
2962,2005,"bf2"
2962,2006,"bf2"
2962,2007,"bf2"
2962,2008,"0"
2962,2009,"0"
2962,2010,"0"
2962,2011,"0"
2962,2012,"0"
2962,2013,"0"
2963,2004,"bf1"
2963,2005,"bf1"
2963,2006,"bf1"
2963,2007,"bf2"
2963,2008,"bf1"
2963,2009,"bf1"
2963,2010,"bf2"
2963,2011,"bf1"
2963,2012,"bf1"
2963,2013,"bf1"
2964,2004,"bf1"
2964,2005,"bf2"
2964,2006,"bf3"
2964,2007,"bf2"
2964,2008,"0"
2964,2009,"0"
2964,2010,"0"
2964,2011,"0"
2964,2012,"0"
2964,2013,"0"
2965,2004,"bf1"
2965,2005,"bf1"
2965,2006,"bf2"
2965,2007,"bf3"
2965,2008,"0"
2965,2009,"0"
2965,2010,"0"
2965,2011,"0"
2965,2012,"0"
2965,2013,"0"
2966,2004,"bf2"
2966,2005,"bf1"
2966,2006,"bf3"
2966,2007,"bf2"
2966,2008,"bf1"
2966,2009,"bf2"
2966,2010,"bf2"
2966,2011,"bf1"
2966,2012,"bf1"
2966,2013,"0"
2967,2004,"bf1"
2967,2005,"bf2"
2967,2006,"bf2"
2967,2007,"bf2"
2967,2008,"bf1"
2967,2009,"bf1"
2967,2010,"bf2"
2967,2011,"bf1"
2967,2012,"bf1"
2967,2013,"0"
2968,2004,"bf1"
2968,2005,"bf2"
2968,2006,"bf3"
2968,2007,"bf2"
2968,2008,"bf1"
2968,2009,"bf1"
2968,2010,"bf2"
2968,2011,"bf1"
2968,2012,"bf1"
2968,2013,"bf1"
2969,2004,"bf1"
2969,2005,"bf1"
2969,2006,"bf3"
2969,2007,"bf2"
2969,2008,"bf1"
2969,2009,"bf1"
2969,2010,"bf1"
2969,2011,"bf1"
2969,2012,"bf1"
2969,2013,"bf1"
2970,2004,"bf3"
2970,2005,"bf2"
2970,2006,"bf2"
2970,2007,"bf2"
2970,2008,"bf1"
2970,2009,"bf1"
2970,2010,"bf3"
2970,2011,"bf1"
2970,2012,"bf1"
2970,2013,"bf1"
2972,2004,"bf1"
2972,2005,"bf2"
2972,2006,"bf2"
2972,2007,"bf3"
2972,2008,"bf1"
2972,2009,"bf1"
2972,2010,"bf3"
2972,2011,"0"
2972,2012,"0"
2972,2013,"0"
2973,2004,"bf2"
2973,2005,"bf2"
2973,2006,"bf2"
2973,2007,"bf3"
2973,2008,"bf1"
2973,2009,"bf1"
2973,2010,"bf2"
2973,2011,"bf1"
2973,2012,"bf1"
2973,2013,"bf1"
2974,2004,"bf2"
2974,2005,"bf2"
2974,2006,"bf2"
2974,2007,"bf3"
2974,2008,"bf1"
2974,2009,"bf1"
2974,2010,"bf2"
2974,2011,"0"
2974,2012,"0"
2974,2013,"0"
2975,2004,"bf3"
2975,2005,"bf3"
2975,2006,"bf1"
2975,2007,"bf2"
2975,2008,"bf1"
2975,2009,"bf1"
2975,2010,"bf3"
2975,2011,"bf1"
2975,2012,"bf1"
2975,2013,"bf1"
2976,2004,"bf1"
2976,2005,"bf1"
2976,2006,"bf2"
2976,2007,"bf2"
2976,2008,"bf2"
2976,2009,"bf1"
2976,2010,"bf1"
2976,2011,"bf1"
2976,2012,"bf1"
2976,2013,"bf1"
2977,2004,"bf1"
2977,2005,"bf2"
2977,2006,"bf2"
2977,2007,"bf3"
2977,2008,"bf3"
2977,2009,"bf1"
2977,2010,"bf3"
2977,2011,"bf1"
2977,2012,"bf1"
2977,2013,"bf1"
2978,2004,"bf3"
2978,2005,"bf2"
2978,2006,"bf2"
2978,2007,"bf1"
2978,2008,"bf1"
2978,2009,"bf1"
2978,2010,"bf1"
2978,2011,"bf1"
2978,2012,"bf1"
2978,2013,"0"
2979,2004,"bf2"
2979,2005,"bf2"
2979,2006,"bf2"
2979,2007,"bf3"
2979,2008,"bf1"
2979,2009,"bf1"
2979,2010,"bf2"
2979,2011,"bf0"
2979,2012,"bf1"
2979,2013,"bf1"
2980,2004,"bf2"
2980,2005,"bf2"
2980,2006,"bf2"
2980,2007,"bf2"
2980,2008,"bf1"
2980,2009,"bf2"
2980,2010,"bf1"
2980,2011,"bf1"
2980,2012,"bf1"
2980,2013,"bf1"
2981,2004,"bf1"
2981,2005,"bf2"
2981,2006,"bf2"
2981,2007,"bf2"
2981,2008,"bf1"
2981,2009,"bf1"
2981,2010,"bf1"
2981,2011,"bf1"
2981,2012,"bf1"
2981,2013,"bf1"
2983,2004,"bf1"
2983,2005,"bf2"
2983,2006,"bf3"
2983,2007,"bf3"
2983,2008,"bf2"
2983,2009,"bf1"
2983,2010,"bf3"
2983,2011,"bf1"
2983,2012,"bf1"
2983,2013,"bf1"
2984,2004,"bf1"
2984,2005,"bf1"
2984,2006,"bf2"
2984,2007,"bf2"
2984,2008,"bf3"
2984,2009,"bf1"
2984,2010,"bf1"
2984,2011,"bf1"
2984,2012,"bf1"
2984,2013,"0"
2985,2004,"bf1"
2985,2005,"bf2"
2985,2006,"bf2"
2985,2007,"bf2"
2985,2008,"bf3"
2985,2009,"bf1"
2985,2010,"bf2"
2985,2011,"bf1"
2985,2012,"bf2"
2985,2013,"bf1"
2986,2004,"bf1"
2986,2005,"bf2"
2986,2006,"bf2"
2986,2007,"bf3"
2986,2008,"bf3"
2986,2009,"bf2"
2986,2010,"bf2"
2986,2011,"bf1"
2986,2012,"bf2"
2986,2013,"bf1"
2987,2004,"bf1"
2987,2005,"bf2"
2987,2006,"bf1"
2987,2007,"bf2"
2987,2008,"bf1"
2987,2009,"bf2"
2987,2010,"bf2"
2987,2011,"bf0"
2987,2012,"bf1"
2987,2013,"bf1"
2988,2004,"bf1"
2988,2005,"bf2"
2988,2006,"bf2"
2988,2007,"bf2"
2988,2008,"bf2"
2988,2009,"bf2"
2988,2010,"bf2"
2988,2011,"bf1"
2988,2012,"bf1"
2988,2013,"bf1"
2989,2004,"bf2"
2989,2005,"bf1"
2989,2006,"bf1"
2989,2007,"bf2"
2989,2008,"bf3"
2989,2009,"bf2"
2989,2010,"bf3"
2989,2011,"bf1"
2989,2012,"bf0"
2989,2013,"bf1"
2990,2004,"bf1"
2990,2005,"bf1"
2990,2006,"bf1"
2990,2007,"bf1"
2990,2008,"0"
2990,2009,"0"
2990,2010,"0"
2990,2011,"0"
2990,2012,"0"
2990,2013,"0"
2991,2004,"bf2"
2991,2005,"bf2"
2991,2006,"bf2"
2991,2007,"bf2"
2991,2008,"bf3"
2991,2009,"bf2"
2991,2010,"bf2"
2991,2011,"bf1"
2991,2012,"bf1"
2991,2013,"bf1"
2993,2004,"bf2"
2993,2005,"bf2"
2993,2006,"bf1"
2993,2007,"bf2"
2993,2008,"bf3"
2993,2009,"bf3"
2993,2010,"bf1"
2993,2011,"bf1"
2993,2012,"bf2"
2993,2013,"bf1"
2994,2004,"0"
2994,2005,"0"
2994,2006,"0"
2994,2007,"0"
2994,2008,"0"
2994,2009,"0"
2994,2010,"0"
2994,2011,"0"
2994,2012,"0"
2994,2013,"0"
2995,2004,"bf2"
2995,2005,"bf0"
2995,2006,"bf2"
2995,2007,"bf1"
2995,2008,"bf3"
2995,2009,"bf2"
2995,2010,"bf3"
2995,2011,"bf1"
2995,2012,"bf2"
2995,2013,"bf1"
2996,2004,"bf3"
2996,2005,"bf2"
2996,2006,"bf3"
2996,2007,"bf2"
2996,2008,"bf3"
2996,2009,"bf2"
2996,2010,"bf2"
2996,2011,"bf1"
2996,2012,"bf3"
2996,2013,"bf0"
2997,2004,"bf2"
2997,2005,"bf2"
2997,2006,"bf2"
2997,2007,"bf2"
2997,2008,"bf3"
2997,2009,"bf2"
2997,2010,"bf2"
2997,2011,"bf0"
2997,2012,"bf2"
2997,2013,"bf0"
2998,2004,"bf2"
2998,2005,"bf3"
2998,2006,"bf2"
2998,2007,"bf2"
2998,2008,"bf2"
2998,2009,"bf2"
2998,2010,"bf2"
2998,2011,"bf1"
2998,2012,"bf2"
2998,2013,"bf1"
2999,2004,"bf2"
2999,2005,"bf3"
2999,2006,"bf2"
2999,2007,"bf1"
2999,2008,"bf3"
2999,2009,"bf3"
2999,2010,"bf1"
2999,2011,"bf1"
2999,2012,"bf2"
2999,2013,"bf1"
3000,2004,"0"
3000,2005,"0"
3000,2006,"0"
3000,2007,"0"
3000,2008,"0"
3000,2009,"0"
3000,2010,"0"
3000,2011,"0"
3000,2012,"0"
3000,2013,"0"
3001,2004,"bf2"
3001,2005,"bf2"
3001,2006,"bf2"
3001,2007,"bf2"
3001,2008,"bf2"
3001,2009,"0"
3001,2010,"0"
3001,2011,"0"
3001,2012,"0"
3001,2013,"0"
3002,2004,"bf3"
3002,2005,"bf0"
3002,2006,"bf2"
3002,2007,"bf2"
3002,2008,"bf3"
3002,2009,"bf1"
3002,2010,"bf1"
3002,2011,"bf1"
3002,2012,"bf1"
3002,2013,"bf1"
3003,2004,"bf3"
3003,2005,"bf1"
3003,2006,"bf3"
3003,2007,"bf2"
3003,2008,"0"
3003,2009,"0"
3003,2010,"0"
3003,2011,"0"
3003,2012,"0"
3003,2013,"0"
3004,2004,"bf2"
3004,2005,"bf2"
3004,2006,"bf1"
3004,2007,"bf2"
3004,2008,"0"
3004,2009,"0"
3004,2010,"0"
3004,2011,"0"
3004,2012,"0"
3004,2013,"0"
3005,2004,"bf3"
3005,2005,"bf3"
3005,2006,"bf2"
3005,2007,"bf2"
3005,2008,"bf2"
3005,2009,"bf1"
3005,2010,"bf2"
3005,2011,"bf1"
3005,2012,"bf1"
3005,2013,"bf1"
3006,2004,"bf3"
3006,2005,"bf3"
3006,2006,"bf3"
3006,2007,"bf2"
3006,2008,"0"
3006,2009,"0"
3006,2010,"0"
3006,2011,"0"
3006,2012,"0"
3006,2013,"bf1"
3007,2004,"0"
3007,2005,"0"
3007,2006,"0"
3007,2007,"0"
3007,2008,"0"
3007,2009,"0"
3007,2010,"0"
3007,2011,"0"
3007,2012,"0"
3007,2013,"0"
3008,2004,"bf2"
3008,2005,"bf2"
3008,2006,"bf2"
3008,2007,"bf2"
3008,2008,"bf2"
3008,2009,"bf1"
3008,2010,"bf2"
3008,2011,"bf1"
3008,2012,"bf1"
3008,2013,"0"
3009,2004,"0"
3009,2005,"0"
3009,2006,"0"
3009,2007,"0"
3009,2008,"0"
3009,2009,"0"
3009,2010,"0"
3009,2011,"0"
3009,2012,"0"
3009,2013,"0"
3010,2004,"0"
3010,2005,"0"
3010,2006,"0"
3010,2007,"0"
3010,2008,"0"
3010,2009,"0"
3010,2010,"0"
3010,2011,"0"
3010,2012,"0"
3010,2013,"0"
3011,2004,"bf3"
3011,2005,"bf2"
3011,2006,"bf3"
3011,2007,"bf2"
3011,2008,"bf2"
3011,2009,"bf1"
3011,2010,"bf1"
3011,2011,"bf1"
3011,2012,"bf1"
3011,2013,"bf1"
3012,2004,"bf2"
3012,2005,"bf2"
3012,2006,"bf3"
3012,2007,"bf2"
3012,2008,"bf1"
3012,2009,"bf1"
3012,2010,"bf2"
3012,2011,"bf1"
3012,2012,"bf1"
3012,2013,"bf0"
3013,2004,"bf2"
3013,2005,"bf2"
3013,2006,"bf3"
3013,2007,"bf2"
3013,2008,"bf1"
3013,2009,"bf2"
3013,2010,"bf3"
3013,2011,"bf1"
3013,2012,"bf1"
3013,2013,"bf1"
3014,2004,"bf2"
3014,2005,"bf0"
3014,2006,"bf3"
3014,2007,"bf3"
3014,2008,"bf2"
3014,2009,"bf2"
3014,2010,"0"
3014,2011,"0"
3014,2012,"0"
3014,2013,"0"
3015,2004,"bf2"
3015,2005,"bf1"
3015,2006,"bf3"
3015,2007,"bf2"
3015,2008,"bf1"
3015,2009,"bf1"
3015,2010,"bf2"
3015,2011,"bf1"
3015,2012,"bf1"
3015,2013,"bf0"
3016,2004,"bf2"
3016,2005,"bf2"
3016,2006,"bf2"
3016,2007,"bf1"
3016,2008,"0"
3016,2009,"0"
3016,2010,"0"
3016,2011,"0"
3016,2012,"0"
3016,2013,"0"
3017,2004,"bf2"
3017,2005,"bf2"
3017,2006,"bf3"
3017,2007,"bf2"
3017,2008,"bf1"
3017,2009,"bf1"
3017,2010,"bf3"
3017,2011,"bf1"
3017,2012,"bf1"
3017,2013,"bf1"
3018,2004,"0"
3018,2005,"0"
3018,2006,"0"
3018,2007,"0"
3018,2008,"0"
3018,2009,"0"
3018,2010,"0"
3018,2011,"0"
3018,2012,"0"
3018,2013,"0"
3019,2004,"bf2"
3019,2005,"bf2"
3019,2006,"bf3"
3019,2007,"bf2"
3019,2008,"bf1"
3019,2009,"bf1"
3019,2010,"bf1"
3019,2011,"bf1"
3019,2012,"bf1"
3019,2013,"bf1"
3020,2004,"bf2"
3020,2005,"bf2"
3020,2006,"bf3"
3020,2007,"bf2"
3020,2008,"bf1"
3020,2009,"bf1"
3020,2010,"bf2"
3020,2011,"bf1"
3020,2012,"bf1"
3020,2013,"bf1"
3021,2004,"bf2"
3021,2005,"bf2"
3021,2006,"bf3"
3021,2007,"bf2"
3021,2008,"bf1"
3021,2009,"bf1"
3021,2010,"bf3"
3021,2011,"bf1"
3021,2012,"bf1"
3021,2013,"bf1"
3022,2004,"bf1"
3022,2005,"bf2"
3022,2006,"bf3"
3022,2007,"bf2"
3022,2008,"bf2"
3022,2009,"bf1"
3022,2010,"bf2"
3022,2011,"bf1"
3022,2012,"bf1"
3022,2013,"bf0"
3023,2004,"bf1"
3023,2005,"bf2"
3023,2006,"0"
3023,2007,"0"
3023,2008,"0"
3023,2009,"0"
3023,2010,"0"
3023,2011,"0"
3023,2012,"0"
3023,2013,"0"
3024,2004,"0"
3024,2005,"0"
3024,2006,"0"
3024,2007,"0"
3024,2008,"0"
3024,2009,"0"
3024,2010,"0"
3024,2011,"0"
3024,2012,"0"
3024,2013,"0"
3025,2004,"bf2"
3025,2005,"bf2"
3025,2006,"bf1"
3025,2007,"bf1"
3025,2008,"0"
3025,2009,"0"
3025,2010,"0"
3025,2011,"0"
3025,2012,"0"
3025,2013,"0"
3026,2004,"0"
3026,2005,"0"
3026,2006,"0"
3026,2007,"0"
3026,2008,"0"
3026,2009,"0"
3026,2010,"0"
3026,2011,"0"
3026,2012,"0"
3026,2013,"0"
3027,2004,"bf1"
3027,2005,"bf2"
3027,2006,"bf1"
3027,2007,"0"
3027,2008,"0"
3027,2009,"0"
3027,2010,"0"
3027,2011,"0"
3027,2012,"0"
3027,2013,"0"
3028,2004,"0"
3028,2005,"0"
3028,2006,"0"
3028,2007,"0"
3028,2008,"0"
3028,2009,"0"
3028,2010,"0"
3028,2011,"0"
3028,2012,"0"
3028,2013,"0"
3029,2004,"bf3"
3029,2005,"bf2"
3029,2006,"bf2"
3029,2007,"bf2"
3029,2008,"bf1"
3029,2009,"bf1"
3029,2010,"bf1"
3029,2011,"bf1"
3029,2012,"bf1"
3029,2013,"bf1"
3030,2004,"0"
3030,2005,"0"
3030,2006,"0"
3030,2007,"0"
3030,2008,"0"
3030,2009,"0"
3030,2010,"0"
3030,2011,"0"
3030,2012,"0"
3030,2013,"0"
3031,2004,"0"
3031,2005,"0"
3031,2006,"0"
3031,2007,"0"
3031,2008,"0"
3031,2009,"0"
3031,2010,"0"
3031,2011,"0"
3031,2012,"0"
3031,2013,"0"
3032,2004,"0"
3032,2005,"0"
3032,2006,"0"
3032,2007,"0"
3032,2008,"0"
3032,2009,"0"
3032,2010,"0"
3032,2011,"0"
3032,2012,"0"
3032,2013,"0"
3033,2004,"0"
3033,2005,"0"
3033,2006,"0"
3033,2007,"0"
3033,2008,"0"
3033,2009,"0"
3033,2010,"0"
3033,2011,"0"
3033,2012,"0"
3033,2013,"0"
3034,2004,"bf3"
3034,2005,"bf2"
3034,2006,"bf1"
3034,2007,"bf2"
3034,2008,"bf1"
3034,2009,"bf1"
3034,2010,"bf1"
3034,2011,"bf1"
3034,2012,"bf1"
3034,2013,"bf1"
3035,2004,"bf1"
3035,2005,"bf1"
3035,2006,"bf1"
3035,2007,"bf2"
3035,2008,"bf1"
3035,2009,"bf1"
3035,2010,"bf2"
3035,2011,"bf1"
3035,2012,"bf1"
3035,2013,"bf1"
3037,2004,"0"
3037,2005,"0"
3037,2006,"0"
3037,2007,"0"
3037,2008,"0"
3037,2009,"0"
3037,2010,"0"
3037,2011,"0"
3037,2012,"0"
3037,2013,"0"
3038,2004,"bf1"
3038,2005,"bf2"
3038,2006,"bf1"
3038,2007,"bf1"
3038,2008,"0"
3038,2009,"0"
3038,2010,"0"
3038,2011,"0"
3038,2012,"0"
3038,2013,"0"
3039,2004,"bf1"
3039,2005,"bf3"
3039,2006,"bf1"
3039,2007,"bf3"
3039,2008,"0"
3039,2009,"0"
3039,2010,"0"
3039,2011,"0"
3039,2012,"0"
3039,2013,"0"
3040,2004,"bf1"
3040,2005,"bf2"
3040,2006,"bf2"
3040,2007,"bf3"
3040,2008,"bf1"
3040,2009,"bf1"
3040,2010,"bf1"
3040,2011,"bf1"
3040,2012,"bf1"
3040,2013,"bf1"
3041,2004,"bf1"
3041,2005,"bf3"
3041,2006,"bf3"
3041,2007,"bf1"
3041,2008,"0"
3041,2009,"0"
3041,2010,"0"
3041,2011,"0"
3041,2012,"0"
3041,2013,"0"
3042,2004,"bf1"
3042,2005,"bf1"
3042,2006,"bf1"
3042,2007,"bf2"
3042,2008,"0"
3042,2009,"0"
3042,2010,"0"
3042,2011,"0"
3042,2012,"0"
3042,2013,"0"
3043,2004,"bf1"
3043,2005,"bf2"
3043,2006,"bf2"
3043,2007,"bf2"
3043,2008,"0"
3043,2009,"0"
3043,2010,"0"
3043,2011,"0"
3043,2012,"0"
3043,2013,"0"
3044,2004,"bf1"
3044,2005,"bf3"
3044,2006,"bf3"
3044,2007,"bf2"
3044,2008,"0"
3044,2009,"0"
3044,2010,"0"
3044,2011,"0"
3044,2012,"0"
3044,2013,"0"
3045,2004,"bf1"
3045,2005,"bf1"
3045,2006,"bf1"
3045,2007,"bf1"
3045,2008,"0"
3045,2009,"0"
3045,2010,"0"
3045,2011,"0"
3045,2012,"0"
3045,2013,"0"
3046,2004,"bf1"
3046,2005,"bf3"
3046,2006,"bf2"
3046,2007,"bf2"
3046,2008,"bf1"
3046,2009,"bf1"
3046,2010,"bf3"
3046,2011,"bf0"
3046,2012,"bf1"
3046,2013,"bf1"
3047,2004,"bf1"
3047,2005,"bf2"
3047,2006,"bf1"
3047,2007,"bf1"
3047,2008,"bf1"
3047,2009,"bf1"
3047,2010,"bf1"
3047,2011,"bf1"
3047,2012,"bf1"
3047,2013,"bf0"
3048,2004,"0"
3048,2005,"0"
3048,2006,"0"
3048,2007,"0"
3048,2008,"0"
3048,2009,"0"
3048,2010,"0"
3048,2011,"0"
3048,2012,"0"
3048,2013,"0"
3049,2004,"0"
3049,2005,"0"
3049,2006,"0"
3049,2007,"0"
3049,2008,"0"
3049,2009,"0"
3049,2010,"0"
3049,2011,"0"
3049,2012,"0"
3049,2013,"0"
3050,2004,"0"
3050,2005,"0"
3050,2006,"0"
3050,2007,"0"
3050,2008,"0"
3050,2009,"0"
3050,2010,"0"
3050,2011,"0"
3050,2012,"0"
3050,2013,"0"
3051,2004,"0"
3051,2005,"0"
3051,2006,"0"
3051,2007,"0"
3051,2008,"0"
3051,2009,"0"
3051,2010,"0"
3051,2011,"0"
3051,2012,"0"
3051,2013,"0"
3052,2004,"bf1"
3052,2005,"bf1"
3052,2006,"bf3"
3052,2007,"bf2"
3052,2008,"bf1"
3052,2009,"bf1"
3052,2010,"bf1"
3052,2011,"bf1"
3052,2012,"bf1"
3052,2013,"bf1"
3053,2004,"bf1"
3053,2005,"0"
3053,2006,"0"
3053,2007,"0"
3053,2008,"0"
3053,2009,"0"
3053,2010,"0"
3053,2011,"0"
3053,2012,"0"
3053,2013,"0"
3054,2004,"0"
3054,2005,"0"
3054,2006,"0"
3054,2007,"0"
3054,2008,"0"
3054,2009,"0"
3054,2010,"0"
3054,2011,"0"
3054,2012,"0"
3054,2013,"0"
3055,2004,"bf1"
3055,2005,"bf1"
3055,2006,"bf1"
3055,2007,"bf2"
3055,2008,"bf1"
3055,2009,"bf3"
3055,2010,"bf2"
3055,2011,"bf1"
3055,2012,"bf1"
3055,2013,"bf0"
3056,2004,"bf1"
3056,2005,"bf1"
3056,2006,"bf1"
3056,2007,"bf2"
3056,2008,"bf1"
3056,2009,"bf3"
3056,2010,"bf1"
3056,2011,"bf1"
3056,2012,"bf1"
3056,2013,"bf1"
3057,2004,"bf1"
3057,2005,"bf1"
3057,2006,"bf1"
3057,2007,"bf2"
3057,2008,"bf1"
3057,2009,"bf3"
3057,2010,"bf3"
3057,2011,"bf1"
3057,2012,"bf1"
3057,2013,"bf1"
3058,2004,"bf1"
3058,2005,"bf1"
3058,2006,"bf3"
3058,2007,"bf2"
3058,2008,"bf0"
3058,2009,"bf1"
3058,2010,"bf2"
3058,2011,"bf1"
3058,2012,"bf1"
3058,2013,"bf0"
3059,2004,"bf1"
3059,2005,"bf1"
3059,2006,"bf3"
3059,2007,"bf3"
3059,2008,"bf2"
3059,2009,"bf3"
3059,2010,"bf2"
3059,2011,"bf1"
3059,2012,"bf1"
3059,2013,"bf1"
3061,2004,"bf1"
3061,2005,"bf2"
3061,2006,"bf3"
3061,2007,"bf2"
3061,2008,"bf2"
3061,2009,"bf1"
3061,2010,"bf3"
3061,2011,"bf1"
3061,2012,"bf1"
3061,2013,"bf1"
3062,2004,"0"
3062,2005,"0"
3062,2006,"0"
3062,2007,"0"
3062,2008,"0"
3062,2009,"0"
3062,2010,"0"
3062,2011,"0"
3062,2012,"0"
3062,2013,"0"
3063,2004,"bf1"
3063,2005,"bf2"
3063,2006,"bf1"
3063,2007,"bf2"
3063,2008,"bf1"
3063,2009,"bf1"
3063,2010,"bf1"
3063,2011,"0"
3063,2012,"0"
3063,2013,"0"
3064,2004,"bf1"
3064,2005,"bf3"
3064,2006,"bf3"
3064,2007,"bf2"
3064,2008,"bf3"
3064,2009,"bf2"
3064,2010,"0"
3064,2011,"0"
3064,2012,"0"
3064,2013,"0"
3066,2004,"0"
3066,2005,"0"
3066,2006,"0"
3066,2007,"0"
3066,2008,"0"
3066,2009,"0"
3066,2010,"0"
3066,2011,"0"
3066,2012,"0"
3066,2013,"0"
3067,2004,"bf1"
3067,2005,"bf2"
3067,2006,"bf1"
3067,2007,"bf2"
3067,2008,"bf1"
3067,2009,"bf2"
3067,2010,"bf3"
3067,2011,"bf1"
3067,2012,"bf1"
3067,2013,"bf1"
3068,2004,"bf1"
3068,2005,"bf1"
3068,2006,"bf2"
3068,2007,"bf2"
3068,2008,"bf1"
3068,2009,"bf1"
3068,2010,"bf2"
3068,2011,"bf1"
3068,2012,"bf1"
3068,2013,"bf1"
3069,2004,"0"
3069,2005,"0"
3069,2006,"0"
3069,2007,"0"
3069,2008,"0"
3069,2009,"0"
3069,2010,"0"
3069,2011,"0"
3069,2012,"0"
3069,2013,"0"
3070,2004,"bf1"
3070,2005,"bf2"
3070,2006,"bf3"
3070,2007,"bf2"
3070,2008,"bf1"
3070,2009,"bf2"
3070,2010,"bf2"
3070,2011,"bf2"
3070,2012,"bf1"
3070,2013,"bf1"
3071,2004,"bf1"
3071,2005,"bf2"
3071,2006,"bf2"
3071,2007,"bf2"
3071,2008,"bf1"
3071,2009,"bf1"
3071,2010,"bf2"
3071,2011,"bf1"
3071,2012,"bf1"
3071,2013,"bf1"
3072,2004,"bf1"
3072,2005,"bf3"
3072,2006,"bf2"
3072,2007,"bf3"
3072,2008,"bf2"
3072,2009,"bf2"
3072,2010,"bf2"
3072,2011,"bf1"
3072,2012,"bf2"
3072,2013,"bf1"
3073,2004,"bf1"
3073,2005,"bf3"
3073,2006,"bf3"
3073,2007,"bf2"
3073,2008,"bf1"
3073,2009,"bf2"
3073,2010,"bf3"
3073,2011,"bf1"
3073,2012,"0"
3073,2013,"0"
3074,2004,"bf1"
3074,2005,"bf3"
3074,2006,"bf2"
3074,2007,"bf2"
3074,2008,"bf1"
3074,2009,"bf1"
3074,2010,"bf1"
3074,2011,"bf1"
3074,2012,"bf1"
3074,2013,"bf1"
3075,2004,"bf1"
3075,2005,"bf2"
3075,2006,"bf2"
3075,2007,"bf2"
3075,2008,"0"
3075,2009,"0"
3075,2010,"0"
3075,2011,"0"
3075,2012,"0"
3075,2013,"0"
3076,2004,"bf1"
3076,2005,"bf3"
3076,2006,"bf3"
3076,2007,"bf3"
3076,2008,"bf1"
3076,2009,"bf3"
3076,2010,"bf2"
3076,2011,"bf1"
3076,2012,"bf3"
3076,2013,"0"
3077,2004,"0"
3077,2005,"0"
3077,2006,"0"
3077,2007,"0"
3077,2008,"0"
3077,2009,"0"
3077,2010,"0"
3077,2011,"0"
3077,2012,"0"
3077,2013,"0"
3078,2004,"bf1"
3078,2005,"bf2"
3078,2006,"bf1"
3078,2007,"bf2"
3078,2008,"0"
3078,2009,"0"
3078,2010,"0"
3078,2011,"0"
3078,2012,"0"
3078,2013,"0"
3079,2004,"0"
3079,2005,"0"
3079,2006,"0"
3079,2007,"0"
3079,2008,"0"
3079,2009,"0"
3079,2010,"0"
3079,2011,"0"
3079,2012,"0"
3079,2013,"0"
3080,2004,"bf2"
3080,2005,"bf1"
3080,2006,"bf2"
3080,2007,"bf1"
3080,2008,"bf1"
3080,2009,"0"
3080,2010,"0"
3080,2011,"0"
3080,2012,"0"
3080,2013,"0"
3081,2004,"bf1"
3081,2005,"bf1"
3081,2006,"bf3"
3081,2007,"bf2"
3081,2008,"0"
3081,2009,"0"
3081,2010,"0"
3081,2011,"0"
3081,2012,"0"
3081,2013,"0"
3082,2004,"bf3"
3082,2005,"bf2"
3082,2006,"bf2"
3082,2007,"bf1"
3082,2008,"bf3"
3082,2009,"bf3"
3082,2010,"bf2"
3082,2011,"bf1"
3082,2012,"bf1"
3082,2013,"0"
3083,2004,"bf3"
3083,2005,"bf2"
3083,2006,"bf2"
3083,2007,"bf1"
3083,2008,"0"
3083,2009,"0"
3083,2010,"0"
3083,2011,"0"
3083,2012,"0"
3083,2013,"0"
3084,2004,"0"
3084,2005,"0"
3084,2006,"0"
3084,2007,"0"
3084,2008,"0"
3084,2009,"0"
3084,2010,"0"
3084,2011,"0"
3084,2012,"0"
3084,2013,"0"
3085,2004,"bf2"
3085,2005,"bf2"
3085,2006,"bf2"
3085,2007,"bf3"
3085,2008,"bf3"
3085,2009,"bf1"
3085,2010,"bf1"
3085,2011,"bf1"
3085,2012,"0"
3085,2013,"0"
3086,2004,"bf2"
3086,2005,"bf2"
3086,2006,"bf3"
3086,2007,"bf1"
3086,2008,"0"
3086,2009,"0"
3086,2010,"0"
3086,2011,"0"
3086,2012,"0"
3086,2013,"0"
3087,2004,"bf3"
3087,2005,"bf1"
3087,2006,"bf3"
3087,2007,"bf2"
3087,2008,"bf3"
3087,2009,"bf1"
3087,2010,"bf2"
3087,2011,"bf1"
3087,2012,"bf3"
3087,2013,"bf1"
3088,2004,"bf2"
3088,2005,"bf1"
3088,2006,"bf3"
3088,2007,"bf1"
3088,2008,"0"
3088,2009,"0"
3088,2010,"0"
3088,2011,"0"
3088,2012,"0"
3088,2013,"0"
3090,2004,"bf2"
3090,2005,"bf2"
3090,2006,"bf2"
3090,2007,"bf2"
3090,2008,"bf2"
3090,2009,"bf1"
3090,2010,"bf2"
3090,2011,"bf1"
3090,2012,"bf1"
3090,2013,"bf1"
3091,2004,"bf1"
3091,2005,"bf3"
3091,2006,"bf1"
3091,2007,"bf2"
3091,2008,"bf3"
3091,2009,"bf3"
3091,2010,"bf1"
3091,2011,"bf1"
3091,2012,"bf3"
3091,2013,"bf0"
3092,2004,"bf2"
3092,2005,"bf2"
3092,2006,"bf3"
3092,2007,"bf2"
3092,2008,"bf2"
3092,2009,"bf3"
3092,2010,"bf3"
3092,2011,"bf1"
3092,2012,"bf1"
3092,2013,"bf1"
3093,2004,"bf1"
3093,2005,"bf2"
3093,2006,"bf2"
3093,2007,"bf1"
3093,2008,"0"
3093,2009,"0"
3093,2010,"0"
3093,2011,"0"
3093,2012,"0"
3093,2013,"0"
3094,2004,"0"
3094,2005,"0"
3094,2006,"0"
3094,2007,"0"
3094,2008,"0"
3094,2009,"0"
3094,2010,"0"
3094,2011,"0"
3094,2012,"0"
3094,2013,"0"
3095,2004,"bf1"
3095,2005,"bf1"
3095,2006,"bf2"
3095,2007,"bf2"
3095,2008,"bf1"
3095,2009,"bf1"
3095,2010,"bf2"
3095,2011,"bf1"
3095,2012,"bf1"
3095,2013,"bf1"
3096,2004,"bf2"
3096,2005,"bf1"
3096,2006,"bf2"
3096,2007,"bf1"
3096,2008,"0"
3096,2009,"0"
3096,2010,"0"
3096,2011,"0"
3096,2012,"0"
3096,2013,"0"
3097,2004,"bf1"
3097,2005,"bf1"
3097,2006,"bf2"
3097,2007,"bf2"
3097,2008,"bf1"
3097,2009,"0"
3097,2010,"0"
3097,2011,"0"
3097,2012,"0"
3097,2013,"0"
3098,2004,"bf1"
3098,2005,"bf1"
3098,2006,"bf2"
3098,2007,"bf2"
3098,2008,"bf1"
3098,2009,"bf1"
3098,2010,"bf2"
3098,2011,"bf1"
3098,2012,"bf1"
3098,2013,"bf1"
3099,2004,"bf1"
3099,2005,"bf1"
3099,2006,"bf1"
3099,2007,"bf1"
3099,2008,"bf1"
3099,2009,"0"
3099,2010,"0"
3099,2011,"0"
3099,2012,"0"
3099,2013,"0"
3100,2004,"bf1"
3100,2005,"bf1"
3100,2006,"bf3"
3100,2007,"bf2"
3100,2008,"bf1"
3100,2009,"bf1"
3100,2010,"bf2"
3100,2011,"bf1"
3100,2012,"bf1"
3100,2013,"bf0"
3101,2004,"bf2"
3101,2005,"bf1"
3101,2006,"bf2"
3101,2007,"bf2"
3101,2008,"0"
3101,2009,"0"
3101,2010,"0"
3101,2011,"0"
3101,2012,"0"
3101,2013,"0"
3102,2004,"bf3"
3102,2005,"bf1"
3102,2006,"bf1"
3102,2007,"bf2"
3102,2008,"bf1"
3102,2009,"bf1"
3102,2010,"bf2"
3102,2011,"bf1"
3102,2012,"bf1"
3102,2013,"bf1"
3103,2004,"bf2"
3103,2005,"bf1"
3103,2006,"bf2"
3103,2007,"0"
3103,2008,"0"
3103,2009,"0"
3103,2010,"0"
3103,2011,"0"
3103,2012,"0"
3103,2013,"0"
3104,2004,"bf1"
3104,2005,"bf2"
3104,2006,"bf2"
3104,2007,"bf2"
3104,2008,"bf0"
3104,2009,"bf1"
3104,2010,"bf2"
3104,2011,"bf0"
3104,2012,"bf1"
3104,2013,"bf1"
3105,2004,"bf2"
3105,2005,"bf3"
3105,2006,"bf2"
3105,2007,"bf2"
3105,2008,"bf1"
3105,2009,"bf3"
3105,2010,"bf3"
3105,2011,"bf1"
3105,2012,"bf1"
3105,2013,"bf1"
3107,2004,"bf2"
3107,2005,"bf2"
3107,2006,"bf1"
3107,2007,"0"
3107,2008,"0"
3107,2009,"0"
3107,2010,"0"
3107,2011,"0"
3107,2012,"0"
3107,2013,"0"
3108,2004,"bf2"
3108,2005,"bf3"
3108,2006,"bf1"
3108,2007,"bf3"
3108,2008,"bf1"
3108,2009,"bf1"
3108,2010,"bf3"
3108,2011,"bf1"
3108,2012,"bf1"
3108,2013,"bf1"
3109,2004,"0"
3109,2005,"0"
3109,2006,"0"
3109,2007,"0"
3109,2008,"0"
3109,2009,"0"
3109,2010,"0"
3109,2011,"0"
3109,2012,"0"
3109,2013,"0"
3110,2004,"bf1"
3110,2005,"bf2"
3110,2006,"bf1"
3110,2007,"bf2"
3110,2008,"bf1"
3110,2009,"bf1"
3110,2010,"bf2"
3110,2011,"bf1"
3110,2012,"bf1"
3110,2013,"0"
3111,2004,"bf2"
3111,2005,"bf3"
3111,2006,"bf2"
3111,2007,"bf3"
3111,2008,"bf1"
3111,2009,"bf2"
3111,2010,"bf2"
3111,2011,"bf1"
3111,2012,"bf1"
3111,2013,"bf1"
3112,2004,"bf1"
3112,2005,"bf2"
3112,2006,"bf3"
3112,2007,"bf3"
3112,2008,"bf2"
3112,2009,"bf0"
3112,2010,"bf0"
3112,2011,"bf3"
3112,2012,"bf3"
3112,2013,"bf1"
3113,2004,"bf2"
3113,2005,"bf2"
3113,2006,"bf2"
3113,2007,"bf2"
3113,2008,"0"
3113,2009,"0"
3113,2010,"0"
3113,2011,"0"
3113,2012,"0"
3113,2013,"0"
3115,2004,"0"
3115,2005,"0"
3115,2006,"0"
3115,2007,"0"
3115,2008,"0"
3115,2009,"0"
3115,2010,"0"
3115,2011,"0"
3115,2012,"0"
3115,2013,"0"
3116,2004,"bf1"
3116,2005,"bf1"
3116,2006,"bf2"
3116,2007,"bf2"
3116,2008,"bf1"
3116,2009,"bf2"
3116,2010,"bf2"
3116,2011,"bf0"
3116,2012,"bf1"
3116,2013,"bf1"
3117,2004,"bf1"
3117,2005,"bf2"
3117,2006,"bf2"
3117,2007,"bf2"
3117,2008,"bf1"
3117,2009,"bf2"
3117,2010,"bf1"
3117,2011,"bf1"
3117,2012,"bf1"
3117,2013,"bf1"
3118,2004,"bf1"
3118,2005,"bf2"
3118,2006,"bf2"
3118,2007,"bf1"
3118,2008,"bf1"
3118,2009,"bf2"
3118,2010,"bf1"
3118,2011,"bf1"
3118,2012,"bf1"
3118,2013,"bf1"
3119,2004,"bf1"
3119,2005,"bf1"
3119,2006,"bf2"
3119,2007,"bf2"
3119,2008,"bf2"
3119,2009,"bf2"
3119,2010,"bf1"
3119,2011,"bf1"
3119,2012,"bf1"
3119,2013,"bf1"
3120,2004,"bf2"
3120,2005,"bf2"
3120,2006,"bf3"
3120,2007,"bf2"
3120,2008,"bf3"
3120,2009,"bf1"
3120,2010,"bf1"
3120,2011,"bf1"
3120,2012,"bf1"
3120,2013,"bf1"
3121,2004,"bf1"
3121,2005,"bf1"
3121,2006,"bf2"
3121,2007,"bf2"
3121,2008,"bf2"
3121,2009,"bf2"
3121,2010,"bf3"
3121,2011,"bf1"
3121,2012,"bf1"
3121,2013,"0"
3122,2004,"bf1"
3122,2005,"bf2"
3122,2006,"bf2"
3122,2007,"bf3"
3122,2008,"bf1"
3122,2009,"0"
3122,2010,"0"
3122,2011,"0"
3122,2012,"0"
3122,2013,"0"
3123,2004,"bf1"
3123,2005,"bf1"
3123,2006,"bf1"
3123,2007,"bf2"
3123,2008,"bf2"
3123,2009,"bf2"
3123,2010,"bf1"
3123,2011,"bf1"
3123,2012,"bf1"
3123,2013,"bf1"
3124,2004,"bf2"
3124,2005,"bf2"
3124,2006,"bf3"
3124,2007,"bf2"
3124,2008,"bf3"
3124,2009,"bf1"
3124,2010,"bf1"
3124,2011,"bf0"
3124,2012,"bf1"
3124,2013,"bf1"
3127,2004,"bf1"
3127,2005,"bf2"
3127,2006,"bf2"
3127,2007,"bf3"
3127,2008,"bf3"
3127,2009,"bf3"
3127,2010,"bf2"
3127,2011,"bf1"
3127,2012,"bf3"
3127,2013,"bf1"
3128,2004,"bf1"
3128,2005,"bf1"
3128,2006,"bf1"
3128,2007,"bf2"
3128,2008,"bf2"
3128,2009,"bf1"
3128,2010,"bf3"
3128,2011,"bf1"
3128,2012,"bf1"
3128,2013,"bf0"
3129,2004,"bf2"
3129,2005,"bf3"
3129,2006,"bf2"
3129,2007,"bf3"
3129,2008,"bf2"
3129,2009,"bf3"
3129,2010,"bf2"
3129,2011,"bf2"
3129,2012,"bf3"
3129,2013,"bf1"
3130,2004,"bf1"
3130,2005,"bf2"
3130,2006,"bf3"
3130,2007,"bf3"
3130,2008,"bf2"
3130,2009,"bf1"
3130,2010,"bf1"
3130,2011,"bf3"
3130,2012,"bf3"
3130,2013,"bf1"
3131,2004,"0"
3131,2005,"0"
3131,2006,"0"
3131,2007,"0"
3131,2008,"0"
3131,2009,"0"
3131,2010,"0"
3131,2011,"0"
3131,2012,"0"
3131,2013,"0"
3132,2004,"bf1"
3132,2005,"bf1"
3132,2006,"bf1"
3132,2007,"bf2"
3132,2008,"bf1"
3132,2009,"bf1"
3132,2010,"0"
3132,2011,"0"
3132,2012,"0"
3132,2013,"0"
3133,2004,"bf3"
3133,2005,"bf1"
3133,2006,"0"
3133,2007,"0"
3133,2008,"0"
3133,2009,"0"
3133,2010,"0"
3133,2011,"0"
3133,2012,"0"
3133,2013,"0"
3134,2004,"bf2"
3134,2005,"bf2"
3134,2006,"bf2"
3134,2007,"bf1"
3134,2008,"bf3"
3134,2009,"bf1"
3134,2010,"bf2"
3134,2011,"bf1"
3134,2012,"bf1"
3134,2013,"bf0"
3135,2004,"bf2"
3135,2005,"bf2"
3135,2006,"bf2"
3135,2007,"bf3"
3135,2008,"bf3"
3135,2009,"bf1"
3135,2010,"bf1"
3135,2011,"bf1"
3135,2012,"bf1"
3135,2013,"bf1"
3137,2004,"bf2"
3137,2005,"bf2"
3137,2006,"bf2"
3137,2007,"bf3"
3137,2008,"bf2"
3137,2009,"bf1"
3137,2010,"bf1"
3137,2011,"bf1"
3137,2012,"bf1"
3137,2013,"bf1"
3138,2004,"bf2"
3138,2005,"bf0"
3138,2006,"bf3"
3138,2007,"bf3"
3138,2008,"bf1"
3138,2009,"0"
3138,2010,"0"
3138,2011,"0"
3138,2012,"0"
3138,2013,"0"
3139,2004,"bf1"
3139,2005,"bf2"
3139,2006,"bf2"
3139,2007,"bf2"
3139,2008,"bf2"
3139,2009,"bf1"
3139,2010,"bf1"
3139,2011,"bf2"
3139,2012,"bf1"
3139,2013,"bf1"
3140,2004,"bf3"
3140,2005,"bf2"
3140,2006,"bf2"
3140,2007,"bf2"
3140,2008,"bf2"
3140,2009,"bf1"
3140,2010,"bf2"
3140,2011,"bf1"
3140,2012,"bf1"
3140,2013,"bf1"
3141,2004,"bf1"
3141,2005,"0"
3141,2006,"0"
3141,2007,"0"
3141,2008,"0"
3141,2009,"0"
3141,2010,"0"
3141,2011,"0"
3141,2012,"0"
3141,2013,"0"
3142,2004,"bf2"
3142,2005,"0"
3142,2006,"0"
3142,2007,"0"
3142,2008,"0"
3142,2009,"0"
3142,2010,"0"
3142,2011,"0"
3142,2012,"0"
3142,2013,"0"
3143,2004,"bf2"
3143,2005,"bf1"
3143,2006,"bf1"
3143,2007,"0"
3143,2008,"0"
3143,2009,"0"
3143,2010,"0"
3143,2011,"0"
3143,2012,"0"
3143,2013,"0"
3144,2004,"bf2"
3144,2005,"bf1"
3144,2006,"bf2"
3144,2007,"bf2"
3144,2008,"bf1"
3144,2009,"bf1"
3144,2010,"0"
3144,2011,"0"
3144,2012,"0"
3144,2013,"0"
3145,2004,"0"
3145,2005,"0"
3145,2006,"0"
3145,2007,"0"
3145,2008,"0"
3145,2009,"0"
3145,2010,"0"
3145,2011,"0"
3145,2012,"0"
3145,2013,"0"
3146,2004,"0"
3146,2005,"0"
3146,2006,"0"
3146,2007,"0"
3146,2008,"0"
3146,2009,"0"
3146,2010,"0"
3146,2011,"0"
3146,2012,"0"
3146,2013,"0"
3147,2004,"bf2"
3147,2005,"bf2"
3147,2006,"bf2"
3147,2007,"bf2"
3147,2008,"bf2"
3147,2009,"bf1"
3147,2010,"bf2"
3147,2011,"bf1"
3147,2012,"bf1"
3147,2013,"bf1"
3148,2004,"bf1"
3148,2005,"0"
3148,2006,"0"
3148,2007,"0"
3148,2008,"0"
3148,2009,"0"
3148,2010,"0"
3148,2011,"0"
3148,2012,"0"
3148,2013,"0"
3149,2004,"0"
3149,2005,"0"
3149,2006,"0"
3149,2007,"0"
3149,2008,"0"
3149,2009,"0"
3149,2010,"0"
3149,2011,"0"
3149,2012,"0"
3149,2013,"0"
3150,2004,"bf3"
3150,2005,"bf2"
3150,2006,"bf2"
3150,2007,"bf2"
3150,2008,"bf1"
3150,2009,"bf1"
3150,2010,"bf2"
3150,2011,"bf1"
3150,2012,"bf1"
3150,2013,"bf1"
3151,2004,"0"
3151,2005,"0"
3151,2006,"0"
3151,2007,"0"
3151,2008,"0"
3151,2009,"0"
3151,2010,"0"
3151,2011,"0"
3151,2012,"0"
3151,2013,"0"
3152,2004,"bf2"
3152,2005,"bf2"
3152,2006,"bf2"
3152,2007,"bf3"
3152,2008,"bf1"
3152,2009,"bf1"
3152,2010,"bf1"
3152,2011,"bf1"
3152,2012,"bf1"
3152,2013,"bf1"
3153,2004,"bf2"
3153,2005,"bf2"
3153,2006,"bf2"
3153,2007,"0"
3153,2008,"0"
3153,2009,"0"
3153,2010,"0"
3153,2011,"0"
3153,2012,"0"
3153,2013,"0"
3154,2004,"bf2"
3154,2005,"bf2"
3154,2006,"bf2"
3154,2007,"bf2"
3154,2008,"bf1"
3154,2009,"bf1"
3154,2010,"bf1"
3154,2011,"bf1"
3154,2012,"bf1"
3154,2013,"bf1"
3156,2004,"bf2"
3156,2005,"bf2"
3156,2006,"bf2"
3156,2007,"bf3"
3156,2008,"bf1"
3156,2009,"bf1"
3156,2010,"bf2"
3156,2011,"bf1"
3156,2012,"bf1"
3156,2013,"bf1"
3159,2004,"bf2"
3159,2005,"bf2"
3159,2006,"bf2"
3159,2007,"bf3"
3159,2008,"0"
3159,2009,"0"
3159,2010,"0"
3159,2011,"0"
3159,2012,"0"
3159,2013,"0"
3160,2004,"0"
3160,2005,"0"
3160,2006,"0"
3160,2007,"0"
3160,2008,"0"
3160,2009,"0"
3160,2010,"0"
3160,2011,"0"
3160,2012,"0"
3160,2013,"0"
3161,2004,"0"
3161,2005,"0"
3161,2006,"0"
3161,2007,"0"
3161,2008,"0"
3161,2009,"0"
3161,2010,"0"
3161,2011,"0"
3161,2012,"0"
3161,2013,"0"
3162,2004,"0"
3162,2005,"0"
3162,2006,"0"
3162,2007,"0"
3162,2008,"0"
3162,2009,"0"
3162,2010,"0"
3162,2011,"0"
3162,2012,"0"
3162,2013,"0"
3163,2004,"0"
3163,2005,"0"
3163,2006,"0"
3163,2007,"0"
3163,2008,"0"
3163,2009,"0"
3163,2010,"0"
3163,2011,"0"
3163,2012,"0"
3163,2013,"0"
3164,2004,"bf2"
3164,2005,"0"
3164,2006,"0"
3164,2007,"0"
3164,2008,"0"
3164,2009,"0"
3164,2010,"0"
3164,2011,"0"
3164,2012,"0"
3164,2013,"0"
3165,2004,"0"
3165,2005,"0"
3165,2006,"0"
3165,2007,"0"
3165,2008,"0"
3165,2009,"0"
3165,2010,"0"
3165,2011,"0"
3165,2012,"0"
3165,2013,"0"
3166,2004,"0"
3166,2005,"0"
3166,2006,"0"
3166,2007,"0"
3166,2008,"0"
3166,2009,"0"
3166,2010,"0"
3166,2011,"0"
3166,2012,"0"
3166,2013,"0"
3167,2004,"0"
3167,2005,"0"
3167,2006,"0"
3167,2007,"0"
3167,2008,"0"
3167,2009,"0"
3167,2010,"0"
3167,2011,"0"
3167,2012,"0"
3167,2013,"0"
3168,2004,"0"
3168,2005,"0"
3168,2006,"0"
3168,2007,"0"
3168,2008,"0"
3168,2009,"0"
3168,2010,"0"
3168,2011,"0"
3168,2012,"0"
3168,2013,"0"
3169,2004,"bf2"
3169,2005,"bf2"
3169,2006,"bf1"
3169,2007,"bf2"
3169,2008,"bf1"
3169,2009,"bf1"
3169,2010,"bf1"
3169,2011,"bf1"
3169,2012,"bf1"
3169,2013,"bf1"
3170,2004,"bf1"
3170,2005,"bf1"
3170,2006,"0"
3170,2007,"0"
3170,2008,"0"
3170,2009,"0"
3170,2010,"0"
3170,2011,"0"
3170,2012,"0"
3170,2013,"0"
3171,2004,"bf1"
3171,2005,"bf1"
3171,2006,"bf1"
3171,2007,"bf2"
3171,2008,"0"
3171,2009,"0"
3171,2010,"0"
3171,2011,"0"
3171,2012,"0"
3171,2013,"0"
3172,2004,"bf1"
3172,2005,"bf1"
3172,2006,"bf1"
3172,2007,"0"
3172,2008,"0"
3172,2009,"0"
3172,2010,"0"
3172,2011,"0"
3172,2012,"0"
3172,2013,"0"
3173,2004,"bf1"
3173,2005,"bf2"
3173,2006,"0"
3173,2007,"0"
3173,2008,"0"
3173,2009,"0"
3173,2010,"0"
3173,2011,"0"
3173,2012,"0"
3173,2013,"0"
3174,2004,"0"
3174,2005,"0"
3174,2006,"0"
3174,2007,"0"
3174,2008,"0"
3174,2009,"0"
3174,2010,"0"
3174,2011,"0"
3174,2012,"0"
3174,2013,"0"
3175,2004,"bf2"
3175,2005,"bf2"
3175,2006,"bf2"
3175,2007,"bf2"
3175,2008,"bf1"
3175,2009,"bf1"
3175,2010,"bf1"
3175,2011,"bf1"
3175,2012,"bf1"
3175,2013,"bf1"
3176,2004,"bf1"
3176,2005,"bf2"
3176,2006,"bf1"
3176,2007,"bf2"
3176,2008,"0"
3176,2009,"0"
3176,2010,"0"
3176,2011,"0"
3176,2012,"0"
3176,2013,"0"
3177,2004,"bf2"
3177,2005,"bf2"
3177,2006,"bf1"
3177,2007,"0"
3177,2008,"0"
3177,2009,"0"
3177,2010,"0"
3177,2011,"0"
3177,2012,"0"
3177,2013,"0"
3179,2004,"bf3"
3179,2005,"bf1"
3179,2006,"bf1"
3179,2007,"bf3"
3179,2008,"0"
3179,2009,"0"
3179,2010,"0"
3179,2011,"0"
3179,2012,"0"
3179,2013,"0"
3180,2004,"bf2"
3180,2005,"bf1"
3180,2006,"bf2"
3180,2007,"bf3"
3180,2008,"0"
3180,2009,"0"
3180,2010,"0"
3180,2011,"0"
3180,2012,"0"
3180,2013,"0"
3181,2004,"bf2"
3181,2005,"bf1"
3181,2006,"bf1"
3181,2007,"bf2"
3181,2008,"bf2"
3181,2009,"bf1"
3181,2010,"bf2"
3181,2011,"bf1"
3181,2012,"bf1"
3181,2013,"bf1"
3182,2004,"0"
3182,2005,"0"
3182,2006,"0"
3182,2007,"0"
3182,2008,"0"
3182,2009,"0"
3182,2010,"0"
3182,2011,"0"
3182,2012,"0"
3182,2013,"0"
3183,2004,"bf1"
3183,2005,"bf1"
3183,2006,"bf1"
3183,2007,"bf1"
3183,2008,"bf1"
3183,2009,"0"
3183,2010,"0"
3183,2011,"0"
3183,2012,"0"
3183,2013,"0"
3184,2004,"bf1"
3184,2005,"bf1"
3184,2006,"bf1"
3184,2007,"bf3"
3184,2008,"bf0"
3184,2009,"bf1"
3184,2010,"bf1"
3184,2011,"bf1"
3184,2012,"bf1"
3184,2013,"bf1"
3185,2004,"0"
3185,2005,"0"
3185,2006,"0"
3185,2007,"0"
3185,2008,"0"
3185,2009,"0"
3185,2010,"0"
3185,2011,"0"
3185,2012,"0"
3185,2013,"0"
3186,2004,"0"
3186,2005,"0"
3186,2006,"0"
3186,2007,"0"
3186,2008,"0"
3186,2009,"0"
3186,2010,"0"
3186,2011,"0"
3186,2012,"0"
3186,2013,"0"
3187,2004,"bf1"
3187,2005,"bf1"
3187,2006,"0"
3187,2007,"0"
3187,2008,"0"
3187,2009,"0"
3187,2010,"0"
3187,2011,"0"
3187,2012,"0"
3187,2013,"0"
3188,2004,"0"
3188,2005,"0"
3188,2006,"0"
3188,2007,"0"
3188,2008,"0"
3188,2009,"0"
3188,2010,"0"
3188,2011,"0"
3188,2012,"0"
3188,2013,"0"
3189,2004,"0"
3189,2005,"0"
3189,2006,"0"
3189,2007,"0"
3189,2008,"0"
3189,2009,"0"
3189,2010,"0"
3189,2011,"0"
3189,2012,"0"
3189,2013,"0"
3190,2004,"bf1"
3190,2005,"bf1"
3190,2006,"bf1"
3190,2007,"bf0"
3190,2008,"bf1"
3190,2009,"bf2"
3190,2010,"bf1"
3190,2011,"bf1"
3190,2012,"bf1"
3190,2013,"bf1"
3191,2004,"bf1"
3191,2005,"bf1"
3191,2006,"bf2"
3191,2007,"bf1"
3191,2008,"bf2"
3191,2009,"bf2"
3191,2010,"bf1"
3191,2011,"bf1"
3191,2012,"bf1"
3191,2013,"bf1"
3192,2004,"0"
3192,2005,"0"
3192,2006,"0"
3192,2007,"0"
3192,2008,"0"
3192,2009,"0"
3192,2010,"0"
3192,2011,"0"
3192,2012,"0"
3192,2013,"0"
3193,2004,"0"
3193,2005,"0"
3193,2006,"0"
3193,2007,"0"
3193,2008,"0"
3193,2009,"0"
3193,2010,"0"
3193,2011,"0"
3193,2012,"0"
3193,2013,"0"
3195,2004,"0"
3195,2005,"0"
3195,2006,"0"
3195,2007,"0"
3195,2008,"0"
3195,2009,"0"
3195,2010,"0"
3195,2011,"0"
3195,2012,"0"
3195,2013,"0"
3196,2004,"bf1"
3196,2005,"bf2"
3196,2006,"bf3"
3196,2007,"bf2"
3196,2008,"bf2"
3196,2009,"bf2"
3196,2010,"bf2"
3196,2011,"bf1"
3196,2012,"bf1"
3196,2013,"bf1"
3197,2004,"bf0"
3197,2005,"bf1"
3197,2006,"bf3"
3197,2007,"bf1"
3197,2008,"bf0"
3197,2009,"bf2"
3197,2010,"bf1"
3197,2011,"bf0"
3197,2012,"bf1"
3197,2013,"bf0"
3198,2004,"bf1"
3198,2005,"bf1"
3198,2006,"bf2"
3198,2007,"bf2"
3198,2008,"bf2"
3198,2009,"bf1"
3198,2010,"bf1"
3198,2011,"bf1"
3198,2012,"bf1"
3198,2013,"bf1"
3199,2004,"bf1"
3199,2005,"bf1"
3199,2006,"bf1"
3199,2007,"bf2"
3199,2008,"bf2"
3199,2009,"bf1"
3199,2010,"bf2"
3199,2011,"bf1"
3199,2012,"bf1"
3199,2013,"bf1"
3200,2004,"bf1"
3200,2005,"bf2"
3200,2006,"bf2"
3200,2007,"bf2"
3200,2008,"bf2"
3200,2009,"bf2"
3200,2010,"bf1"
3200,2011,"0"
3200,2012,"0"
3200,2013,"0"
3201,2004,"bf1"
3201,2005,"bf2"
3201,2006,"bf2"
3201,2007,"bf2"
3201,2008,"bf2"
3201,2009,"bf1"
3201,2010,"bf3"
3201,2011,"bf1"
3201,2012,"bf1"
3201,2013,"bf1"
3202,2004,"bf1"
3202,2005,"bf2"
3202,2006,"bf3"
3202,2007,"bf2"
3202,2008,"bf2"
3202,2009,"bf1"
3202,2010,"bf1"
3202,2011,"bf1"
3202,2012,"bf1"
3202,2013,"bf1"
3203,2004,"bf1"
3203,2005,"bf1"
3203,2006,"bf3"
3203,2007,"bf1"
3203,2008,"bf2"
3203,2009,"bf2"
3203,2010,"bf2"
3203,2011,"bf1"
3203,2012,"bf1"
3203,2013,"bf1"
3204,2004,"0"
3204,2005,"0"
3204,2006,"0"
3204,2007,"0"
3204,2008,"0"
3204,2009,"0"
3204,2010,"0"
3204,2011,"0"
3204,2012,"0"
3204,2013,"0"
3205,2004,"bf2"
3205,2005,"bf2"
3205,2006,"bf1"
3205,2007,"bf1"
3205,2008,"bf2"
3205,2009,"bf1"
3205,2010,"bf0"
3205,2011,"bf1"
3205,2012,"bf1"
3205,2013,"bf1"
3206,2004,"bf1"
3206,2005,"bf2"
3206,2006,"bf2"
3206,2007,"bf2"
3206,2008,"0"
3206,2009,"0"
3206,2010,"0"
3206,2011,"0"
3206,2012,"0"
3206,2013,"0"
3207,2004,"bf1"
3207,2005,"bf1"
3207,2006,"bf2"
3207,2007,"bf1"
3207,2008,"0"
3207,2009,"0"
3207,2010,"0"
3207,2011,"0"
3207,2012,"0"
3207,2013,"0"
3208,2004,"bf1"
3208,2005,"bf2"
3208,2006,"bf2"
3208,2007,"bf1"
3208,2008,"bf2"
3208,2009,"bf1"
3208,2010,"bf1"
3208,2011,"bf0"
3208,2012,"bf1"
3208,2013,"bf0"
3209,2004,"bf1"
3209,2005,"bf2"
3209,2006,"bf2"
3209,2007,"bf0"
3209,2008,"bf2"
3209,2009,"bf1"
3209,2010,"bf1"
3209,2011,"0"
3209,2012,"0"
3209,2013,"0"
3210,2004,"bf1"
3210,2005,"bf2"
3210,2006,"bf3"
3210,2007,"bf1"
3210,2008,"bf2"
3210,2009,"bf2"
3210,2010,"bf3"
3210,2011,"bf1"
3210,2012,"bf1"
3210,2013,"0"
3211,2004,"bf1"
3211,2005,"bf2"
3211,2006,"bf2"
3211,2007,"bf1"
3211,2008,"bf1"
3211,2009,"bf2"
3211,2010,"bf3"
3211,2011,"bf1"
3211,2012,"bf1"
3211,2013,"bf1"
3212,2004,"bf1"
3212,2005,"bf2"
3212,2006,"bf2"
3212,2007,"bf2"
3212,2008,"0"
3212,2009,"0"
3212,2010,"0"
3212,2011,"0"
3212,2012,"0"
3212,2013,"0"
3213,2004,"0"
3213,2005,"0"
3213,2006,"0"
3213,2007,"0"
3213,2008,"0"
3213,2009,"0"
3213,2010,"0"
3213,2011,"0"
3213,2012,"0"
3213,2013,"0"
3214,2004,"0"
3214,2005,"0"
3214,2006,"0"
3214,2007,"0"
3214,2008,"0"
3214,2009,"0"
3214,2010,"0"
3214,2011,"0"
3214,2012,"0"
3214,2013,"0"
3215,2004,"0"
3215,2005,"0"
3215,2006,"0"
3215,2007,"0"
3215,2008,"0"
3215,2009,"0"
3215,2010,"0"
3215,2011,"0"
3215,2012,"0"
3215,2013,"0"
3216,2004,"bf1"
3216,2005,"bf1"
3216,2006,"bf1"
3216,2007,"bf1"
3216,2008,"bf1"
3216,2009,"bf1"
3216,2010,"bf1"
3216,2011,"bf1"
3216,2012,"0"
3216,2013,"0"
3217,2004,"bf1"
3217,2005,"bf1"
3217,2006,"bf2"
3217,2007,"bf1"
3217,2008,"bf3"
3217,2009,"bf3"
3217,2010,"bf1"
3217,2011,"bf1"
3217,2012,"bf1"
3217,2013,"bf1"
3218,2004,"bf1"
3218,2005,"bf1"
3218,2006,"bf1"
3218,2007,"bf1"
3218,2008,"bf1"
3218,2009,"bf2"
3218,2010,"bf1"
3218,2011,"bf1"
3218,2012,"bf1"
3218,2013,"0"
3219,2004,"bf2"
3219,2005,"bf0"
3219,2006,"bf1"
3219,2007,"bf2"
3219,2008,"0"
3219,2009,"0"
3219,2010,"0"
3219,2011,"0"
3219,2012,"0"
3219,2013,"0"
3220,2004,"bf1"
3220,2005,"bf2"
3220,2006,"bf2"
3220,2007,"bf2"
3220,2008,"bf3"
3220,2009,"bf3"
3220,2010,"bf1"
3220,2011,"bf1"
3220,2012,"bf2"
3220,2013,"bf1"
3221,2004,"bf2"
3221,2005,"bf3"
3221,2006,"bf2"
3221,2007,"bf1"
3221,2008,"bf1"
3221,2009,"bf2"
3221,2010,"0"
3221,2011,"0"
3221,2012,"0"
3221,2013,"0"
3222,2004,"bf1"
3222,2005,"bf3"
3222,2006,"bf2"
3222,2007,"bf1"
3222,2008,"0"
3222,2009,"0"
3222,2010,"0"
3222,2011,"0"
3222,2012,"0"
3222,2013,"0"
3223,2004,"bf2"
3223,2005,"bf2"
3223,2006,"bf3"
3223,2007,"bf2"
3223,2008,"0"
3223,2009,"0"
3223,2010,"0"
3223,2011,"0"
3223,2012,"0"
3223,2013,"0"
3224,2004,"bf1"
3224,2005,"bf1"
3224,2006,"bf1"
3224,2007,"bf0"
3224,2008,"bf3"
3224,2009,"bf2"
3224,2010,"bf1"
3224,2011,"bf1"
3224,2012,"0"
3224,2013,"0"
3225,2004,"bf1"
3225,2005,"bf3"
3225,2006,"bf2"
3225,2007,"bf3"
3225,2008,"0"
3225,2009,"0"
3225,2010,"0"
3225,2011,"0"
3225,2012,"0"
3225,2013,"0"
3226,2004,"bf1"
3226,2005,"bf2"
3226,2006,"bf1"
3226,2007,"bf2"
3226,2008,"0"
3226,2009,"0"
3226,2010,"0"
3226,2011,"0"
3226,2012,"0"
3226,2013,"0"
3227,2004,"bf1"
3227,2005,"bf1"
3227,2006,"bf1"
3227,2007,"bf2"
3227,2008,"0"
3227,2009,"0"
3227,2010,"0"
3227,2011,"0"
3227,2012,"0"
3227,2013,"0"
3228,2004,"bf3"
3228,2005,"bf2"
3228,2006,"bf3"
3228,2007,"bf2"
3228,2008,"bf1"
3228,2009,"bf1"
3228,2010,"bf2"
3228,2011,"bf1"
3228,2012,"bf1"
3228,2013,"bf1"
3229,2004,"bf2"
3229,2005,"bf2"
3229,2006,"bf2"
3229,2007,"bf2"
3229,2008,"bf1"
3229,2009,"bf1"
3229,2010,"bf1"
3229,2011,"bf1"
3229,2012,"bf2"
3229,2013,"bf1"
3230,2004,"bf1"
3230,2005,"bf2"
3230,2006,"bf2"
3230,2007,"bf1"
3230,2008,"0"
3230,2009,"0"
3230,2010,"0"
3230,2011,"0"
3230,2012,"0"
3230,2013,"0"
3231,2004,"bf1"
3231,2005,"bf2"
3231,2006,"bf1"
3231,2007,"bf2"
3231,2008,"0"
3231,2009,"0"
3231,2010,"0"
3231,2011,"0"
3231,2012,"0"
3231,2013,"0"
3232,2004,"bf1"
3232,2005,"bf2"
3232,2006,"bf1"
3232,2007,"bf1"
3232,2008,"bf1"
3232,2009,"bf1"
3232,2010,"bf1"
3232,2011,"bf1"
3232,2012,"bf1"
3232,2013,"bf1"
3233,2004,"bf1"
3233,2005,"bf3"
3233,2006,"bf2"
3233,2007,"bf0"
3233,2008,"bf1"
3233,2009,"bf1"
3233,2010,"bf1"
3233,2011,"bf1"
3233,2012,"bf1"
3233,2013,"0"
3234,2004,"bf1"
3234,2005,"bf2"
3234,2006,"bf2"
3234,2007,"bf2"
3234,2008,"bf1"
3234,2009,"0"
3234,2010,"0"
3234,2011,"0"
3234,2012,"0"
3234,2013,"0"
3236,2004,"bf1"
3236,2005,"bf2"
3236,2006,"bf2"
3236,2007,"bf2"
3236,2008,"bf1"
3236,2009,"bf2"
3236,2010,"bf1"
3236,2011,"0"
3236,2012,"0"
3236,2013,"0"
3239,2004,"bf1"
3239,2005,"bf2"
3239,2006,"bf2"
3239,2007,"bf1"
3239,2008,"bf1"
3239,2009,"bf2"
3239,2010,"bf3"
3239,2011,"bf1"
3239,2012,"bf1"
3239,2013,"bf1"
3240,2004,"bf1"
3240,2005,"bf2"
3240,2006,"bf1"
3240,2007,"bf2"
3240,2008,"bf1"
3240,2009,"bf2"
3240,2010,"bf3"
3240,2011,"bf1"
3240,2012,"bf1"
3240,2013,"bf1"
3241,2004,"bf0"
3241,2005,"bf2"
3241,2006,"bf2"
3241,2007,"0"
3241,2008,"0"
3241,2009,"0"
3241,2010,"0"
3241,2011,"0"
3241,2012,"0"
3241,2013,"0"
3242,2004,"bf2"
3242,2005,"bf2"
3242,2006,"bf2"
3242,2007,"bf2"
3242,2008,"bf1"
3242,2009,"bf1"
3242,2010,"bf2"
3242,2011,"bf1"
3242,2012,"bf1"
3242,2013,"bf1"
3243,2004,"bf2"
3243,2005,"bf2"
3243,2006,"bf3"
3243,2007,"bf2"
3243,2008,"bf1"
3243,2009,"bf3"
3243,2010,"bf1"
3243,2011,"bf1"
3243,2012,"bf1"
3243,2013,"bf1"
3244,2004,"bf1"
3244,2005,"bf2"
3244,2006,"bf3"
3244,2007,"bf2"
3244,2008,"bf2"
3244,2009,"bf3"
3244,2010,"bf1"
3244,2011,"bf1"
3244,2012,"bf1"
3244,2013,"bf0"
3245,2004,"bf1"
3245,2005,"bf2"
3245,2006,"bf3"
3245,2007,"bf3"
3245,2008,"bf2"
3245,2009,"bf3"
3245,2010,"bf3"
3245,2011,"bf1"
3245,2012,"bf1"
3245,2013,"bf0"
3246,2004,"bf1"
3246,2005,"bf2"
3246,2006,"bf3"
3246,2007,"bf2"
3246,2008,"bf1"
3246,2009,"bf2"
3246,2010,"bf2"
3246,2011,"bf0"
3246,2012,"bf1"
3246,2013,"bf0"
3247,2004,"bf1"
3247,2005,"bf1"
3247,2006,"bf3"
3247,2007,"bf1"
3247,2008,"bf1"
3247,2009,"bf3"
3247,2010,"bf3"
3247,2011,"bf0"
3247,2012,"bf1"
3247,2013,"0"
3248,2004,"0"
3248,2005,"0"
3248,2006,"0"
3248,2007,"0"
3248,2008,"0"
3248,2009,"0"
3248,2010,"0"
3248,2011,"0"
3248,2012,"0"
3248,2013,"0"
3249,2004,"bf1"
3249,2005,"bf2"
3249,2006,"bf2"
3249,2007,"bf1"
3249,2008,"bf1"
3249,2009,"bf2"
3249,2010,"bf1"
3249,2011,"bf1"
3249,2012,"bf1"
3249,2013,"bf1"
3250,2004,"bf1"
3250,2005,"bf2"
3250,2006,"0"
3250,2007,"0"
3250,2008,"0"
3250,2009,"0"
3250,2010,"0"
3250,2011,"0"
3250,2012,"0"
3250,2013,"0"
3251,2004,"bf1"
3251,2005,"bf2"
3251,2006,"bf2"
3251,2007,"bf2"
3251,2008,"bf1"
3251,2009,"bf2"
3251,2010,"bf1"
3251,2011,"bf1"
3251,2012,"bf1"
3251,2013,"bf1"
3252,2004,"0"
3252,2005,"0"
3252,2006,"0"
3252,2007,"0"
3252,2008,"0"
3252,2009,"0"
3252,2010,"0"
3252,2011,"0"
3252,2012,"0"
3252,2013,"0"
3253,2004,"0"
3253,2005,"0"
3253,2006,"0"
3253,2007,"0"
3253,2008,"0"
3253,2009,"0"
3253,2010,"0"
3253,2011,"0"
3253,2012,"0"
3253,2013,"0"
3254,2004,"0"
3254,2005,"0"
3254,2006,"0"
3254,2007,"0"
3254,2008,"0"
3254,2009,"0"
3254,2010,"0"
3254,2011,"0"
3254,2012,"0"
3254,2013,"0"
3255,2004,"0"
3255,2005,"0"
3255,2006,"0"
3255,2007,"0"
3255,2008,"0"
3255,2009,"0"
3255,2010,"0"
3255,2011,"0"
3255,2012,"0"
3255,2013,"0"
3256,2004,"bf2"
3256,2005,"bf3"
3256,2006,"bf2"
3256,2007,"bf2"
3256,2008,"bf1"
3256,2009,"0"
3256,2010,"0"
3256,2011,"0"
3256,2012,"0"
3256,2013,"0"
3257,2004,"bf2"
3257,2005,"bf3"
3257,2006,"bf2"
3257,2007,"bf3"
3257,2008,"bf3"
3257,2009,"bf3"
3257,2010,"bf2"
3257,2011,"bf0"
3257,2012,"bf1"
3257,2013,"bf1"
3258,2004,"bf1"
3258,2005,"bf2"
3258,2006,"bf3"
3258,2007,"bf2"
3258,2008,"bf2"
3258,2009,"bf2"
3258,2010,"bf2"
3258,2011,"bf1"
3258,2012,"bf1"
3258,2013,"bf1"
3259,2004,"bf2"
3259,2005,"bf1"
3259,2006,"bf2"
3259,2007,"bf1"
3259,2008,"bf2"
3259,2009,"bf1"
3259,2010,"bf1"
3259,2011,"bf1"
3259,2012,"bf1"
3259,2013,"bf1"
3260,2004,"bf2"
3260,2005,"bf2"
3260,2006,"bf2"
3260,2007,"bf2"
3260,2008,"bf2"
3260,2009,"bf2"
3260,2010,"bf2"
3260,2011,"bf0"
3260,2012,"bf1"
3260,2013,"bf1"
3261,2004,"bf1"
3261,2005,"bf3"
3261,2006,"bf2"
3261,2007,"bf2"
3261,2008,"bf2"
3261,2009,"bf2"
3261,2010,"bf3"
3261,2011,"bf1"
3261,2012,"bf2"
3261,2013,"bf1"
3262,2004,"bf2"
3262,2005,"bf2"
3262,2006,"bf2"
3262,2007,"bf1"
3262,2008,"bf2"
3262,2009,"bf2"
3262,2010,"bf0"
3262,2011,"bf1"
3262,2012,"bf1"
3262,2013,"bf1"
3263,2004,"0"
3263,2005,"0"
3263,2006,"0"
3263,2007,"0"
3263,2008,"0"
3263,2009,"0"
3263,2010,"0"
3263,2011,"0"
3263,2012,"0"
3263,2013,"0"
3264,2004,"bf3"
3264,2005,"bf2"
3264,2006,"bf2"
3264,2007,"bf2"
3264,2008,"bf2"
3264,2009,"bf3"
3264,2010,"bf1"
3264,2011,"bf1"
3264,2012,"bf1"
3264,2013,"bf1"
3265,2004,"bf2"
3265,2005,"bf2"
3265,2006,"bf2"
3265,2007,"bf2"
3265,2008,"bf3"
3265,2009,"bf2"
3265,2010,"bf2"
3265,2011,"bf0"
3265,2012,"bf1"
3265,2013,"bf1"
3266,2004,"bf3"
3266,2005,"bf2"
3266,2006,"bf3"
3266,2007,"bf2"
3266,2008,"bf3"
3266,2009,"bf3"
3266,2010,"bf1"
3266,2011,"bf1"
3266,2012,"bf1"
3266,2013,"bf1"
3267,2004,"0"
3267,2005,"0"
3267,2006,"0"
3267,2007,"0"
3267,2008,"0"
3267,2009,"0"
3267,2010,"0"
3267,2011,"0"
3267,2012,"0"
3267,2013,"0"
3268,2004,"bf1"
3268,2005,"bf1"
3268,2006,"bf2"
3268,2007,"bf2"
3268,2008,"bf2"
3268,2009,"bf3"
3268,2010,"bf1"
3268,2011,"bf1"
3268,2012,"bf1"
3268,2013,"bf1"
3270,2004,"bf1"
3270,2005,"bf2"
3270,2006,"bf2"
3270,2007,"bf2"
3270,2008,"bf2"
3270,2009,"bf3"
3270,2010,"bf3"
3270,2011,"bf1"
3270,2012,"bf1"
3270,2013,"bf1"
3271,2004,"bf1"
3271,2005,"bf2"
3271,2006,"bf1"
3271,2007,"bf1"
3271,2008,"bf2"
3271,2009,"0"
3271,2010,"0"
3271,2011,"0"
3271,2012,"0"
3271,2013,"0"
3272,2004,"bf2"
3272,2005,"bf1"
3272,2006,"bf2"
3272,2007,"bf2"
3272,2008,"bf2"
3272,2009,"bf1"
3272,2010,"bf1"
3272,2011,"bf1"
3272,2012,"bf1"
3272,2013,"bf1"
3273,2004,"bf2"
3273,2005,"bf2"
3273,2006,"bf2"
3273,2007,"bf2"
3273,2008,"bf3"
3273,2009,"bf3"
3273,2010,"bf2"
3273,2011,"bf1"
3273,2012,"bf1"
3273,2013,"bf1"
3274,2004,"bf2"
3274,2005,"bf2"
3274,2006,"bf2"
3274,2007,"bf2"
3274,2008,"bf2"
3274,2009,"bf1"
3274,2010,"bf1"
3274,2011,"bf1"
3274,2012,"bf1"
3274,2013,"bf1"
3276,2004,"bf2"
3276,2005,"bf2"
3276,2006,"bf3"
3276,2007,"bf2"
3276,2008,"bf2"
3276,2009,"bf2"
3276,2010,"bf2"
3276,2011,"bf1"
3276,2012,"bf1"
3276,2013,"bf1"
3277,2004,"0"
3277,2005,"0"
3277,2006,"0"
3277,2007,"0"
3277,2008,"0"
3277,2009,"0"
3277,2010,"0"
3277,2011,"0"
3277,2012,"0"
3277,2013,"0"
3278,2004,"bf2"
3278,2005,"bf2"
3278,2006,"bf3"
3278,2007,"bf2"
3278,2008,"bf2"
3278,2009,"bf1"
3278,2010,"bf3"
3278,2011,"bf3"
3278,2012,"bf1"
3278,2013,"bf1"
3279,2004,"bf2"
3279,2005,"bf1"
3279,2006,"bf1"
3279,2007,"0"
3279,2008,"0"
3279,2009,"0"
3279,2010,"0"
3279,2011,"0"
3279,2012,"0"
3279,2013,"0"
3280,2004,"bf2"
3280,2005,"bf2"
3280,2006,"bf2"
3280,2007,"bf2"
3280,2008,"bf1"
3280,2009,"bf1"
3280,2010,"bf2"
3280,2011,"bf1"
3280,2012,"bf1"
3280,2013,"bf1"
3281,2004,"bf2"
3281,2005,"0"
3281,2006,"0"
3281,2007,"0"
3281,2008,"0"
3281,2009,"0"
3281,2010,"0"
3281,2011,"0"
3281,2012,"0"
3281,2013,"0"
3282,2004,"bf2"
3282,2005,"bf2"
3282,2006,"bf2"
3282,2007,"bf2"
3282,2008,"bf2"
3282,2009,"bf1"
3282,2010,"bf2"
3282,2011,"bf1"
3282,2012,"bf1"
3282,2013,"bf1"
3283,2004,"bf1"
3283,2005,"bf1"
3283,2006,"bf1"
3283,2007,"bf1"
3283,2008,"bf1"
3283,2009,"0"
3283,2010,"0"
3283,2011,"0"
3283,2012,"0"
3283,2013,"0"
3284,2004,"bf2"
3284,2005,"bf1"
3284,2006,"bf1"
3284,2007,"bf1"
3284,2008,"bf1"
3284,2009,"bf1"
3284,2010,"bf1"
3284,2011,"bf1"
3284,2012,"bf1"
3284,2013,"bf1"
3285,2004,"0"
3285,2005,"0"
3285,2006,"0"
3285,2007,"0"
3285,2008,"0"
3285,2009,"0"
3285,2010,"0"
3285,2011,"0"
3285,2012,"0"
3285,2013,"0"
3286,2004,"bf1"
3286,2005,"bf2"
3286,2006,"bf1"
3286,2007,"bf1"
3286,2008,"bf1"
3286,2009,"bf1"
3286,2010,"bf1"
3286,2011,"bf1"
3286,2012,"bf1"
3286,2013,"bf1"
3287,2004,"bf2"
3287,2005,"bf2"
3287,2006,"bf2"
3287,2007,"bf2"
3287,2008,"0"
3287,2009,"0"
3287,2010,"0"
3287,2011,"0"
3287,2012,"0"
3287,2013,"0"
3288,2004,"bf3"
3288,2005,"bf2"
3288,2006,"bf3"
3288,2007,"bf3"
3288,2008,"bf2"
3288,2009,"bf1"
3288,2010,"bf2"
3288,2011,"bf1"
3288,2012,"bf2"
3288,2013,"bf1"
3289,2004,"bf1"
3289,2005,"bf2"
3289,2006,"bf2"
3289,2007,"bf1"
3289,2008,"bf1"
3289,2009,"bf1"
3289,2010,"bf2"
3289,2011,"bf1"
3289,2012,"bf1"
3289,2013,"bf1"
3290,2004,"bf2"
3290,2005,"bf2"
3290,2006,"bf2"
3290,2007,"bf2"
3290,2008,"bf1"
3290,2009,"bf1"
3290,2010,"bf1"
3290,2011,"bf1"
3290,2012,"bf1"
3290,2013,"bf1"
3291,2004,"bf2"
3291,2005,"bf1"
3291,2006,"bf2"
3291,2007,"0"
3291,2008,"0"
3291,2009,"0"
3291,2010,"0"
3291,2011,"0"
3291,2012,"0"
3291,2013,"0"
3292,2004,"0"
3292,2005,"0"
3292,2006,"0"
3292,2007,"0"
3292,2008,"0"
3292,2009,"0"
3292,2010,"0"
3292,2011,"0"
3292,2012,"0"
3292,2013,"0"
3293,2004,"bf2"
3293,2005,"bf2"
3293,2006,"bf1"
3293,2007,"bf1"
3293,2008,"0"
3293,2009,"0"
3293,2010,"0"
3293,2011,"0"
3293,2012,"0"
3293,2013,"0"
3294,2004,"bf2"
3294,2005,"bf1"
3294,2006,"bf1"
3294,2007,"bf1"
3294,2008,"bf1"
3294,2009,"bf1"
3294,2010,"bf1"
3294,2011,"bf1"
3294,2012,"0"
3294,2013,"0"
3295,2004,"bf2"
3295,2005,"bf1"
3295,2006,"bf2"
3295,2007,"bf2"
3295,2008,"bf1"
3295,2009,"bf1"
3295,2010,"bf1"
3295,2011,"bf1"
3295,2012,"bf1"
3295,2013,"bf1"
3296,2004,"bf2"
3296,2005,"bf1"
3296,2006,"bf3"
3296,2007,"bf2"
3296,2008,"bf0"
3296,2009,"bf1"
3296,2010,"bf1"
3296,2011,"bf1"
3296,2012,"bf0"
3296,2013,"bf1"
3297,2004,"0"
3297,2005,"0"
3297,2006,"0"
3297,2007,"0"
3297,2008,"0"
3297,2009,"0"
3297,2010,"0"
3297,2011,"0"
3297,2012,"0"
3297,2013,"0"
3298,2004,"bf3"
3298,2005,"bf1"
3298,2006,"bf1"
3298,2007,"bf1"
3298,2008,"bf2"
3298,2009,"bf1"
3298,2010,"bf1"
3298,2011,"bf1"
3298,2012,"bf1"
3298,2013,"bf1"
3299,2004,"bf1"
3299,2005,"bf1"
3299,2006,"bf2"
3299,2007,"bf2"
3299,2008,"bf2"
3299,2009,"bf1"
3299,2010,"bf1"
3299,2011,"bf1"
3299,2012,"bf1"
3299,2013,"bf1"
3301,2004,"0"
3301,2005,"0"
3301,2006,"0"
3301,2007,"0"
3301,2008,"0"
3301,2009,"0"
3301,2010,"0"
3301,2011,"0"
3301,2012,"0"
3301,2013,"0"
3302,2004,"0"
3302,2005,"0"
3302,2006,"0"
3302,2007,"0"
3302,2008,"0"
3302,2009,"0"
3302,2010,"0"
3302,2011,"0"
3302,2012,"0"
3302,2013,"0"
3303,2004,"bf2"
3303,2005,"0"
3303,2006,"0"
3303,2007,"0"
3303,2008,"0"
3303,2009,"0"
3303,2010,"0"
3303,2011,"0"
3303,2012,"0"
3303,2013,"0"
3304,2004,"bf1"
3304,2005,"bf2"
3304,2006,"bf3"
3304,2007,"bf3"
3304,2008,"bf1"
3304,2009,"bf1"
3304,2010,"bf1"
3304,2011,"bf2"
3304,2012,"bf1"
3304,2013,"bf0"
3305,2004,"bf1"
3305,2005,"bf1"
3305,2006,"bf1"
3305,2007,"bf2"
3305,2008,"bf1"
3305,2009,"bf1"
3305,2010,"bf1"
3305,2011,"bf1"
3305,2012,"bf1"
3305,2013,"bf1"
3307,2004,"0"
3307,2005,"0"
3307,2006,"0"
3307,2007,"0"
3307,2008,"0"
3307,2009,"0"
3307,2010,"0"
3307,2011,"0"
3307,2012,"0"
3307,2013,"0"
3310,2004,"bf1"
3310,2005,"bf2"
3310,2006,"bf2"
3310,2007,"bf2"
3310,2008,"0"
3310,2009,"0"
3310,2010,"0"
3310,2011,"0"
3310,2012,"0"
3310,2013,"0"
3311,2004,"bf2"
3311,2005,"bf1"
3311,2006,"bf1"
3311,2007,"bf2"
3311,2008,"bf2"
3311,2009,"0"
3311,2010,"0"
3311,2011,"0"
3311,2012,"0"
3311,2013,"0"
3312,2004,"bf1"
3312,2005,"bf1"
3312,2006,"bf2"
3312,2007,"0"
3312,2008,"0"
3312,2009,"0"
3312,2010,"0"
3312,2011,"0"
3312,2012,"0"
3312,2013,"0"
3313,2004,"bf1"
3313,2005,"0"
3313,2006,"0"
3313,2007,"0"
3313,2008,"0"
3313,2009,"0"
3313,2010,"0"
3313,2011,"0"
3313,2012,"0"
3313,2013,"0"
3314,2004,"bf1"
3314,2005,"bf2"
3314,2006,"bf3"
3314,2007,"bf2"
3314,2008,"0"
3314,2009,"0"
3314,2010,"0"
3314,2011,"0"
3314,2012,"0"
3314,2013,"0"
3315,2004,"bf1"
3315,2005,"bf1"
3315,2006,"bf2"
3315,2007,"bf2"
3315,2008,"bf1"
3315,2009,"bf1"
3315,2010,"bf1"
3315,2011,"bf1"
3315,2012,"bf1"
3315,2013,"bf1"
3316,2004,"bf1"
3316,2005,"bf2"
3316,2006,"bf1"
3316,2007,"bf2"
3316,2008,"bf1"
3316,2009,"bf1"
3316,2010,"bf2"
3316,2011,"bf1"
3316,2012,"bf1"
3316,2013,"bf1"
3317,2004,"bf1"
3317,2005,"bf1"
3317,2006,"bf1"
3317,2007,"bf2"
3317,2008,"0"
3317,2009,"0"
3317,2010,"0"
3317,2011,"0"
3317,2012,"0"
3317,2013,"0"
3318,2004,"0"
3318,2005,"0"
3318,2006,"0"
3318,2007,"0"
3318,2008,"0"
3318,2009,"0"
3318,2010,"0"
3318,2011,"0"
3318,2012,"0"
3318,2013,"0"
3319,2004,"bf2"
3319,2005,"bf1"
3319,2006,"bf1"
3319,2007,"0"
3319,2008,"0"
3319,2009,"0"
3319,2010,"0"
3319,2011,"0"
3319,2012,"0"
3319,2013,"0"
3321,2004,"bf2"
3321,2005,"bf1"
3321,2006,"bf1"
3321,2007,"bf3"
3321,2008,"bf1"
3321,2009,"bf2"
3321,2010,"bf1"
3321,2011,"0"
3321,2012,"0"
3321,2013,"0"
3322,2004,"bf1"
3322,2005,"bf2"
3322,2006,"bf1"
3322,2007,"bf3"
3322,2008,"bf1"
3322,2009,"bf1"
3322,2010,"bf3"
3322,2011,"bf1"
3322,2012,"bf1"
3322,2013,"bf0"
3323,2004,"bf1"
3323,2005,"0"
3323,2006,"0"
3323,2007,"0"
3323,2008,"0"
3323,2009,"0"
3323,2010,"0"
3323,2011,"0"
3323,2012,"0"
3323,2013,"0"
3325,2004,"0"
3325,2005,"0"
3325,2006,"0"
3325,2007,"0"
3325,2008,"0"
3325,2009,"0"
3325,2010,"0"
3325,2011,"0"
3325,2012,"0"
3325,2013,"0"
3326,2004,"0"
3326,2005,"0"
3326,2006,"0"
3326,2007,"0"
3326,2008,"0"
3326,2009,"0"
3326,2010,"0"
3326,2011,"0"
3326,2012,"0"
3326,2013,"0"
3327,2004,"0"
3327,2005,"0"
3327,2006,"0"
3327,2007,"0"
3327,2008,"0"
3327,2009,"0"
3327,2010,"0"
3327,2011,"0"
3327,2012,"0"
3327,2013,"0"
3328,2004,"0"
3328,2005,"0"
3328,2006,"0"
3328,2007,"0"
3328,2008,"0"
3328,2009,"0"
3328,2010,"0"
3328,2011,"0"
3328,2012,"0"
3328,2013,"0"
3329,2004,"bf1"
3329,2005,"bf1"
3329,2006,"bf1"
3329,2007,"bf1"
3329,2008,"bf1"
3329,2009,"bf1"
3329,2010,"bf1"
3329,2011,"bf1"
3329,2012,"bf1"
3329,2013,"bf1"
3330,2004,"bf1"
3330,2005,"bf1"
3330,2006,"bf1"
3330,2007,"bf2"
3330,2008,"bf1"
3330,2009,"bf1"
3330,2010,"bf1"
3330,2011,"0"
3330,2012,"0"
3330,2013,"0"
3331,2004,"bf1"
3331,2005,"bf1"
3331,2006,"bf1"
3331,2007,"bf2"
3331,2008,"bf2"
3331,2009,"bf1"
3331,2010,"bf2"
3331,2011,"bf1"
3331,2012,"bf1"
3331,2013,"bf1"
3332,2004,"bf1"
3332,2005,"bf1"
3332,2006,"bf0"
3332,2007,"bf2"
3332,2008,"bf2"
3332,2009,"bf1"
3332,2010,"bf2"
3332,2011,"bf1"
3332,2012,"bf1"
3332,2013,"bf1"
3333,2004,"0"
3333,2005,"0"
3333,2006,"0"
3333,2007,"0"
3333,2008,"0"
3333,2009,"0"
3333,2010,"0"
3333,2011,"0"
3333,2012,"0"
3333,2013,"0"
3334,2004,"bf1"
3334,2005,"bf1"
3334,2006,"bf2"
3334,2007,"bf2"
3334,2008,"bf1"
3334,2009,"bf1"
3334,2010,"bf1"
3334,2011,"bf1"
3334,2012,"bf1"
3334,2013,"bf1"
3335,2004,"0"
3335,2005,"0"
3335,2006,"0"
3335,2007,"0"
3335,2008,"0"
3335,2009,"0"
3335,2010,"0"
3335,2011,"0"
3335,2012,"0"
3335,2013,"0"
3336,2004,"bf1"
3336,2005,"bf0"
3336,2006,"bf3"
3336,2007,"bf3"
3336,2008,"bf2"
3336,2009,"bf2"
3336,2010,"bf3"
3336,2011,"bf1"
3336,2012,"bf1"
3336,2013,"bf1"
3337,2004,"bf1"
3337,2005,"bf2"
3337,2006,"bf2"
3337,2007,"bf2"
3337,2008,"bf2"
3337,2009,"bf2"
3337,2010,"bf2"
3337,2011,"bf1"
3337,2012,"bf1"
3337,2013,"0"
3338,2004,"bf1"
3338,2005,"bf2"
3338,2006,"bf2"
3338,2007,"bf2"
3338,2008,"bf1"
3338,2009,"0"
3338,2010,"0"
3338,2011,"0"
3338,2012,"0"
3338,2013,"0"
3339,2004,"bf1"
3339,2005,"bf2"
3339,2006,"bf3"
3339,2007,"bf3"
3339,2008,"bf2"
3339,2009,"bf1"
3339,2010,"bf3"
3339,2011,"bf1"
3339,2012,"bf1"
3339,2013,"bf1"
3340,2004,"0"
3340,2005,"0"
3340,2006,"0"
3340,2007,"0"
3340,2008,"0"
3340,2009,"0"
3340,2010,"0"
3340,2011,"0"
3340,2012,"0"
3340,2013,"0"
3341,2004,"bf1"
3341,2005,"bf2"
3341,2006,"bf3"
3341,2007,"bf2"
3341,2008,"bf1"
3341,2009,"bf1"
3341,2010,"bf2"
3341,2011,"bf0"
3341,2012,"bf1"
3341,2013,"bf1"
3342,2004,"bf2"
3342,2005,"bf2"
3342,2006,"0"
3342,2007,"0"
3342,2008,"0"
3342,2009,"0"
3342,2010,"0"
3342,2011,"0"
3342,2012,"0"
3342,2013,"0"
3343,2004,"bf1"
3343,2005,"bf2"
3343,2006,"bf2"
3343,2007,"bf3"
3343,2008,"bf2"
3343,2009,"bf1"
3343,2010,"bf3"
3343,2011,"bf0"
3343,2012,"bf1"
3343,2013,"bf1"
3344,2004,"bf1"
3344,2005,"bf2"
3344,2006,"bf2"
3344,2007,"bf2"
3344,2008,"bf1"
3344,2009,"bf2"
3344,2010,"0"
3344,2011,"0"
3344,2012,"0"
3344,2013,"0"
3345,2004,"bf1"
3345,2005,"bf3"
3345,2006,"bf2"
3345,2007,"bf3"
3345,2008,"bf1"
3345,2009,"bf1"
3345,2010,"bf2"
3345,2011,"bf1"
3345,2012,"bf1"
3345,2013,"bf1"
3346,2004,"bf2"
3346,2005,"bf2"
3346,2006,"bf2"
3346,2007,"bf2"
3346,2008,"bf1"
3346,2009,"bf1"
3346,2010,"bf2"
3346,2011,"bf1"
3346,2012,"bf1"
3346,2013,"bf1"
3347,2004,"bf1"
3347,2005,"bf3"
3347,2006,"bf2"
3347,2007,"bf2"
3347,2008,"bf1"
3347,2009,"bf1"
3347,2010,"bf1"
3347,2011,"bf1"
3347,2012,"bf1"
3347,2013,"bf1"
3348,2004,"0"
3348,2005,"0"
3348,2006,"0"
3348,2007,"0"
3348,2008,"0"
3348,2009,"0"
3348,2010,"0"
3348,2011,"0"
3348,2012,"0"
3348,2013,"0"
3349,2004,"bf1"
3349,2005,"bf2"
3349,2006,"bf2"
3349,2007,"bf2"
3349,2008,"bf2"
3349,2009,"bf2"
3349,2010,"bf2"
3349,2011,"bf1"
3349,2012,"bf1"
3349,2013,"bf1"
3350,2004,"bf1"
3350,2005,"bf1"
3350,2006,"bf1"
3350,2007,"bf2"
3350,2008,"bf1"
3350,2009,"bf1"
3350,2010,"bf2"
3350,2011,"bf1"
3350,2012,"bf1"
3350,2013,"bf1"
3351,2004,"bf1"
3351,2005,"bf0"
3351,2006,"bf3"
3351,2007,"bf3"
3351,2008,"bf2"
3351,2009,"bf2"
3351,2010,"bf1"
3351,2011,"bf1"
3351,2012,"bf1"
3351,2013,"bf1"
3353,2004,"bf2"
3353,2005,"bf2"
3353,2006,"bf3"
3353,2007,"bf3"
3353,2008,"bf1"
3353,2009,"bf2"
3353,2010,"bf3"
3353,2011,"bf1"
3353,2012,"bf0"
3353,2013,"0"
3354,2004,"bf1"
3354,2005,"bf1"
3354,2006,"bf2"
3354,2007,"bf2"
3354,2008,"bf2"
3354,2009,"bf1"
3354,2010,"bf3"
3354,2011,"bf1"
3354,2012,"bf1"
3354,2013,"bf1"
3355,2004,"0"
3355,2005,"0"
3355,2006,"0"
3355,2007,"0"
3355,2008,"0"
3355,2009,"0"
3355,2010,"0"
3355,2011,"0"
3355,2012,"0"
3355,2013,"0"
3357,2004,"bf1"
3357,2005,"bf1"
3357,2006,"bf2"
3357,2007,"bf2"
3357,2008,"bf1"
3357,2009,"bf2"
3357,2010,"bf2"
3357,2011,"bf2"
3357,2012,"0"
3357,2013,"0"
3358,2004,"bf1"
3358,2005,"bf2"
3358,2006,"bf2"
3358,2007,"bf3"
3358,2008,"0"
3358,2009,"0"
3358,2010,"0"
3358,2011,"0"
3358,2012,"0"
3358,2013,"0"
3359,2004,"bf2"
3359,2005,"bf2"
3359,2006,"bf2"
3359,2007,"bf3"
3359,2008,"0"
3359,2009,"0"
3359,2010,"0"
3359,2011,"0"
3359,2012,"0"
3359,2013,"0"
3360,2004,"bf1"
3360,2005,"bf1"
3360,2006,"bf2"
3360,2007,"bf1"
3360,2008,"bf3"
3360,2009,"bf3"
3360,2010,"bf3"
3360,2011,"bf1"
3360,2012,"bf1"
3360,2013,"bf1"
3361,2004,"bf1"
3361,2005,"bf1"
3361,2006,"bf2"
3361,2007,"bf2"
3361,2008,"0"
3361,2009,"0"
3361,2010,"0"
3361,2011,"0"
3361,2012,"0"
3361,2013,"0"
3362,2004,"0"
3362,2005,"0"
3362,2006,"0"
3362,2007,"0"
3362,2008,"0"
3362,2009,"0"
3362,2010,"0"
3362,2011,"0"
3362,2012,"0"
3362,2013,"0"
3364,2004,"bf1"
3364,2005,"bf3"
3364,2006,"bf1"
3364,2007,"bf1"
3364,2008,"bf1"
3364,2009,"0"
3364,2010,"0"
3364,2011,"0"
3364,2012,"0"
3364,2013,"0"
3365,2004,"0"
3365,2005,"0"
3365,2006,"0"
3365,2007,"0"
3365,2008,"0"
3365,2009,"0"
3365,2010,"0"
3365,2011,"0"
3365,2012,"0"
3365,2013,"0"
3366,2004,"0"
3366,2005,"0"
3366,2006,"0"
3366,2007,"0"
3366,2008,"0"
3366,2009,"0"
3366,2010,"0"
3366,2011,"0"
3366,2012,"0"
3366,2013,"0"
3367,2004,"bf1"
3367,2005,"bf1"
3367,2006,"bf2"
3367,2007,"bf2"
3367,2008,"0"
3367,2009,"0"
3367,2010,"0"
3367,2011,"0"
3367,2012,"0"
3367,2013,"0"
3368,2004,"0"
3368,2005,"0"
3368,2006,"0"
3368,2007,"0"
3368,2008,"0"
3368,2009,"0"
3368,2010,"0"
3368,2011,"0"
3368,2012,"0"
3368,2013,"0"
3369,2004,"bf2"
3369,2005,"bf2"
3369,2006,"bf2"
3369,2007,"bf3"
3369,2008,"bf2"
3369,2009,"bf1"
3369,2010,"bf1"
3369,2011,"bf1"
3369,2012,"bf0"
3369,2013,"bf0"
3371,2004,"bf2"
3371,2005,"bf2"
3371,2006,"bf2"
3371,2007,"bf2"
3371,2008,"0"
3371,2009,"0"
3371,2010,"0"
3371,2011,"0"
3371,2012,"0"
3371,2013,"0"
3372,2004,"bf2"
3372,2005,"bf2"
3372,2006,"bf2"
3372,2007,"bf3"
3372,2008,"0"
3372,2009,"0"
3372,2010,"0"
3372,2011,"0"
3372,2012,"0"
3372,2013,"0"
3373,2004,"0"
3373,2005,"0"
3373,2006,"0"
3373,2007,"0"
3373,2008,"0"
3373,2009,"0"
3373,2010,"0"
3373,2011,"0"
3373,2012,"0"
3373,2013,"0"
3374,2004,"bf3"
3374,2005,"bf3"
3374,2006,"bf3"
3374,2007,"bf2"
3374,2008,"0"
3374,2009,"0"
3374,2010,"0"
3374,2011,"0"
3374,2012,"0"
3374,2013,"0"
3375,2004,"bf1"
3375,2005,"bf2"
3375,2006,"bf2"
3375,2007,"bf2"
3375,2008,"bf1"
3375,2009,"bf2"
3375,2010,"bf3"
3375,2011,"bf1"
3375,2012,"bf1"
3375,2013,"bf1"
3376,2004,"0"
3376,2005,"0"
3376,2006,"0"
3376,2007,"0"
3376,2008,"0"
3376,2009,"0"
3376,2010,"0"
3376,2011,"0"
3376,2012,"0"
3376,2013,"0"
3377,2004,"bf1"
3377,2005,"bf2"
3377,2006,"bf2"
3377,2007,"bf2"
3377,2008,"0"
3377,2009,"0"
3377,2010,"0"
3377,2011,"0"
3377,2012,"0"
3377,2013,"0"
3378,2004,"bf2"
3378,2005,"bf2"
3378,2006,"bf2"
3378,2007,"bf2"
3378,2008,"bf1"
3378,2009,"bf1"
3378,2010,"bf2"
3378,2011,"bf1"
3378,2012,"bf1"
3378,2013,"bf1"
3379,2004,"bf1"
3379,2005,"bf2"
3379,2006,"bf2"
3379,2007,"bf2"
3379,2008,"bf3"
3379,2009,"bf2"
3379,2010,"bf3"
3379,2011,"bf1"
3379,2012,"bf1"
3379,2013,"bf1"
3380,2004,"bf1"
3380,2005,"bf2"
3380,2006,"bf2"
3380,2007,"bf2"
3380,2008,"bf2"
3380,2009,"bf2"
3380,2010,"bf2"
3380,2011,"bf1"
3380,2012,"bf1"
3380,2013,"bf1"
3381,2004,"0"
3381,2005,"0"
3381,2006,"0"
3381,2007,"0"
3381,2008,"0"
3381,2009,"0"
3381,2010,"0"
3381,2011,"0"
3381,2012,"0"
3381,2013,"0"
3382,2004,"bf1"
3382,2005,"bf2"
3382,2006,"bf2"
3382,2007,"bf3"
3382,2008,"bf1"
3382,2009,"bf2"
3382,2010,"bf3"
3382,2011,"bf1"
3382,2012,"bf1"
3382,2013,"bf1"
3383,2004,"bf1"
3383,2005,"bf2"
3383,2006,"bf2"
3383,2007,"bf2"
3383,2008,"bf1"
3383,2009,"bf2"
3383,2010,"bf2"
3383,2011,"bf1"
3383,2012,"bf1"
3383,2013,"bf1"
3384,2004,"bf1"
3384,2005,"bf2"
3384,2006,"bf2"
3384,2007,"bf2"
3384,2008,"bf1"
3384,2009,"bf0"
3384,2010,"bf2"
3384,2011,"bf1"
3384,2012,"bf1"
3384,2013,"bf1"
3386,2004,"bf2"
3386,2005,"bf2"
3386,2006,"bf2"
3386,2007,"bf2"
3386,2008,"bf1"
3386,2009,"bf3"
3386,2010,"bf3"
3386,2011,"bf1"
3386,2012,"bf1"
3386,2013,"bf1"
3387,2004,"bf1"
3387,2005,"bf1"
3387,2006,"bf2"
3387,2007,"bf2"
3387,2008,"bf1"
3387,2009,"bf2"
3387,2010,"bf2"
3387,2011,"bf1"
3387,2012,"bf1"
3387,2013,"bf1"
3388,2004,"bf2"
3388,2005,"bf2"
3388,2006,"bf2"
3388,2007,"0"
3388,2008,"0"
3388,2009,"0"
3388,2010,"0"
3388,2011,"0"
3388,2012,"0"
3388,2013,"0"
3389,2004,"bf2"
3389,2005,"bf2"
3389,2006,"bf2"
3389,2007,"bf2"
3389,2008,"bf1"
3389,2009,"bf2"
3389,2010,"bf2"
3389,2011,"bf1"
3389,2012,"bf1"
3389,2013,"bf1"
3390,2004,"bf1"
3390,2005,"bf2"
3390,2006,"bf2"
3390,2007,"bf2"
3390,2008,"bf1"
3390,2009,"bf2"
3390,2010,"bf2"
3390,2011,"bf1"
3390,2012,"bf1"
3390,2013,"bf1"
3391,2004,"bf1"
3391,2005,"bf2"
3391,2006,"bf2"
3391,2007,"bf2"
3391,2008,"bf1"
3391,2009,"bf1"
3391,2010,"bf1"
3391,2011,"bf1"
3391,2012,"bf1"
3391,2013,"bf1"
3392,2004,"bf2"
3392,2005,"bf1"
3392,2006,"bf2"
3392,2007,"bf2"
3392,2008,"bf1"
3392,2009,"bf3"
3392,2010,"bf2"
3392,2011,"bf1"
3392,2012,"bf1"
3392,2013,"bf1"
3393,2004,"bf2"
3393,2005,"bf2"
3393,2006,"bf1"
3393,2007,"bf2"
3393,2008,"0"
3393,2009,"0"
3393,2010,"0"
3393,2011,"0"
3393,2012,"0"
3393,2013,"0"
3394,2004,"bf2"
3394,2005,"bf2"
3394,2006,"bf3"
3394,2007,"bf2"
3394,2008,"bf2"
3394,2009,"bf2"
3394,2010,"bf2"
3394,2011,"bf0"
3394,2012,"bf1"
3394,2013,"bf1"
3395,2004,"bf1"
3395,2005,"bf2"
3395,2006,"bf2"
3395,2007,"bf2"
3395,2008,"bf1"
3395,2009,"bf2"
3395,2010,"bf1"
3395,2011,"bf1"
3395,2012,"bf1"
3395,2013,"bf1"
3396,2004,"bf1"
3396,2005,"bf1"
3396,2006,"bf2"
3396,2007,"bf3"
3396,2008,"bf1"
3396,2009,"bf2"
3396,2010,"bf1"
3396,2011,"bf1"
3396,2012,"bf1"
3396,2013,"bf1"
3397,2004,"bf1"
3397,2005,"bf3"
3397,2006,"bf2"
3397,2007,"bf3"
3397,2008,"bf2"
3397,2009,"bf2"
3397,2010,"bf1"
3397,2011,"bf1"
3397,2012,"bf1"
3397,2013,"bf1"
3398,2004,"bf1"
3398,2005,"bf2"
3398,2006,"bf3"
3398,2007,"bf3"
3398,2008,"bf2"
3398,2009,"bf2"
3398,2010,"bf1"
3398,2011,"bf1"
3398,2012,"bf1"
3398,2013,"bf1"
3399,2004,"0"
3399,2005,"0"
3399,2006,"0"
3399,2007,"0"
3399,2008,"0"
3399,2009,"0"
3399,2010,"0"
3399,2011,"0"
3399,2012,"0"
3399,2013,"0"
3400,2004,"bf2"
3400,2005,"bf3"
3400,2006,"bf2"
3400,2007,"0"
3400,2008,"0"
3400,2009,"0"
3400,2010,"0"
3400,2011,"0"
3400,2012,"0"
3400,2013,"0"
3401,2004,"bf1"
3401,2005,"bf2"
3401,2006,"bf1"
3401,2007,"bf2"
3401,2008,"bf2"
3401,2009,"bf1"
3401,2010,"bf1"
3401,2011,"bf1"
3401,2012,"bf1"
3401,2013,"bf1"
3402,2004,"bf2"
3402,2005,"bf2"
3402,2006,"bf2"
3402,2007,"bf1"
3402,2008,"bf2"
3402,2009,"bf2"
3402,2010,"bf1"
3402,2011,"bf1"
3402,2012,"bf1"
3402,2013,"bf1"
3403,2004,"bf2"
3403,2005,"bf1"
3403,2006,"bf1"
3403,2007,"bf2"
3403,2008,"bf2"
3403,2009,"bf1"
3403,2010,"bf1"
3403,2011,"bf1"
3403,2012,"bf1"
3403,2013,"bf1"
3404,2004,"bf2"
3404,2005,"bf2"
3404,2006,"bf2"
3404,2007,"bf2"
3404,2008,"bf2"
3404,2009,"bf2"
3404,2010,"bf1"
3404,2011,"bf1"
3404,2012,"bf1"
3404,2013,"bf0"
3405,2004,"bf2"
3405,2005,"bf3"
3405,2006,"bf2"
3405,2007,"bf2"
3405,2008,"bf2"
3405,2009,"bf2"
3405,2010,"bf1"
3405,2011,"bf1"
3405,2012,"bf1"
3405,2013,"bf1"
3406,2004,"bf2"
3406,2005,"bf2"
3406,2006,"bf2"
3406,2007,"bf2"
3406,2008,"bf3"
3406,2009,"bf1"
3406,2010,"bf1"
3406,2011,"bf1"
3406,2012,"bf1"
3406,2013,"bf1"
3407,2004,"bf1"
3407,2005,"bf2"
3407,2006,"bf2"
3407,2007,"bf2"
3407,2008,"bf2"
3407,2009,"bf3"
3407,2010,"bf1"
3407,2011,"bf1"
3407,2012,"bf2"
3407,2013,"bf1"
3408,2004,"bf2"
3408,2005,"bf2"
3408,2006,"bf2"
3408,2007,"bf2"
3408,2008,"bf2"
3408,2009,"bf3"
3408,2010,"bf3"
3408,2011,"bf1"
3408,2012,"bf1"
3408,2013,"bf0"
3409,2004,"bf2"
3409,2005,"bf2"
3409,2006,"bf2"
3409,2007,"bf2"
3409,2008,"bf2"
3409,2009,"bf1"
3409,2010,"bf1"
3409,2011,"bf1"
3409,2012,"bf3"
3409,2013,"bf1"
3410,2004,"0"
3410,2005,"0"
3410,2006,"0"
3410,2007,"0"
3410,2008,"0"
3410,2009,"0"
3410,2010,"0"
3410,2011,"0"
3410,2012,"0"
3410,2013,"0"
3411,2004,"bf2"
3411,2005,"bf2"
3411,2006,"bf2"
3411,2007,"bf2"
3411,2008,"bf3"
3411,2009,"bf3"
3411,2010,"bf2"
3411,2011,"bf0"
3411,2012,"bf1"
3411,2013,"bf1"
3412,2004,"bf2"
3412,2005,"bf2"
3412,2006,"bf2"
3412,2007,"bf2"
3412,2008,"bf2"
3412,2009,"bf3"
3412,2010,"bf2"
3412,2011,"bf0"
3412,2012,"bf2"
3412,2013,"bf0"
3413,2004,"bf2"
3413,2005,"bf2"
3413,2006,"bf2"
3413,2007,"bf1"
3413,2008,"bf3"
3413,2009,"bf1"
3413,2010,"bf3"
3413,2011,"bf1"
3413,2012,"bf1"
3413,2013,"bf1"
3414,2004,"bf2"
3414,2005,"bf2"
3414,2006,"0"
3414,2007,"0"
3414,2008,"0"
3414,2009,"0"
3414,2010,"0"
3414,2011,"0"
3414,2012,"0"
3414,2013,"0"
3415,2004,"bf2"
3415,2005,"bf1"
3415,2006,"0"
3415,2007,"0"
3415,2008,"0"
3415,2009,"0"
3415,2010,"0"
3415,2011,"0"
3415,2012,"0"
3415,2013,"0"
3416,2004,"bf2"
3416,2005,"bf3"
3416,2006,"bf2"
3416,2007,"bf1"
3416,2008,"bf2"
3416,2009,"bf1"
3416,2010,"bf1"
3416,2011,"bf1"
3416,2012,"bf1"
3416,2013,"bf1"
3417,2004,"bf2"
3417,2005,"bf3"
3417,2006,"bf3"
3417,2007,"bf2"
3417,2008,"bf2"
3417,2009,"bf1"
3417,2010,"bf2"
3417,2011,"bf1"
3417,2012,"bf1"
3417,2013,"bf1"
3418,2004,"bf2"
3418,2005,"bf1"
3418,2006,"bf0"
3418,2007,"bf2"
3418,2008,"bf1"
3418,2009,"0"
3418,2010,"0"
3418,2011,"0"
3418,2012,"0"
3418,2013,"0"
3419,2004,"bf2"
3419,2005,"bf2"
3419,2006,"0"
3419,2007,"0"
3419,2008,"0"
3419,2009,"0"
3419,2010,"0"
3419,2011,"0"
3419,2012,"0"
3419,2013,"0"
3421,2004,"bf2"
3421,2005,"0"
3421,2006,"0"
3421,2007,"0"
3421,2008,"0"
3421,2009,"0"
3421,2010,"0"
3421,2011,"0"
3421,2012,"0"
3421,2013,"0"
3422,2004,"0"
3422,2005,"0"
3422,2006,"0"
3422,2007,"0"
3422,2008,"0"
3422,2009,"0"
3422,2010,"0"
3422,2011,"0"
3422,2012,"0"
3422,2013,"0"
3423,2004,"bf1"
3423,2005,"bf1"
3423,2006,"bf2"
3423,2007,"bf2"
3423,2008,"bf2"
3423,2009,"0"
3423,2010,"0"
3423,2011,"0"
3423,2012,"0"
3423,2013,"0"
3424,2004,"bf1"
3424,2005,"0"
3424,2006,"0"
3424,2007,"0"
3424,2008,"0"
3424,2009,"0"
3424,2010,"0"
3424,2011,"0"
3424,2012,"0"
3424,2013,"0"
3425,2004,"bf2"
3425,2005,"0"
3425,2006,"0"
3425,2007,"0"
3425,2008,"0"
3425,2009,"0"
3425,2010,"0"
3425,2011,"0"
3425,2012,"0"
3425,2013,"0"
3426,2004,"0"
3426,2005,"0"
3426,2006,"0"
3426,2007,"0"
3426,2008,"0"
3426,2009,"0"
3426,2010,"0"
3426,2011,"0"
3426,2012,"0"
3426,2013,"0"
3427,2004,"bf2"
3427,2005,"bf1"
3427,2006,"bf1"
3427,2007,"bf1"
3427,2008,"bf1"
3427,2009,"bf1"
3427,2010,"bf2"
3427,2011,"bf1"
3427,2012,"bf1"
3427,2013,"bf1"
3428,2004,"0"
3428,2005,"0"
3428,2006,"0"
3428,2007,"0"
3428,2008,"0"
3428,2009,"0"
3428,2010,"0"
3428,2011,"0"
3428,2012,"0"
3428,2013,"0"
3429,2004,"0"
3429,2005,"0"
3429,2006,"0"
3429,2007,"0"
3429,2008,"0"
3429,2009,"0"
3429,2010,"0"
3429,2011,"0"
3429,2012,"0"
3429,2013,"0"
3430,2004,"bf2"
3430,2005,"bf2"
3430,2006,"bf2"
3430,2007,"bf2"
3430,2008,"bf2"
3430,2009,"bf1"
3430,2010,"bf3"
3430,2011,"bf1"
3430,2012,"bf1"
3430,2013,"bf1"
3431,2004,"bf2"
3431,2005,"bf1"
3431,2006,"bf2"
3431,2007,"bf2"
3431,2008,"bf1"
3431,2009,"bf1"
3431,2010,"bf1"
3431,2011,"bf1"
3431,2012,"bf0"
3431,2013,"bf1"
3432,2004,"bf2"
3432,2005,"bf2"
3432,2006,"bf2"
3432,2007,"bf2"
3432,2008,"bf2"
3432,2009,"bf1"
3432,2010,"bf2"
3432,2011,"bf1"
3432,2012,"bf1"
3432,2013,"bf0"
3433,2004,"0"
3433,2005,"0"
3433,2006,"0"
3433,2007,"0"
3433,2008,"0"
3433,2009,"0"
3433,2010,"0"
3433,2011,"0"
3433,2012,"0"
3433,2013,"0"
3434,2004,"0"
3434,2005,"0"
3434,2006,"0"
3434,2007,"0"
3434,2008,"0"
3434,2009,"0"
3434,2010,"0"
3434,2011,"0"
3434,2012,"0"
3434,2013,"0"
3435,2004,"0"
3435,2005,"0"
3435,2006,"0"
3435,2007,"0"
3435,2008,"0"
3435,2009,"0"
3435,2010,"0"
3435,2011,"0"
3435,2012,"0"
3435,2013,"0"
3436,2004,"bf2"
3436,2005,"bf1"
3436,2006,"bf2"
3436,2007,"bf3"
3436,2008,"bf1"
3436,2009,"bf1"
3436,2010,"bf1"
3436,2011,"bf1"
3436,2012,"bf1"
3436,2013,"bf1"
3437,2004,"bf2"
3437,2005,"bf2"
3437,2006,"bf2"
3437,2007,"bf2"
3437,2008,"bf2"
3437,2009,"bf2"
3437,2010,"bf1"
3437,2011,"bf0"
3437,2012,"bf1"
3437,2013,"bf1"
3438,2004,"0"
3438,2005,"0"
3438,2006,"0"
3438,2007,"0"
3438,2008,"0"
3438,2009,"0"
3438,2010,"0"
3438,2011,"0"
3438,2012,"0"
3438,2013,"0"
3439,2004,"bf1"
3439,2005,"bf1"
3439,2006,"bf1"
3439,2007,"0"
3439,2008,"0"
3439,2009,"0"
3439,2010,"0"
3439,2011,"0"
3439,2012,"0"
3439,2013,"0"
3440,2004,"bf1"
3440,2005,"bf2"
3440,2006,"bf1"
3440,2007,"bf1"
3440,2008,"bf1"
3440,2009,"bf1"
3440,2010,"bf1"
3440,2011,"bf1"
3440,2012,"bf1"
3440,2013,"0"
3441,2004,"bf2"
3441,2005,"bf2"
3441,2006,"bf2"
3441,2007,"bf1"
3441,2008,"bf1"
3441,2009,"bf1"
3441,2010,"bf2"
3441,2011,"bf1"
3441,2012,"bf1"
3441,2013,"bf1"
3442,2004,"bf2"
3442,2005,"0"
3442,2006,"0"
3442,2007,"0"
3442,2008,"0"
3442,2009,"0"
3442,2010,"0"
3442,2011,"0"
3442,2012,"0"
3442,2013,"0"
3443,2004,"bf2"
3443,2005,"bf2"
3443,2006,"bf3"
3443,2007,"bf1"
3443,2008,"bf1"
3443,2009,"bf1"
3443,2010,"bf1"
3443,2011,"bf1"
3443,2012,"bf1"
3443,2013,"bf1"
3444,2004,"bf2"
3444,2005,"bf2"
3444,2006,"bf2"
3444,2007,"bf3"
3444,2008,"bf1"
3444,2009,"bf1"
3444,2010,"bf1"
3444,2011,"bf1"
3444,2012,"bf1"
3444,2013,"bf0"
3445,2004,"bf2"
3445,2005,"bf2"
3445,2006,"bf2"
3445,2007,"bf1"
3445,2008,"0"
3445,2009,"0"
3445,2010,"0"
3445,2011,"0"
3445,2012,"0"
3445,2013,"0"
3446,2004,"bf2"
3446,2005,"bf1"
3446,2006,"bf2"
3446,2007,"bf1"
3446,2008,"bf1"
3446,2009,"bf1"
3446,2010,"0"
3446,2011,"0"
3446,2012,"0"
3446,2013,"0"
3447,2004,"0"
3447,2005,"0"
3447,2006,"0"
3447,2007,"0"
3447,2008,"0"
3447,2009,"0"
3447,2010,"0"
3447,2011,"0"
3447,2012,"0"
3447,2013,"0"
3448,2004,"bf2"
3448,2005,"bf2"
3448,2006,"bf1"
3448,2007,"bf1"
3448,2008,"0"
3448,2009,"0"
3448,2010,"0"
3448,2011,"0"
3448,2012,"0"
3448,2013,"0"
3449,2004,"0"
3449,2005,"0"
3449,2006,"0"
3449,2007,"0"
3449,2008,"0"
3449,2009,"0"
3449,2010,"0"
3449,2011,"0"
3449,2012,"0"
3449,2013,"0"
3450,2004,"bf1"
3450,2005,"bf1"
3450,2006,"bf2"
3450,2007,"0"
3450,2008,"0"
3450,2009,"0"
3450,2010,"0"
3450,2011,"0"
3450,2012,"0"
3450,2013,"0"
3452,2004,"0"
3452,2005,"0"
3452,2006,"0"
3452,2007,"0"
3452,2008,"0"
3452,2009,"0"
3452,2010,"0"
3452,2011,"0"
3452,2012,"0"
3452,2013,"0"
3453,2004,"bf2"
3453,2005,"bf2"
3453,2006,"bf1"
3453,2007,"0"
3453,2008,"0"
3453,2009,"0"
3453,2010,"0"
3453,2011,"0"
3453,2012,"0"
3453,2013,"0"
3454,2004,"0"
3454,2005,"0"
3454,2006,"0"
3454,2007,"0"
3454,2008,"0"
3454,2009,"0"
3454,2010,"0"
3454,2011,"0"
3454,2012,"0"
3454,2013,"0"
3455,2004,"bf2"
3455,2005,"bf1"
3455,2006,"bf2"
3455,2007,"bf2"
3455,2008,"0"
3455,2009,"0"
3455,2010,"0"
3455,2011,"0"
3455,2012,"0"
3455,2013,"0"
3456,2004,"bf1"
3456,2005,"bf2"
3456,2006,"bf1"
3456,2007,"bf2"
3456,2008,"0"
3456,2009,"0"
3456,2010,"0"
3456,2011,"0"
3456,2012,"0"
3456,2013,"0"
3457,2004,"bf2"
3457,2005,"bf1"
3457,2006,"bf2"
3457,2007,"bf2"
3457,2008,"0"
3457,2009,"0"
3457,2010,"0"
3457,2011,"0"
3457,2012,"0"
3457,2013,"0"
3458,2004,"bf2"
3458,2005,"bf1"
3458,2006,"bf2"
3458,2007,"bf1"
3458,2008,"bf1"
3458,2009,"bf1"
3458,2010,"bf1"
3458,2011,"bf1"
3458,2012,"bf1"
3458,2013,"bf1"
3459,2004,"bf1"
3459,2005,"bf1"
3459,2006,"bf1"
3459,2007,"bf2"
3459,2008,"bf1"
3459,2009,"bf1"
3459,2010,"bf2"
3459,2011,"bf0"
3459,2012,"bf1"
3459,2013,"bf1"
3460,2004,"bf1"
3460,2005,"bf2"
3460,2006,"bf2"
3460,2007,"bf2"
3460,2008,"bf1"
3460,2009,"bf1"
3460,2010,"bf1"
3460,2011,"0"
3460,2012,"0"
3460,2013,"0"
3461,2004,"bf2"
3461,2005,"bf1"
3461,2006,"bf1"
3461,2007,"bf2"
3461,2008,"bf1"
3461,2009,"bf1"
3461,2010,"bf1"
3461,2011,"bf1"
3461,2012,"bf1"
3461,2013,"bf1"
3462,2004,"0"
3462,2005,"0"
3462,2006,"0"
3462,2007,"0"
3462,2008,"0"
3462,2009,"0"
3462,2010,"0"
3462,2011,"0"
3462,2012,"0"
3462,2013,"0"
3463,2004,"0"
3463,2005,"0"
3463,2006,"0"
3463,2007,"0"
3463,2008,"0"
3463,2009,"0"
3463,2010,"0"
3463,2011,"0"
3463,2012,"0"
3463,2013,"0"
3464,2004,"bf1"
3464,2005,"bf1"
3464,2006,"bf2"
3464,2007,"bf2"
3464,2008,"bf1"
3464,2009,"bf1"
3464,2010,"bf2"
3464,2011,"bf1"
3464,2012,"bf1"
3464,2013,"bf1"
3465,2004,"0"
3465,2005,"0"
3465,2006,"0"
3465,2007,"0"
3465,2008,"0"
3465,2009,"0"
3465,2010,"0"
3465,2011,"0"
3465,2012,"0"
3465,2013,"0"
3466,2004,"bf1"
3466,2005,"0"
3466,2006,"0"
3466,2007,"0"
3466,2008,"0"
3466,2009,"0"
3466,2010,"0"
3466,2011,"0"
3466,2012,"0"
3466,2013,"0"
3467,2004,"bf1"
3467,2005,"bf1"
3467,2006,"bf1"
3467,2007,"0"
3467,2008,"0"
3467,2009,"0"
3467,2010,"0"
3467,2011,"0"
3467,2012,"0"
3467,2013,"0"
3468,2004,"0"
3468,2005,"0"
3468,2006,"0"
3468,2007,"0"
3468,2008,"0"
3468,2009,"0"
3468,2010,"0"
3468,2011,"0"
3468,2012,"0"
3468,2013,"0"
3469,2004,"0"
3469,2005,"0"
3469,2006,"0"
3469,2007,"0"
3469,2008,"0"
3469,2009,"0"
3469,2010,"0"
3469,2011,"0"
3469,2012,"0"
3469,2013,"0"
3470,2004,"0"
3470,2005,"0"
3470,2006,"0"
3470,2007,"0"
3470,2008,"0"
3470,2009,"0"
3470,2010,"0"
3470,2011,"0"
3470,2012,"0"
3470,2013,"0"
3471,2004,"0"
3471,2005,"0"
3471,2006,"0"
3471,2007,"0"
3471,2008,"0"
3471,2009,"0"
3471,2010,"0"
3471,2011,"0"
3471,2012,"0"
3471,2013,"0"
3473,2004,"bf1"
3473,2005,"0"
3473,2006,"0"
3473,2007,"0"
3473,2008,"0"
3473,2009,"0"
3473,2010,"0"
3473,2011,"0"
3473,2012,"0"
3473,2013,"0"
3474,2004,"0"
3474,2005,"0"
3474,2006,"0"
3474,2007,"0"
3474,2008,"0"
3474,2009,"0"
3474,2010,"0"
3474,2011,"0"
3474,2012,"0"
3474,2013,"0"
