"cgplaid","newplantid","lds1","lds2","lds3","ld01","crosstype","yearcross","flat","site_patfam","SitemaxFloweringPl","DistNearestSite","mass","row","posi","ld.2004","fl.2004","hdct.2004","achct.2004","ld.2002","achct.2002","ld.2003","achct.2003","ld.2005","fl.2005","hdct.2005","achct.2005","ld.2006","fl.2006","hdct.2006","achct.2006","ld.2007","fl.2007","hdct.2007","achct.2007","ld.2008","fl.2008"
2918,758,1,1,1,1,"Wr","2000","3","Stevens",56,170,0.00319569120287211,"10",-0.35,1,0,0,0,1,0,1,0,1,0,0,0,1,0,0,0,1,0,0,0,1,1
2919,674,1,1,1,1,"Wr","2000","3","Eriley",25,80,0.393195691202873,"10",-0.344999999999999,1,0,0,0,1,0,1,0,1,0,0,0,1,0,0,0,1,0,0,0,1,0
2920,1129,1,1,1,1,"Br","1999","1","Lf",144,9999,-1.08680430879713,"10",-0.34,1,0,0,0,1,0,1,0,0,0,0,0,0,0,0,0,0,0,0,0,0,0
2922,1098,1,1,1,1,"Br","1999","3","Lf",144,9999,0.363195691202872,"10",-0.33,1,0,0,0,1,0,1,0,1,0,0,0,1,0,0,0,1,0,0,0,1,0
2923,177,1,1,1,1,"Br","2000","2","SPP",5044,9999,-0.936804308797127,"10",-0.324999999999999,1,0,0,0,1,0,1,0,1,0,0,0,1,0,0,0,1,0,0,0,1,0
2924,772,1,1,1,1,"Br","2000","3","Stevens",56,9999,0.453195691202872,"10",-0.319999999999999,1,0,0,0,1,0,1,0,1,0,0,0,1,0,0,0,1,0,0,0,1,0
2925,208,1,1,1,1,"Br","2000","2","SPP",5044,9999,0.843195691202872,"10",-0.315,1,0,0,0,1,0,1,0,1,0,0,0,1,0,0,0,1,1,1,142,0,0
2926,623,1,1,1,1,"Br","2000","3","Lf",144,9999,-1.38680430879713,"10",-0.309999999999999,1,0,0,0,1,0,1,0,1,0,0,0,1,1,1,205,1,0,0,0,1,1
2927,645,1,1,1,1,"Br","2000","2","Lf",144,9999,-0.276804308797128,"10",-0.305,1,0,0,0,1,0,1,0,1,0,0,0,1,1,1,100,1,0,0,0,1,1
2928,969,1,1,1,1,"Wr","1999","1","SPP",5044,600,0.523195691202873,"10",-0.299999999999999,1,0,0,0,1,0,1,0,1,0,0,0,1,0,0,0,1,0,0,0,0,0
2929,856,1,1,1,1,"Wi","2000","3","Stevens",56,170,1.03319569120287,"10",-0.295,1,0,0,0,1,0,1,0,1,0,0,0,1,0,0,0,1,0,0,0,1,0
2930,914,1,1,1,0,"Br","2000","2","Lf",144,9999,0.0931956912028729,"10",-0.289999999999999,0,0,0,0,0,0,0,0,0,0,0,0,0,0,0,0,0,0,0,0,0,0
2931,33,1,1,1,1,"Wi","2000","1","Stevens",56,170,-0.436804308797127,"10",-0.285,1,0,0,0,1,0,1,0,1,0,0,0,1,0,0,0,1,0,0,0,1,0
2932,464,1,1,1,1,"Br","2000","2","Stevens",56,9999,1.29319569120287,"10",-0.279999999999999,1,0,0,0,1,0,1,0,1,0,0,0,1,1,1,173,1,1,1,289,1,1
2933,354,1,1,1,1,"Wi","2000","3","Stevens",56,170,-0.906804308797128,"10",-0.274999999999999,1,0,0,0,1,0,1,0,1,0,0,0,1,0,0,0,1,0,0,0,1,0
2935,1066,1,1,1,1,"Br","1999","2","SPP",5044,9999,1.62319569120287,"10",-0.264999999999999,1,0,0,0,1,0,1,0,1,0,0,0,1,1,1,148,1,0,0,0,1,1
2936,1070,1,1,1,1,"Br","1999","3","SPP",5044,9999,1.14319569120287,"10",-0.26,1,0,0,0,1,0,1,0,1,0,0,0,1,1,1,229,1,0,0,0,1,1
2937,355,1,1,1,1,"Wi","2000","1","Stevens",56,170,-1.23680430879713,"10",-0.254999999999999,1,0,0,0,1,0,1,0,1,0,0,0,1,1,1,182,1,1,2,416,1,1
2938,1026,1,1,1,1,"Br","1999","2","SPP",5044,9999,-0.686804308797128,"10",-0.25,1,0,0,0,1,0,1,0,1,0,0,0,1,1,2,314,1,1,1,237,1,1
2939,1128,1,1,1,1,"Br","1999","2","Lf",144,9999,-1.28680430879713,"10",-0.244999999999999,1,0,0,0,1,0,1,0,1,0,0,0,1,0,0,0,1,1,1,208,1,1
2940,1016,1,1,1,1,"Br","1999","1","Eriley",25,9999,-0.926804308797128,"10",-0.239999999999998,1,0,0,0,1,0,1,0,1,0,0,0,1,1,1,182,1,0,0,0,1,1
2941,1150,1,1,1,1,"Br","1999","3","Eriley",25,9999,-1.37680430879713,"10",-0.234999999999999,1,0,0,0,1,0,1,0,1,0,0,0,1,1,3,562,1,1,2,468,0,0
2942,900,1,1,1,1,"Br","2000","3","NWLF",14,9999,0.563195691202873,"10",-0.229999999999999,1,0,0,0,1,0,1,0,1,0,0,0,1,0,0,0,1,0,0,0,0,0
2943,835,1,1,1,1,"Br","2000","3","Lf",144,9999,0.0731956912028724,"10",-0.225,1,0,0,0,1,0,1,0,1,0,0,0,1,1,1,145,1,1,1,217,1,0
2944,1056,1,1,1,1,"Br","1999","1","SPP",5044,9999,-0.706804308797128,"10",-0.219999999999999,1,0,0,0,1,0,1,0,1,0,0,0,1,1,1,124,1,0,0,0,0,0
2945,246,1,1,1,1,"Br","2000","2","NWLF",14,9999,0.273195691202873,"10",-0.215,1,1,1,156,1,0,1,0,1,0,0,0,1,0,0,0,1,0,0,0,0,0
2946,1133,1,1,1,1,"Wr","1999","3","Eriley",25,80,-1.35680430879713,"10",-0.209999999999999,1,0,0,0,1,0,1,0,1,1,1,149,1,1,2,275,1,0,0,0,0,0
2947,916,1,1,1,1,"Br","2000","2","SPP",5044,9999,0.0331956912028724,"10",-0.205,1,0,0,0,1,0,1,0,1,0,0,0,1,0,0,0,1,0,0,0,0,0
2948,579,1,1,1,1,"Br","2000","3","NWLF",14,9999,1.26319569120287,"10",-0.199999999999999,1,0,0,0,1,0,1,0,1,0,0,0,1,0,0,0,1,1,1,151,1,1
2949,547,1,1,1,1,"Br","2000","3","Lf",144,9999,0.633195691202872,"10",-0.194999999999999,1,0,0,0,1,0,1,0,1,0,0,0,1,0,0,0,1,1,1,165,1,0
2950,1055,1,1,1,1,"Br","1999","3","SPP",5044,9999,-0.976804308797127,"10",-0.19,1,0,0,0,1,0,1,0,1,0,0,0,1,1,1,196,1,0,0,0,0,0
2951,709,1,1,1,0,"Wi","2000","2","Stevens",56,170,-0.976804308797127,"10",-0.184999999999999,0,0,0,0,0,0,0,0,0,0,0,0,0,0,0,0,0,0,0,0,0,0
2952,834,1,1,1,1,"Br","2000","2","Lf",144,9999,-0.326804308797128,"10",-0.18,1,0,0,0,1,0,1,0,1,0,0,0,1,0,0,0,1,1,2,306,0,0
2953,1090,1,1,1,1,"Wr","1999","3","Eriley",25,80,0.883195691202873,"10",-0.174999999999999,1,1,1,184,1,0,1,0,1,0,0,0,1,1,3,553,1,1,4,738,0,0
2954,445,1,1,1,1,"Wi","2000","3","Eriley",25,80,0.873195691202872,"10",-0.17,1,0,0,0,1,0,1,0,1,0,0,0,1,1,1,213,1,0,0,0,0,0
2955,801,1,1,1,1,"Wr","2000","2","Lf",144,10,-0.476804308797127,"10",-0.164999999999999,1,1,1,115,1,0,1,0,1,0,0,0,1,1,3,377,1,1,1,250,1,1
2956,385,1,1,1,1,"Wi","2000","3","Stevens",56,170,-1.27680430879713,"10",-0.16,1,0,0,0,1,0,1,0,1,1,1,184,1,1,2,76,1,1,2,369,1,1
2957,9,1,1,1,1,"Wr","2000","2","NWLF",14,300,1.01319569120287,"10",-0.154999999999999,1,0,0,0,1,0,1,0,1,1,1,173,1,1,3,345,1,0,0,0,1,1
2958,1045,1,1,1,1,"Br","1999","3","Eriley",25,9999,-1.44680430879713,"10",-0.149999999999999,1,0,0,0,1,0,1,0,1,0,0,0,1,1,1,1,1,1,1,230,0,0
2959,328,1,1,1,1,"Br","2000","1","Lf",144,9999,1.17319569120287,"10",-0.145,1,0,0,0,1,0,1,0,1,1,2,305,1,0,0,0,1,1,4,611,0,0
2960,879,1,1,1,1,"Br","2000","2","Stevens",56,9999,0.393195691202873,"10",-0.139999999999999,1,0,0,0,1,0,1,0,1,0,0,0,1,0,0,0,1,0,0,0,1,0
2961,61,1,1,1,1,"Wi","2000","1","SPP",5044,600,-0.696804308797128,"10",-0.135,0,0,0,0,0,0,0,0,0,0,0,0,0,0,0,0,0,0,0,0,0,0
2962,911,1,1,1,1,"Br","2000","2","Lf",144,9999,0.173195691202872,"10",-0.129999999999999,1,0,0,0,1,0,1,0,1,0,0,0,1,0,0,0,1,0,0,0,0,0
2963,390,1,1,1,1,"Wi","2000","1","SPP",5044,600,-0.0468043087971277,"10",-0.125,1,0,0,0,1,0,1,0,1,0,0,0,1,0,0,0,1,0,0,0,1,0
2964,51,1,1,1,1,"Br","2000","3","NWLF",14,9999,0.0231956912028721,"10",-0.119999999999999,1,0,0,0,1,0,1,0,1,0,0,0,1,0,0,0,1,0,0,0,0,0
2965,898,1,1,1,1,"Br","2000","1","NWLF",14,9999,0.963195691202873,"10",-0.114999999999998,1,0,0,0,1,0,1,0,1,0,0,0,1,0,0,0,1,0,0,0,0,0
2966,1107,1,1,1,1,"Br","1999","1","Eriley",25,9999,-1.14680430879713,"10",-0.109999999999999,1,0,0,0,1,0,1,0,1,0,0,0,1,0,0,0,1,0,0,0,1,0
2967,705,1,1,1,1,"Wi","2000","2","Stevens",56,170,-0.366804308797128,"10",-0.104999999999999,1,0,0,0,1,0,1,0,1,0,0,0,1,0,0,0,1,0,0,0,1,0
2968,533,1,1,1,1,"Br","2000","3","Stevens",56,9999,0.623195691202873,"10",-0.0999999999999996,1,0,0,0,1,0,1,0,1,0,0,0,1,1,2,267,1,0,0,0,1,0
2969,988,1,1,1,1,"Br","1999","2","Eriley",25,9999,0.0931956912028729,"10",-0.0949999999999989,1,0,0,0,-99199,0,1,0,1,0,0,0,1,0,0,0,1,0,0,0,1,0
2970,1100,1,1,1,1,"Br","1999","1","Lf",144,9999,-0.356804308797128,"10",-0.0899999999999999,1,0,0,0,1,0,1,0,1,0,0,0,1,0,0,0,1,0,0,0,1,0
2972,511,1,1,1,1,"Br","2000","2","Lf",144,9999,0.183195691202873,"10",-0.0800000000000001,1,0,0,0,1,0,1,0,1,0,0,0,1,0,0,0,1,0,0,0,1,0
2973,1194,1,1,1,1,"Br","1999","1","Lf",144,9999,1.03319569120287,"10",-0.0749999999999993,1,0,0,0,1,0,1,0,1,0,0,0,1,0,0,0,1,0,0,0,1,0
2974,987,1,1,1,1,"Br","1999","3","Eriley",25,9999,-0.126804308797127,"10",-0.0699999999999985,1,0,0,0,1,0,1,0,1,0,0,0,1,0,0,0,1,0,0,0,1,0
2975,81,1,1,1,1,"Br","2000","1","Stevens",56,9999,0.143195691202873,"10",-0.0649999999999995,1,1,1,144,1,0,1,0,1,0,0,0,1,0,0,0,1,0,0,0,1,0
2976,42,1,1,1,1,"Wi","2000","1","Stevens",56,170,0.323195691202872,"10",-0.0599999999999987,1,0,0,0,1,0,1,0,1,0,0,0,1,0,0,0,1,0,0,0,1,0
2977,67,1,1,1,1,"Wi","2000","1","SPP",5044,600,-0.286804308797127,"10",-0.0549999999999997,1,1,1,171,1,0,1,0,1,0,0,0,1,1,2,322,1,0,0,0,1,1
2978,415,1,1,1,1,"Br","2000","3","Stevens",56,9999,-0.346804308797128,"10",-0.0499999999999989,1,1,1,140,1,0,1,0,1,0,0,0,1,0,0,0,1,0,0,0,1,0
2980,450,1,1,1,1,"Br","2000","1","Lf",144,9999,2.10319569120287,"10",-0.0399999999999991,1,0,0,0,1,0,1,0,1,0,0,0,1,0,0,0,1,0,0,0,1,0
2981,841,1,1,1,1,"Wi","2000","3","Stevens",56,170,1.10319569120287,"10",-0.0350000000000001,1,0,0,0,1,0,1,0,1,0,0,0,1,0,0,0,1,0,0,0,1,0
2983,917,1,1,1,1,"Br","2000","1","SPP",5044,9999,-0.876804308797128,"10",-0.0249999999999986,1,0,0,0,1,0,1,0,1,0,0,0,1,0,0,0,1,0,0,0,1,0
2984,474,1,1,1,1,"Br","2000","2","Lf",144,9999,0.863195691202872,"10",-0.0199999999999996,1,0,0,0,1,0,1,0,1,0,0,0,1,0,0,0,1,0,0,0,1,1
2985,902,1,1,1,1,"Br","2000","2","NWLF",14,9999,0.493195691202873,"10",-0.0149999999999988,1,0,0,0,1,0,1,0,1,0,0,0,1,0,0,0,1,1,1,104,1,1
2986,339,1,1,1,1,"Br","2000","3","NWLF",14,9999,0.223195691202873,"10",-0.00999999999999979,1,0,0,0,1,0,1,0,1,0,0,0,1,1,1,2,1,1,1,226,1,1
2987,455,1,1,1,1,"Br","2000","3","Lf",144,9999,1.47319569120287,"10",-0.00499999999999901,1,0,0,0,1,0,1,0,1,0,0,0,1,0,0,0,1,0,0,0,1,0
2988,58,1,1,1,1,"Br","2000","2","SPP",5044,9999,0.263195691202873,"10",0,1,0,0,0,1,0,1,0,1,0,0,0,1,0,0,0,1,0,0,0,1,0
2989,802,1,1,1,1,"Wr","2000","3","Lf",144,10,0.103195691202872,"10",0.00500000000000078,1,0,0,0,1,0,1,0,1,0,0,0,1,1,1,185,1,1,1,186,1,1
2990,283,1,1,1,1,"Wi","2000","3","SPP",5044,600,-0.586804308797127,"10",0.0100000000000016,1,0,0,0,1,0,1,0,1,0,0,0,1,0,0,0,1,0,0,0,0,0
2991,389,1,1,1,1,"Br","2000","1","Lf",144,9999,-0.0468043087971277,"10",0.0150000000000006,1,0,0,0,1,0,1,0,1,0,0,0,1,1,1,162,1,1,1,121,1,1
2993,762,1,1,1,1,"Br","2000","2","NWLF",14,9999,0.133195691202873,"10",0.0250000000000004,1,0,0,0,1,0,1,0,1,0,0,0,1,0,0,0,1,1,1,141,1,0
2994,1237,1,1,1,0,"Wi","1999","3","Stevens",56,170,0.203195691202872,"10",0.0300000000000011,0,0,0,0,0,0,0,0,0,0,0,0,0,0,0,0,0,0,0,0,0,0
2995,786,1,1,1,1,"Wr","2000","2","Lf",144,10,0.833195691202872,"10",0.0350000000000001,1,0,0,0,1,0,1,0,1,1,1,202,1,0,0,0,1,0,0,0,1,1
2996,652,1,1,1,1,"Br","2000","1","NWLF",14,9999,-1.09680430879713,"10",0.0400000000000009,1,0,0,0,1,0,1,0,1,0,0,0,1,1,1,124,1,0,0,0,1,1
2997,755,1,1,1,1,"Wr","2000","3","Lf",144,10,-2.55680430879713,"10",0.0449999999999999,1,0,0,0,1,0,1,0,1,0,0,0,1,0,0,0,1,0,0,0,1,1
2998,990,1,1,1,1,"Br","1999","2","Eriley",25,9999,0.403195691202872,"10",0.0500000000000007,1,0,0,0,1,0,1,0,1,0,0,0,1,1,1,183,1,0,0,0,1,1
2999,1060,1,1,1,1,"Br","1999","2","Eriley",25,9999,-0.376804308797128,"10",0.0550000000000015,1,0,0,0,1,0,1,0,1,0,0,0,1,1,1,134,1,1,1,250,1,1
3000,1114,1,1,1,1,"Br","1999","3","Lf",144,9999,-2.05680430879713,"10",0.0600000000000005,0,0,0,0,1,0,1,0,0,0,0,0,0,0,0,0,0,0,0,0,0,0
3002,429,1,1,1,1,"Wr","2000","3","Lf",144,10,-1.15680430879713,"10",0.0700000000000003,1,0,0,0,1,0,1,0,1,1,1,194,1,1,4,628,1,0,0,0,1,0
3003,1130,1,1,1,1,"Br","1999","3","Lf",144,9999,-1.08680430879713,"10",0.0750000000000011,1,0,0,0,1,0,1,0,1,0,0,0,1,1,1,162,1,0,0,0,0,0
3004,268,1,1,1,1,"Br","2000","2","SPP",5044,9999,-0.986804308797128,"10",0.0800000000000001,1,0,0,0,1,0,1,0,1,0,0,0,1,0,0,0,1,0,0,0,0,0
3005,292,1,1,1,1,"Wi","2000","3","NWLF",14,300,0.843195691202872,"10",0.0850000000000009,1,0,0,0,1,0,1,0,1,0,0,0,1,0,0,0,1,0,0,0,1,0
3007,49,1,1,1,1,"Wi","2000","1","Stevens",56,170,0.643195691202873,"10",0.0950000000000006,0,0,0,0,0,0,0,0,0,0,0,0,0,0,0,0,0,0,0,0,0,0
3008,175,1,1,1,1,"Br","2000","2","SPP",5044,9999,-0.966804308797128,"10",0.100000000000001,1,0,0,0,1,0,1,0,1,0,0,0,1,0,0,0,1,0,0,0,1,0
3009,80,1,1,1,1,"Br","2000","2","Stevens",56,9999,0.253195691202872,"10",0.105,0,0,0,0,1,0,1,0,0,0,0,0,0,0,0,0,0,0,0,0,0,0
3010,357,1,1,1,1,"Wi","2000","2","Stevens",56,170,-0.966804308797128,"10",0.110000000000001,0,0,0,0,1,0,0,0,0,0,0,0,0,0,0,0,0,0,0,0,0,0
3011,775,1,1,1,1,"Br","2000","1","NWLF",14,9999,0.493195691202873,"10",0.115,1,1,1,89,1,0,1,0,1,0,0,0,1,0,0,0,1,0,0,0,1,0
3012,1047,1,1,1,1,"Br","1999","3","Eriley",25,9999,-0.856804308797128,"10",0.120000000000001,1,0,0,0,1,0,1,0,1,0,0,0,1,1,1,123,1,0,0,0,1,0
3013,1054,1,1,1,1,"Br","1999","1","SPP",5044,9999,-0.576804308797128,"10",0.125,1,0,0,0,1,0,1,0,1,0,0,0,1,0,0,0,1,0,0,0,1,0
3014,523,1,1,1,1,"Br","2000","2","Lf",144,9999,0.323195691202872,"10",0.130000000000001,1,0,0,0,1,0,1,0,1,1,1,142,1,1,1,103,1,1,3,557,1,1
3015,1071,1,1,1,1,"Br","1999","3","SPP",5044,9999,1.36319569120287,"10",0.135000000000002,1,0,0,0,1,0,1,0,1,0,0,0,1,0,0,0,1,0,0,0,1,0
3016,453,1,1,1,1,"Br","2000","2","Lf",144,9999,2.07319569120287,"10",0.140000000000001,1,0,0,0,1,0,1,0,1,0,0,0,1,0,0,0,1,0,0,0,0,0
3017,1061,1,1,1,1,"Br","1999","1","Eriley",25,9999,-0.0868043087971273,"10",0.145000000000001,1,0,0,0,1,0,1,0,1,0,0,0,1,0,0,0,1,0,0,0,1,0
3018,982,1,1,1,1,"Wr","1999","2","SPP",5044,600,0.353195691202873,"10",0.15,0,0,0,0,0,0,0,0,0,0,0,0,0,0,0,0,0,0,0,0,0,0
3019,160,1,1,1,1,"Wi","2000","1","Lf",144,10,-0.106804308797127,"10",0.155000000000001,1,0,0,0,1,0,1,0,1,0,0,0,1,0,0,0,1,0,0,0,1,0
3020,541,1,1,1,1,"Wr","2000","2","NWLF",14,300,1.09319569120287,"10",0.16,1,0,0,0,1,0,1,0,1,0,0,0,1,0,0,0,1,0,0,0,1,0
3021,821,1,1,1,1,"Br","2000","1","SPP",5044,9999,1.39319569120287,"10",0.165000000000001,1,0,0,0,1,0,1,0,1,0,0,0,1,1,1,44,1,0,0,0,1,0
3022,90,1,1,1,1,"Br","2000","2","Lf",144,9999,-0.0268043087971277,"10",0.17,1,0,0,0,1,0,1,0,1,0,0,0,1,0,0,0,1,0,0,0,1,0
3023,1115,1,1,1,1,"Br","1999","3","Lf",144,9999,-1.99680430879713,"10",0.175000000000001,1,0,0,0,1,0,1,0,1,0,0,0,0,0,0,0,0,0,0,0,0,0
3024,438,1,1,1,1,"Wr","2000","1","Lf",144,10,-1.23680430879713,"10",0.180000000000001,0,0,0,0,1,0,1,0,0,0,0,0,0,0,0,0,0,0,0,0,0,0
3025,634,1,1,1,1,"Br","2000","2","Stevens",56,9999,0.833195691202872,"10",0.185,1,0,0,0,1,0,1,0,1,0,0,0,1,0,0,0,1,0,0,0,0,0
3027,140,1,1,1,1,"Wi","2000","3","Lf",144,10,0.703195691202872,"10",0.195,1,0,0,0,1,0,1,0,1,0,0,0,1,0,0,0,0,0,0,0,0,0
3028,347,1,1,1,1,"Br","2000","1","Nessman",23,9999,0.623195691202873,"10",0.200000000000001,0,0,0,0,0,0,0,0,0,0,0,0,0,0,0,0,0,0,0,0,0,0
3029,13,1,1,1,1,"Br","2000","2","SPP",5044,9999,1.57319569120287,"10",0.205,1,0,0,0,1,0,1,0,1,0,0,0,1,0,0,0,1,0,0,0,1,0
3030,570,1,1,1,1,"Br","2000","3","Stevens",56,9999,2.13319569120287,"10",0.210000000000001,0,0,0,0,0,0,0,0,0,0,0,0,0,0,0,0,0,0,0,0,0,0
3031,710,1,1,1,1,"Wi","2000","2","Stevens",56,170,-0.576804308797128,"10",0.215,0,0,0,0,1,0,0,0,0,0,0,0,0,0,0,0,0,0,0,0,0,0
3032,55,1,1,1,1,"Br","2000","1","NWLF",14,9999,0.0931956912028729,"10",0.220000000000001,0,0,0,0,0,0,0,0,0,0,0,0,0,0,0,0,0,0,0,0,0,0
3033,848,1,1,1,1,"Br","2000","2","Lf",144,9999,0.0831956912028722,"10",0.225000000000001,0,0,0,0,1,0,0,0,0,0,0,0,0,0,0,0,0,0,0,0,0,0
3034,29,1,1,1,1,"Br","2000","3","Lf",144,9999,1.29319569120287,"10",0.23,1,0,0,0,1,0,1,0,1,0,0,0,1,0,0,0,1,0,0,0,1,0
3035,630,1,1,1,1,"Br","2000","3","SPP",5044,9999,-1.33680430879713,"10",0.235000000000001,1,0,0,0,1,0,1,0,1,0,0,0,1,0,0,0,1,0,0,0,1,0
3037,522,1,1,1,1,"Br","2000","3","Lf",144,9999,-0.0168043087971275,"10",0.245000000000001,0,0,0,0,1,0,0,0,0,0,0,0,0,0,0,0,0,0,0,0,0,0
3038,269,1,1,1,1,"Br","2000","1","SPP",5044,9999,-0.396804308797128,"10",0.25,1,0,0,0,1,0,1,0,1,0,0,0,1,0,0,0,1,0,0,0,0,0
3039,1015,1,1,1,1,"Br","1999","1","Eriley",25,9999,-1.20680430879713,"10",0.255000000000001,1,0,0,0,1,0,1,0,1,0,0,0,1,0,0,0,1,0,0,0,0,0
3040,411,1,1,1,1,"Br","2000","2","Eriley",25,9999,-0.526804308797128,"10",0.260000000000002,1,0,0,0,1,0,1,0,1,0,0,0,1,0,0,0,1,0,0,0,1,0
3041,34,1,1,1,1,"Wi","2000","3","Stevens",56,170,0.573195691202872,"10",0.265000000000001,1,0,0,0,1,0,1,0,1,0,0,0,1,0,0,0,1,0,0,0,0,0
3042,1131,1,1,1,1,"Wr","1999","2","Eriley",25,80,-1.48680430879713,"10",0.270000000000001,1,0,0,0,1,0,1,0,1,0,0,0,1,0,0,0,1,0,0,0,0,0
3043,578,1,1,1,1,"Br","2000","2","NWLF",14,9999,1.44319569120287,"10",0.275,1,0,0,0,1,0,1,0,1,0,0,0,1,0,0,0,1,0,0,0,0,0
3044,417,1,1,1,1,"Br","2000","3","Stevens",56,9999,-0.826804308797128,"10",0.280000000000001,1,0,0,0,1,0,1,0,1,0,0,0,1,0,0,0,1,0,0,0,0,0
3045,946,1,1,1,1,"Wi","2000","1","Lf",144,10,-1.12680430879713,"10",0.285,1,0,0,0,1,0,1,0,1,0,0,0,1,0,0,0,1,0,0,0,0,0
3046,580,1,1,1,1,"Br","2000","3","NWLF",14,9999,-0.396804308797128,"10",0.290000000000001,1,0,0,0,1,0,1,0,1,0,0,0,1,0,0,0,1,0,0,0,1,1
3047,327,1,1,1,1,"Br","2000","2","Lf",144,9999,1.18319569120287,"10",0.295,1,0,0,0,1,0,1,0,1,0,0,0,1,0,0,0,1,0,0,0,1,0
3048,1057,1,1,1,1,"Br","1999","1","SPP",5044,9999,-0.106804308797127,"10",0.300000000000001,0,0,0,0,1,0,1,0,0,0,0,0,0,0,0,0,0,0,0,0,0,0
3049,791,1,1,1,1,"Br","2000","1","Stevens",56,9999,-0.136804308797128,"10",0.305000000000001,0,0,0,0,1,0,0,0,0,0,0,0,0,0,0,0,0,0,0,0,0,0
3050,895,1,1,1,1,"Wi","2000","3","NWLF",14,300,0.483195691202873,"10",0.31,0,0,0,0,1,0,0,0,0,0,0,0,0,0,0,0,0,0,0,0,0,0
3051,392,1,1,1,1,"Wi","2000","2","SPP",5044,600,0.0931956912028729,"10",0.315000000000001,0,0,0,0,1,0,0,0,0,0,0,0,0,0,0,0,0,0,0,0,0,0
3052,759,1,1,1,1,"Wr","2000","2","Stevens",56,170,-0.456804308797127,"11",-0.35,1,0,0,0,1,0,1,0,1,0,0,0,1,1,2,228,1,0,0,0,1,0
3053,1232,1,1,1,1,"Wr","1999","2","Lf",144,10,-0.616804308797128,"11",-0.344999999999999,1,0,0,0,1,0,1,0,0,0,0,0,0,0,0,0,0,0,0,0,0,0
3054,62,1,1,1,0,"Wi","2000","1","SPP",5044,600,-0.896804308797128,"11",-0.34,0,0,0,0,0,0,0,0,0,0,0,0,0,0,0,0,0,0,0,0,0,0
3055,974,1,1,1,1,"Wr","1999","3","SPP",5044,600,-1.63680430879713,"11",-0.334999999999999,1,0,0,0,1,0,1,0,1,0,0,0,1,0,0,0,1,0,0,0,1,0
3056,1046,1,1,1,1,"Br","1999","3","Eriley",25,9999,-0.836804308797128,"11",-0.33,1,0,0,0,1,0,1,0,1,0,0,0,1,0,0,0,1,0,0,0,1,0
3057,6,1,1,1,1,"Wr","2000","3","NWLF",14,300,1.60319569120287,"11",-0.324999999999999,1,0,0,0,1,0,1,0,1,0,0,0,1,0,0,0,1,0,0,0,1,1
3059,26,1,1,1,1,"Br","2000","2","Lf",144,9999,0.923195691202873,"11",-0.315,1,0,0,0,1,0,1,0,1,0,0,0,1,1,2,148,1,0,0,0,1,1
3061,484,1,1,1,1,"Wi","2000","2","SPP",5044,600,0.0531956912028728,"11",-0.305,1,0,0,0,1,0,1,0,1,0,0,0,1,1,1,163,1,0,0,0,1,1
3062,19,1,1,1,1,"Br","2000","1","NWLF",14,9999,-0.276804308797128,"11",-0.299999999999999,0,0,0,0,1,0,0,0,0,0,0,0,0,0,0,0,0,0,0,0,0,0
3063,671,1,1,1,1,"Wi","2000","3","Eriley",25,80,0.0131956912028723,"11",-0.295,1,0,0,0,1,0,1,0,1,0,0,0,1,0,0,0,1,0,0,0,1,0
3064,1081,1,1,1,1,"Br","1999","1","SPP",5044,9999,0.133195691202873,"11",-0.289999999999999,1,0,0,0,1,0,1,0,1,0,0,0,1,1,2,278,1,0,0,0,1,1
3066,712,1,1,1,1,"Wi","2000","3","Stevens",56,170,-1.36680430879713,"11",-0.279999999999999,0,0,0,0,0,0,0,0,0,0,0,0,0,0,0,0,0,0,0,0,0,0
3067,28,1,1,1,1,"Br","2000","1","Lf",144,9999,0.983195691202873,"11",-0.274999999999999,1,0,0,0,1,0,1,0,1,0,0,0,1,0,0,0,1,0,0,0,1,0
3068,844,1,1,1,1,"Wi","2000","2","Stevens",56,170,0.743195691202872,"11",-0.27,1,0,0,0,1,0,1,0,1,0,0,0,1,0,0,0,1,0,0,0,1,1
3069,1134,1,1,1,1,"Wr","1999","3","Eriley",25,80,-1.26680430879713,"11",-0.264999999999999,0,0,0,0,1,0,0,0,0,0,0,0,0,0,0,0,0,0,0,0,0,0
3070,1148,1,1,1,1,"Br","1999","2","Eriley",25,9999,-1.23680430879713,"11",-0.26,1,0,0,0,1,0,1,0,1,0,0,0,1,1,1,252,1,1,1,239,1,1
3071,836,1,1,1,1,"Br","2000","3","Lf",144,9999,0.993195691202872,"11",-0.254999999999999,1,0,0,0,1,0,1,0,1,0,0,0,1,0,0,0,1,0,0,0,1,1
3072,1033,1,1,1,1,"Br","1999","1","SPP",5044,9999,-0.916804308797127,"11",-0.25,1,0,0,0,1,0,1,0,1,0,0,0,1,0,0,0,1,0,0,0,1,1
3073,299,1,1,1,1,"Br","2000","1","Lf",144,9999,1.12319569120287,"11",-0.244999999999999,1,0,0,0,1,0,1,0,1,0,0,0,1,1,4,556,1,0,0,0,1,1
3074,556,1,1,1,1,"Br","2000","3","SPP",5044,9999,0.473195691202873,"11",-0.239999999999998,1,0,0,0,1,0,1,0,1,0,0,0,1,1,1,186,1,1,1,235,0,0
3075,1126,1,1,1,1,"Br","1999","1","Lf",144,9999,-1.42680430879713,"11",-0.234999999999999,1,0,0,0,1,0,1,0,1,0,0,0,1,1,1,155,1,1,1,143,0,0
3076,1034,1,1,1,1,"Br","1999","2","SPP",5044,9999,-0.856804308797128,"11",-0.229999999999999,1,0,0,0,1,0,1,0,1,0,0,0,1,1,1,220,1,1,1,202,1,0
3077,286,1,1,1,1,"Wi","2000","3","SPP",5044,600,-0.396804308797128,"11",-0.225,0,0,0,0,1,0,0,0,0,0,0,0,0,0,0,0,0,0,0,0,0,0
3078,551,1,1,1,1,"Br","2000","3","Lf",144,9999,0.593195691202872,"11",-0.219999999999999,1,0,0,0,1,0,1,0,1,0,0,0,1,0,0,0,1,0,0,0,0,0
3079,1125,1,1,1,0,"Br","1999","1","Lf",144,9999,-1.48680430879713,"11",-0.215,0,0,0,0,0,0,0,0,0,0,0,0,0,0,0,0,0,0,0,0,0,0
3080,153,1,1,1,1,"Wi","2000","2","Lf",144,10,-0.466804308797128,"11",-0.209999999999999,1,1,1,105,1,0,1,0,1,0,0,0,1,1,4,421,1,1,1,170,1,1
3081,715,1,1,1,1,"Br","2000","1","Lf",144,9999,-0.176804308797128,"11",-0.205,1,0,0,0,1,0,1,0,1,0,0,0,1,1,4,594,1,1,1,277,0,0
3082,1166,1,1,1,1,"Wr","1999","3","Lf",144,10,-1.39680430879713,"11",-0.199999999999999,1,1,1,191,1,0,1,0,1,0,0,0,1,1,3,562,1,1,1,188,1,1
3083,1163,1,1,1,1,"Wr","1999","2","Lf",144,10,-0.536804308797128,"11",-0.194999999999999,1,1,1,210,1,0,1,0,1,0,0,0,1,1,7,944,1,1,7,1911,0,0
3084,492,1,1,1,0,"Wi","2000","1","SPP",5044,600,0.253195691202872,"11",-0.19,0,0,0,0,0,0,0,0,0,0,0,0,0,0,0,0,0,0,0,0,0,0
3085,353,1,1,1,1,"Wi","2000","1","Stevens",56,170,-1.06680430879713,"11",-0.184999999999999,1,0,0,0,1,0,1,0,1,0,0,0,1,0,0,0,1,0,0,0,1,1
3086,1020,1,1,1,1,"Br","1999","3","SPP",5044,9999,-0.876804308797128,"11",-0.18,1,1,1,151,1,0,1,0,1,1,1,162,1,1,2,284,1,1,3,326,0,0
3087,182,1,1,1,1,"Br","2000","3","Stevens",56,9999,1.82319569120287,"11",-0.174999999999999,1,0,0,0,1,0,1,0,1,0,0,0,1,0,0,0,1,1,2,411,1,1
3088,343,1,1,1,1,"Br","2000","2","Nessman",23,9999,1.09319569120287,"11",-0.17,1,0,0,0,1,0,1,0,1,0,0,0,1,1,2,274,1,1,6,1340,0,0
3090,466,1,1,1,1,"Wi","2000","3","SPP",5044,600,-0.786804308797127,"11",-0.16,1,0,0,0,1,0,1,0,1,0,0,0,1,0,0,0,1,0,0,0,1,0
3091,1147,1,1,1,1,"Br","1999","1","Eriley",25,9999,-1.27680430879713,"11",-0.154999999999999,1,0,0,0,1,0,1,0,1,0,0,0,1,0,0,0,1,0,0,0,1,0
3092,948,1,1,1,1,"Wi","2000","3","Lf",144,10,-0.916804308797127,"11",-0.149999999999999,1,0,0,0,1,0,1,0,1,0,0,0,1,1,1,140,1,0,0,0,1,0
3093,809,1,1,1,1,"Wr","2000","1","NWLF",14,300,1.01319569120287,"11",-0.145,1,0,0,0,1,0,1,0,1,0,0,0,1,0,0,0,1,0,0,0,0,0
3094,288,1,1,1,0,"Wi","2000","2","NWLF",14,300,0.293195691202872,"11",-0.139999999999999,0,0,0,0,0,0,0,0,0,0,0,0,0,0,0,0,0,0,0,0,0,0
3095,113,1,1,1,1,"Wi","2000","1","SPP",5044,600,-1.04680430879713,"11",-0.135,1,0,0,0,1,0,1,0,1,0,0,0,1,0,0,0,1,0,0,0,1,0
3096,800,1,1,1,1,"Wr","2000","3","Lf",144,10,-0.0568043087971275,"11",-0.129999999999999,1,0,0,0,1,0,1,0,1,0,0,0,1,0,0,0,1,1,1,198,0,0
3097,1151,1,1,1,1,"Wi","1999","2","Lf",144,10,-1.46680430879713,"11",-0.125,1,0,0,0,1,0,1,0,1,0,0,0,1,1,1,176,1,0,0,0,1,0
3098,318,1,1,1,1,"Br","2000","2","Stevens",56,9999,1.18319569120287,"11",-0.119999999999999,1,0,0,0,1,0,1,0,1,0,0,0,1,0,0,0,1,0,0,0,1,0
3099,21,1,1,1,1,"Br","2000","1","NWLF",14,9999,0.613195691202872,"11",-0.114999999999998,1,0,0,0,1,0,1,0,1,0,0,0,1,0,0,0,1,0,0,0,1,0
3100,151,1,1,1,1,"Wi","2000","1","Lf",144,10,-0.526804308797128,"11",-0.109999999999999,1,0,0,0,1,0,1,0,1,0,0,0,1,0,0,0,1,0,0,0,1,0
3102,111,1,1,1,1,"Wi","2000","1","SPP",5044,600,-1.59680430879713,"11",-0.0999999999999996,1,1,1,120,1,0,1,0,1,0,0,0,1,0,0,0,1,0,0,0,1,0
3103,638,1,1,1,1,"Wi","2000","2","Eriley",25,80,-1.03680430879713,"11",-0.0949999999999989,1,0,0,0,1,0,1,0,1,0,0,0,1,0,0,0,0,0,0,0,0,0
3104,108,1,1,1,1,"Wi","2000","2","SPP",5044,600,-1.33680430879713,"11",-0.0899999999999999,1,0,0,0,1,0,1,0,1,0,0,0,1,0,0,0,1,0,0,0,1,1
3105,857,1,1,1,1,"Wi","2000","2","Stevens",56,170,1.06319569120287,"11",-0.0849999999999991,1,0,0,0,1,0,1,0,1,0,0,0,1,0,0,0,1,0,0,0,1,0
3107,691,1,1,1,1,"Wi","2000","1","Eriley",25,80,-0.546804308797128,"11",-0.0749999999999993,1,0,0,0,1,0,1,0,1,0,0,0,1,0,0,0,0,0,0,0,0,0
3108,333,1,1,1,1,"Wr","2000","2","Stevens",56,170,0.853195691202872,"11",-0.0699999999999985,1,0,0,0,1,0,1,0,1,0,0,0,1,0,0,0,1,0,0,0,1,1
3109,1068,1,1,1,1,"Br","1999","1","SPP",5044,9999,0.803195691202872,"11",-0.0649999999999995,0,0,0,0,1,0,1,0,0,0,0,0,0,0,0,0,0,0,0,0,0,0
3110,569,1,1,1,1,"Br","2000","3","Stevens",56,9999,2.08319569120287,"11",-0.0599999999999987,1,0,0,0,1,0,1,0,1,0,0,0,1,0,0,0,1,0,0,0,1,0
3111,789,1,1,1,1,"Br","2000","2","Stevens",56,9999,0.0931956912028729,"11",-0.0549999999999997,1,0,0,0,1,0,1,0,1,0,0,0,1,0,0,0,1,0,0,0,1,1
3112,971,1,1,1,1,"Wr","1999","3","SPP",5044,600,0.773195691202873,"11",-0.0499999999999989,1,0,0,0,1,0,1,0,1,0,0,0,1,0,0,0,1,1,1,53,1,0
3113,756,1,1,1,1,"Wr","2000","3","Stevens",56,170,-0.166804308797128,"11",-0.0449999999999999,1,0,0,0,1,0,1,0,1,0,0,0,1,0,0,0,1,0,0,0,0,0
3115,1124,1,1,1,0,"Br","1999","1","Lf",144,9999,-1.11680430879713,"11",-0.0350000000000001,0,0,0,0,0,0,0,0,0,0,0,0,0,0,0,0,0,0,0,0,0,0
3116,926,1,1,1,1,"Br","2000","1","Lf",144,9999,-0.346804308797128,"11",-0.0299999999999994,1,0,0,0,1,0,1,0,1,0,0,0,1,0,0,0,1,0,0,0,1,0
3117,47,1,1,1,1,"Wi","2000","2","Stevens",56,170,0.553195691202872,"11",-0.0249999999999986,1,0,0,0,1,0,1,0,1,0,0,0,1,0,0,0,1,0,0,0,1,0
3118,825,1,1,1,1,"Br","2000","1","Stevens",56,9999,1.86319569120287,"11",-0.0199999999999996,1,0,0,0,1,0,1,0,1,0,0,0,1,0,0,0,1,0,0,0,1,0
3119,442,1,1,1,1,"Wr","2000","3","Lf",144,10,-1.09680430879713,"11",-0.0149999999999988,1,0,0,0,1,0,1,0,1,0,0,0,1,0,0,0,1,0,0,0,1,0
3120,904,1,1,1,1,"Br","2000","2","Stevens",56,9999,0.683195691202872,"11",-0.00999999999999979,1,0,0,0,1,0,1,0,1,0,0,0,1,0,0,0,1,0,0,0,1,0
3121,1167,1,1,1,1,"Wr","1999","3","Lf",144,10,-0.976804308797127,"11",-0.00499999999999901,1,0,0,0,1,0,1,0,1,0,0,0,1,1,1,193,1,0,0,0,1,0
3122,145,1,1,1,1,"Br","2000","2","SPP",5044,9999,0.443195691202872,"11",0,1,0,0,0,1,0,1,0,1,0,0,0,1,1,1,304,1,1,2,490,1,0
3123,178,1,1,1,1,"Br","2000","2","SPP",5044,9999,-1.68680430879713,"11",0.00500000000000078,1,0,0,0,1,0,1,0,1,0,0,0,1,0,0,0,1,0,0,0,1,0
3124,1174,1,1,1,1,"Br","1999","1","Lf",144,9999,1.33319569120287,"11",0.0100000000000016,1,0,0,0,1,0,1,0,1,0,0,0,1,1,2,512,1,1,1,187,1,1
3127,11,1,1,1,1,"Br","2000","1","SPP",5044,9999,1.24319569120287,"11",0.0250000000000004,1,0,0,0,1,0,1,0,1,0,0,0,1,0,0,0,1,0,0,0,1,1
3128,708,1,1,1,1,"Wi","2000","3","Stevens",56,170,-0.806804308797128,"11",0.0300000000000011,1,0,0,0,1,0,1,0,1,0,0,0,1,0,0,0,1,0,0,0,1,0
3129,981,1,1,1,1,"Wr","1999","3","SPP",5044,600,-0.316804308797128,"11",0.0350000000000001,1,0,0,0,1,0,1,0,1,0,0,0,1,0,0,0,1,0,0,0,1,1
3130,1039,1,1,1,1,"Br","1999","3","SPP",5044,9999,-1.12680430879713,"11",0.0400000000000009,1,0,0,0,1,0,1,0,1,0,0,0,1,0,0,0,1,1,1,211,1,0
3131,845,1,1,1,1,"Wi","2000","3","Stevens",56,170,2.01319569120287,"11",0.0449999999999999,0,0,0,0,0,0,0,0,0,0,0,0,0,0,0,0,0,0,0,0,0,0
3132,187,1,1,1,1,"Wr","2000","1","NWLF",14,300,1.25319569120287,"11",0.0500000000000007,1,0,0,0,1,0,1,0,1,0,0,0,1,0,0,0,1,0,0,0,1,0
3133,341,1,1,1,1,"Br","2000","3","NWLF",14,9999,0.863195691202872,"11",0.0550000000000015,1,0,0,0,1,0,1,0,1,0,0,0,0,0,0,0,0,0,0,0,0,0
3134,79,1,1,1,1,"Br","2000","3","Stevens",56,9999,0.123195691202872,"11",0.0600000000000005,1,0,0,0,1,0,1,0,1,0,0,0,1,0,0,0,1,0,0,0,1,1
3135,534,1,1,1,1,"Br","2000","1","Lf",144,9999,0.983195691202873,"11",0.0650000000000013,1,0,0,0,1,0,1,0,1,0,0,0,1,0,0,0,1,0,0,0,1,1
3137,1123,1,1,1,1,"Br","1999","3","Lf",144,9999,-1.10680430879713,"11",0.0750000000000011,1,0,0,0,1,0,1,0,1,0,0,0,1,0,0,0,1,0,0,0,1,0
3138,1017,1,1,1,1,"Br","1999","2","SPP",5044,9999,-1.09680430879713,"11",0.0800000000000001,1,0,0,0,1,0,1,0,1,1,1,164,1,1,1,110,1,1,2,253,1,0
3139,425,1,1,1,1,"Wi","2000","2","Lf",144,10,-0.436804308797127,"11",0.0850000000000009,1,0,0,0,1,0,1,0,1,0,0,0,1,0,0,0,1,0,0,0,1,0
3140,550,1,1,1,1,"Br","2000","2","Lf",144,9999,0.973195691202872,"11",0.0899999999999999,1,0,0,0,1,0,1,0,1,1,1,133,1,0,0,0,1,0,0,0,1,0
3141,903,1,1,1,1,"Br","2000","1","Stevens",56,9999,0.583195691202872,"11",0.0950000000000006,1,0,0,0,1,0,1,0,0,0,0,0,0,0,0,0,0,0,0,0,0,0
3142,109,1,1,1,1,"Wi","2000","3","SPP",5044,600,-1.19680430879713,"11",0.100000000000001,1,0,0,0,1,0,1,0,0,0,0,0,0,0,0,0,0,0,0,0,0,0
3143,1173,1,1,1,1,"Br","1999","3","Lf",144,9999,-0.146804308797128,"11",0.105,1,0,0,0,1,0,1,0,1,0,0,0,1,0,0,0,0,0,0,0,0,0
3144,986,1,1,1,1,"Br","1999","3","Eriley",25,9999,0.00319569120287211,"11",0.110000000000001,1,0,0,0,1,0,1,0,1,0,0,0,1,0,0,0,1,0,0,0,1,0
3145,518,1,1,1,0,"Br","2000","2","SPP",5044,9999,0.00319569120287211,"11",0.115,0,0,0,0,0,0,0,0,0,0,0,0,0,0,0,0,0,0,0,0,0,0
3146,314,1,1,1,1,"Br","2000","3","Stevens",56,9999,1.41319569120287,"11",0.120000000000001,1,0,0,0,1,0,1,0,0,0,0,0,0,0,0,0,0,0,0,0,0,0
3147,1095,1,1,1,1,"Br","1999","3","Eriley",25,9999,-0.526804308797128,"11",0.125,1,0,0,0,1,0,1,0,1,0,0,0,1,0,0,0,1,0,0,0,1,0
3148,297,1,1,1,1,"Br","2000","1","Lf",144,9999,1.54319569120287,"11",0.130000000000001,1,0,0,0,1,0,1,0,0,0,0,0,0,0,0,0,0,0,0,0,0,0
3149,985,1,1,1,1,"Wr","1999","2","SPP",5044,600,-0.136804308797128,"11",0.135000000000002,0,0,0,0,0,0,0,0,0,0,0,0,0,0,0,0,0,0,0,0,0,0
3150,754,1,1,1,1,"Wr","2000","1","Lf",144,10,-2.21680430879713,"11",0.140000000000001,1,0,0,0,1,0,1,0,1,0,0,0,1,0,0,0,1,0,0,0,1,0
3151,968,1,1,1,1,"Wr","1999","3","SPP",5044,600,0.963195691202873,"11",0.145000000000001,0,0,0,0,1,0,0,0,0,0,0,0,0,0,0,0,0,0,0,0,0,0
3152,245,1,1,1,1,"Br","2000","1","NWLF",14,9999,0.203195691202872,"11",0.15,1,0,0,0,1,0,1,0,1,0,0,0,1,0,0,0,1,0,0,0,1,0
3153,915,1,1,1,1,"Br","2000","2","Lf",144,9999,0.743195691202872,"11",0.155000000000001,1,0,0,0,1,0,1,0,1,0,0,0,1,0,0,0,0,0,0,0,0,0
3154,513,1,1,1,1,"Br","2000","3","Lf",144,9999,1.11319569120287,"11",0.16,1,0,0,0,1,0,1,0,1,0,0,0,1,0,0,0,1,0,0,0,1,0
3156,912,1,1,1,1,"Br","2000","1","Lf",144,9999,1.45319569120287,"11",0.17,1,0,0,0,1,0,1,0,1,0,0,0,1,0,0,0,1,0,0,0,1,0
3159,564,1,1,1,1,"Br","2000","1","Eriley",25,9999,1.32319569120287,"11",0.185,1,0,0,0,1,0,1,0,1,0,0,0,1,0,0,0,1,0,0,0,0,0
3160,1079,1,1,1,1,"Br","1999","3","SPP",5044,9999,0.643195691202873,"11",0.190000000000001,0,0,0,0,1,0,1,0,0,0,0,0,0,0,0,0,0,0,0,0,0,0
3161,106,1,1,1,0,"Wi","2000","2","SPP",5044,600,-1.18680430879713,"11",0.195,0,0,0,0,0,0,0,0,0,0,0,0,0,0,0,0,0,0,0,0,0,0
3162,976,1,1,1,1,"Wr","1999","2","SPP",5044,600,-1.12680430879713,"11",0.200000000000001,0,0,0,0,0,0,0,0,0,0,0,0,0,0,0,0,0,0,0,0,0,0
3163,785,1,1,1,1,"Wr","2000","1","Lf",144,10,0.193195691202872,"11",0.205,0,0,0,0,0,0,0,0,0,0,0,0,0,0,0,0,0,0,0,0,0,0
3164,606,1,1,1,1,"Br","2000","2","NWLF",14,9999,-1.92680430879713,"11",0.210000000000001,1,0,0,0,1,0,1,0,0,0,0,0,0,0,0,0,0,0,0,0,0,0
3165,526,1,1,1,1,"Br","2000","3","Lf",144,9999,0.243195691202872,"11",0.215,0,0,0,0,1,0,0,0,0,0,0,0,0,0,0,0,0,0,0,0,0,0
3166,423,1,1,1,1,"Wi","2000","2","Lf",144,10,-0.306804308797128,"11",0.220000000000001,0,0,0,0,1,0,0,0,0,0,0,0,0,0,0,0,0,0,0,0,0,0
3167,766,1,1,1,1,"Br","2000","1","Lf",144,9999,-0.0968043087971275,"11",0.225000000000001,0,0,0,0,0,0,0,0,0,0,0,0,0,0,0,0,0,0,0,0,0,0
3168,517,1,1,1,1,"Br","2000","2","SPP",5044,9999,0.0531956912028728,"11",0.23,0,0,0,0,1,0,0,0,0,0,0,0,0,0,0,0,0,0,0,0,0,0
3169,336,1,1,1,1,"Wr","2000","1","Stevens",56,170,-0.296804308797128,"11",0.235000000000001,1,0,0,0,1,0,1,0,1,0,0,0,1,0,0,0,1,0,0,0,1,0
3170,1235,1,1,1,1,"Wi","1999","3","Stevens",56,170,0.143195691202873,"11",0.24,1,0,0,0,1,0,1,0,1,0,0,0,0,0,0,0,0,0,0,0,0,0
3171,1053,1,1,1,1,"Br","1999","3","SPP",5044,9999,-0.726804308797128,"11",0.245000000000001,1,0,0,0,-99199,0,1,0,1,0,0,0,1,0,0,0,1,0,0,0,0,0
3172,698,1,1,1,1,"Br","2000","1","Lf",144,9999,-0.626804308797127,"11",0.25,1,0,0,0,1,0,1,0,1,0,0,0,1,0,0,0,0,0,0,0,0,0
3173,529,1,1,1,1,"Br","2000","1","Stevens",56,9999,0.743195691202872,"11",0.255000000000001,1,0,0,0,1,0,1,0,1,0,0,0,0,0,0,0,0,0,0,0,0,0
3174,486,1,1,1,1,"Wi","2000","3","SPP",5044,600,-0.206804308797128,"11",0.260000000000002,0,0,0,0,1,0,0,0,0,0,0,0,0,0,0,0,0,0,0,0,0,0
3175,459,1,1,1,1,"Br","2000","1","Lf",144,9999,1.43319569120287,"11",0.265000000000001,1,0,0,0,1,0,1,0,1,0,0,0,1,0,0,0,1,0,0,0,1,1
3176,477,1,1,1,1,"Br","2000","1","Lf",144,9999,-0.256804308797127,"11",0.270000000000001,1,0,0,0,1,0,1,0,1,0,0,0,1,0,0,0,1,0,0,0,0,0
3177,1146,1,1,1,1,"Br","1999","3","Eriley",25,9999,-1.31680430879713,"11",0.275,1,0,0,0,1,0,1,0,1,0,0,0,1,0,0,0,0,0,0,0,0,0
3179,1093,1,1,1,1,"Br","1999","1","Eriley",25,9999,-1.11680430879713,"11",0.285,1,1,1,113,1,0,1,0,1,0,0,0,1,0,0,0,1,0,0,0,0,0
3180,899,1,1,1,1,"Br","2000","2","NWLF",14,9999,0.643195691202873,"11",0.290000000000001,1,0,0,0,1,0,1,0,1,0,0,0,1,0,0,0,1,0,0,0,0,0
3181,716,1,1,1,1,"Br","2000","3","Lf",144,9999,-0.306804308797128,"11",0.295,1,0,0,0,1,0,1,0,1,0,0,0,1,0,0,0,1,0,0,0,1,0
3182,476,1,1,1,1,"Br","2000","2","Lf",144,9999,-0.216804308797128,"11",0.300000000000001,0,0,0,0,1,0,0,0,0,0,0,0,0,0,0,0,0,0,0,0,0,0
3183,826,1,1,1,1,"Br","2000","3","Stevens",56,9999,1.44319569120287,"11",0.305000000000001,1,0,0,0,1,0,1,0,1,0,0,0,1,0,0,0,1,0,0,0,1,0
3184,311,1,1,1,1,"Wi","2000","3","Lf",144,10,-1.57680430879713,"11",0.31,1,0,0,0,1,0,1,0,1,0,0,0,1,0,0,0,1,0,0,0,1,1
3185,284,1,1,1,1,"Wi","2000","1","SPP",5044,600,-0.156804308797128,"11",0.315000000000001,0,0,0,0,1,0,0,0,0,0,0,0,0,0,0,0,0,0,0,0,0,0
3186,773,1,1,1,1,"Br","2000","1","Stevens",56,9999,0.303195691202873,"11",0.32,0,0,0,0,1,0,0,0,0,0,0,0,0,0,0,0,0,0,0,0,0,0
3187,489,1,1,1,1,"Wi","2000","2","SPP",5044,600,0.193195691202872,"11",0.325000000000001,1,0,0,0,1,0,1,0,1,0,0,0,0,0,0,0,0,0,0,0,0,0
3188,387,1,1,1,1,"Br","2000","2","Lf",144,9999,-0.166804308797128,"11",0.33,0,0,0,0,0,0,0,0,0,0,0,0,0,0,0,0,0,0,0,0,0,0
3189,815,1,1,1,1,"Br","2000","2","Lf",144,9999,0.783195691202872,"11",0.335000000000001,0,0,0,0,1,0,0,0,0,0,0,0,0,0,0,0,0,0,0,0,0,0
3190,83,1,1,1,1,"Br","2000","3","Stevens",56,9999,0.803195691202872,"12",-0.35,1,0,0,0,1,0,1,0,1,0,0,0,1,0,0,0,1,1,1,204,1,0
3191,7,1,1,1,1,"Wr","2000","1","NWLF",14,300,0.863195691202872,"12",-0.344999999999999,1,0,0,0,1,0,1,0,1,0,0,0,1,1,1,83,1,0,0,0,1,1
3192,360,1,1,1,0,"Wi","2000","3","Stevens",56,170,-0.986804308797128,"12",-0.34,0,0,0,0,0,0,0,0,0,0,0,0,0,0,0,0,0,0,0,0,0,0
3193,587,1,1,1,1,"Wr","2000","2","Lf",144,10,1.29319569120287,"12",-0.334999999999999,0,0,0,0,0,0,0,0,0,0,0,0,0,0,0,0,0,0,0,0,0,0
3195,89,1,1,1,1,"Br","2000","1","Lf",144,9999,-0.406804308797128,"12",-0.324999999999999,0,0,0,0,0,0,0,0,0,0,0,0,0,0,0,0,0,0,0,0,0,0
3196,1101,1,1,1,1,"Br","1999","1","Lf",144,9999,-0.496804308797127,"12",-0.319999999999999,1,0,0,0,1,0,1,0,1,0,0,0,1,1,1,170,1,0,0,0,1,1
3197,1102,1,1,1,1,"Br","1999","3","Lf",144,9999,-0.606804308797127,"12",-0.315,1,1,1,85,1,0,1,0,1,0,0,0,1,1,1,109,1,0,0,0,1,1
3198,498,1,1,1,1,"Wi","2000","2","Lf",144,10,-0.376804308797128,"12",-0.309999999999999,1,0,0,0,1,0,1,0,1,0,0,0,1,0,0,0,1,0,0,0,1,0
3199,1040,1,1,1,1,"Br","1999","2","SPP",5044,9999,-1.33680430879713,"12",-0.305,1,0,0,0,1,0,1,0,1,0,0,0,1,0,0,0,1,0,0,0,1,0
3200,644,1,1,1,1,"Br","2000","2","Lf",144,9999,0.0931956912028729,"12",-0.299999999999999,1,0,0,0,1,0,1,0,1,0,0,0,1,0,0,0,1,0,0,0,1,0
3201,767,1,1,1,1,"Br","2000","1","Lf",144,9999,-0.166804308797128,"12",-0.295,1,0,0,0,1,0,1,0,1,0,0,0,1,0,0,0,1,0,0,0,1,0
3202,193,1,1,1,1,"Wi","2000","2","NWLF",14,300,1.53319569120287,"12",-0.289999999999999,1,0,0,0,1,0,1,0,1,0,0,0,1,1,1,143,1,0,0,0,1,0
3203,1036,1,1,1,1,"Br","1999","1","SPP",5044,9999,-1.18680430879713,"12",-0.285,1,0,0,0,1,0,1,0,1,0,0,0,1,0,0,0,1,0,0,0,1,0
3204,458,1,1,1,1,"Br","2000","3","Lf",144,9999,1.54319569120287,"12",-0.279999999999999,0,0,0,0,0,0,0,0,0,0,0,0,0,0,0,0,0,0,0,0,0,0
3205,1029,1,1,1,1,"Wr","1999","1","Eriley",25,80,-1.28680430879713,"12",-0.274999999999999,1,0,0,0,1,0,1,0,1,0,0,0,1,0,0,0,1,0,0,0,1,0
3206,896,1,1,1,1,"Wi","2000","2","NWLF",14,300,0.653195691202872,"12",-0.27,1,0,0,0,1,0,1,0,1,0,0,0,1,0,0,0,1,0,0,0,0,0
3207,358,1,1,1,1,"Wi","2000","1","Stevens",56,170,-1.11680430879713,"12",-0.264999999999999,1,0,0,0,1,0,1,0,1,0,0,0,1,0,0,0,1,0,0,0,0,0
3208,1012,1,1,1,1,"Wr","1999","1","SPP",5044,600,-1.21680430879713,"12",-0.26,1,0,0,0,1,0,1,0,1,0,0,0,1,0,0,0,1,0,0,0,1,1
3209,1083,1,1,1,1,"Br","1999","2","SPP",5044,9999,0.843195691202872,"12",-0.254999999999999,1,0,0,0,1,0,1,0,1,0,0,0,1,0,0,0,1,1,1,134,1,1
3210,20,1,1,1,1,"Br","2000","2","NWLF",14,9999,-0.446804308797128,"12",-0.25,1,0,0,0,1,0,1,0,1,0,0,0,1,1,1,166,1,1,2,301,1,1
3211,490,1,1,1,1,"Wi","2000","3","SPP",5044,600,-0.00680430879712768,"12",-0.244999999999999,1,0,0,0,1,0,1,0,1,0,0,0,1,0,0,0,1,0,0,0,1,1
3212,1027,1,1,1,1,"Wr","1999","2","Eriley",25,80,-0.616804308797128,"12",-0.239999999999998,1,0,0,0,1,0,1,0,1,0,0,0,1,0,0,0,1,1,1,184,0,0
3213,300,1,1,1,1,"Br","2000","3","Lf",144,9999,0.773195691202873,"12",-0.234999999999999,0,0,0,0,1,0,1,0,0,0,0,0,0,0,0,0,0,0,0,0,0,0
3214,183,1,1,1,1,"Wr","2000","3","NWLF",14,300,2.04319569120287,"12",-0.229999999999999,0,0,0,0,1,0,1,0,0,0,0,0,0,0,0,0,0,0,0,0,0,0
3215,381,1,1,1,1,"Wi","2000","1","Stevens",56,170,-1.05680430879713,"12",-0.225,0,0,0,0,1,0,0,0,0,0,0,0,0,0,0,0,0,0,0,0,0,0
3216,1137,1,1,1,1,"Br","1999","3","Lf",144,9999,-1.17680430879713,"12",-0.219999999999999,1,0,0,0,1,0,1,0,1,0,0,0,1,0,0,0,1,0,0,0,1,0
3217,711,1,1,1,1,"Wi","2000","1","Stevens",56,170,-1.15680430879713,"12",-0.215,1,0,0,0,1,0,1,0,1,0,0,0,1,0,0,0,1,0,0,0,1,1
3218,1122,1,1,1,1,"Br","1999","3","Lf",144,9999,-1.12680430879713,"12",-0.209999999999999,1,0,0,0,1,0,1,0,1,0,0,0,1,0,0,0,1,0,0,0,1,0
3219,452,1,1,1,1,"Br","2000","3","Lf",144,9999,1.36319569120287,"12",-0.205,1,0,0,0,1,0,1,0,1,1,1,306,1,1,4,584,1,1,3,616,0,0
3220,1008,1,1,1,1,"Wr","1999","3","SPP",5044,600,-1.12680430879713,"12",-0.199999999999999,1,0,0,0,1,0,1,0,1,0,0,0,1,1,1,190,1,0,0,0,1,0
3221,14,1,1,1,1,"Br","2000","2","SPP",5044,9999,1.13319569120287,"12",-0.194999999999999,1,0,0,0,1,0,1,0,1,0,0,0,1,1,1,255,1,0,0,0,0,0
3222,1082,1,1,1,1,"Br","1999","3","SPP",5044,9999,0.623195691202873,"12",-0.19,1,1,1,123,1,0,1,0,1,1,1,203,1,1,6,524,1,1,5,750,0,0
3223,627,1,1,1,1,"Br","2000","1","Lf",144,9999,-1.62680430879713,"12",-0.184999999999999,1,0,0,0,1,0,1,0,1,0,0,0,1,0,0,0,1,0,0,0,0,0
3224,363,1,1,1,1,"Wi","2000","1","Stevens",56,170,-0.756804308797128,"12",-0.18,1,0,0,0,1,0,1,0,1,0,0,0,1,0,0,0,1,0,0,0,1,0
3225,675,1,1,1,1,"Wr","2000","1","Eriley",25,80,0.243195691202872,"12",-0.174999999999999,1,0,0,0,1,0,1,0,1,0,0,0,1,0,0,0,1,0,0,0,0,0
3226,603,1,1,1,1,"Wr","2000","2","Lf",144,10,-0.706804308797128,"12",-0.17,1,0,0,0,1,0,1,0,1,0,0,0,1,0,0,0,1,0,0,0,0,0
3227,567,1,1,1,1,"Br","2000","1","Stevens",56,9999,1.74319569120287,"12",-0.164999999999999,1,0,0,0,1,0,1,0,1,0,0,0,1,0,0,0,1,0,0,0,0,0
3228,607,1,1,1,1,"Br","2000","2","NWLF",14,9999,-2.54680430879713,"12",-0.16,1,0,0,0,1,0,1,0,1,0,0,0,1,0,0,0,1,0,0,0,1,0
3229,984,1,1,1,1,"Wr","1999","3","SPP",5044,600,0.223195691202873,"12",-0.154999999999999,1,0,0,0,1,0,1,0,1,0,0,0,1,0,0,0,1,0,0,0,1,0
3230,493,1,1,1,1,"Wi","2000","1","SPP",5044,600,-0.0568043087971275,"12",-0.149999999999999,1,0,0,0,1,0,1,0,1,0,0,0,1,0,0,0,1,0,0,0,0,0
3231,393,1,1,1,1,"Wi","2000","1","SPP",5044,600,0.153195691202872,"12",-0.145,1,0,0,0,1,0,1,0,1,0,0,0,1,0,0,0,1,0,0,0,0,0
3232,908,1,1,1,1,"Br","2000","2","Stevens",56,9999,-0.156804308797128,"12",-0.139999999999999,1,0,0,0,1,0,1,0,1,0,0,0,1,0,0,0,1,0,0,0,1,0
3233,1149,1,1,1,1,"Br","1999","3","Eriley",25,9999,-1.35680430879713,"12",-0.135,1,0,0,0,1,0,1,0,1,0,0,0,1,0,0,0,1,1,1,286,0,0
3234,44,1,1,1,1,"Wi","2000","1","Stevens",56,170,0.113195691202872,"12",-0.129999999999999,1,0,0,0,1,0,1,0,1,0,0,0,1,0,0,0,1,0,0,0,1,0
3236,612,1,1,1,1,"Br","2000","3","NWLF",14,9999,-1.76680430879713,"12",-0.119999999999999,1,0,0,0,1,0,1,0,1,0,0,0,1,0,0,0,1,1,1,140,1,0
3239,1022,1,1,1,1,"Br","1999","1","SPP",5044,9999,-1.38680430879713,"12",-0.104999999999999,1,0,0,0,1,0,1,0,1,0,0,0,1,0,0,0,1,0,0,0,1,0
3240,983,1,1,1,1,"Wr","1999","2","SPP",5044,600,0.423195691202872,"12",-0.0999999999999996,1,0,0,0,1,0,1,0,1,0,0,0,1,0,0,0,1,0,0,0,1,0
3241,678,1,1,1,1,"Br","2000","1","Lf",144,9999,0.323195691202872,"12",-0.0949999999999989,1,1,1,116,1,0,1,0,1,0,0,0,1,0,0,0,0,0,0,0,0,0
3242,188,1,1,1,1,"Br","2000","2","Lf",144,9999,1.98319569120287,"12",-0.0899999999999999,1,0,0,0,1,0,1,0,1,0,0,0,1,0,0,0,1,0,0,0,1,0
3243,301,1,1,1,1,"Br","2000","3","Lf",144,9999,0.823195691202872,"12",-0.0849999999999991,1,0,0,0,1,0,1,0,1,0,0,0,1,0,0,0,1,1,1,144,1,0
3244,750,1,1,1,1,"Br","2000","1","SPP",5044,9999,-2.25680430879713,"12",-0.0800000000000001,1,0,0,0,1,0,1,0,1,0,0,0,1,1,1,43,1,0,0,0,1,1
3245,364,1,1,1,1,"Wi","2000","1","Stevens",56,170,-0.956804308797127,"12",-0.0749999999999993,1,0,0,0,1,0,1,0,1,0,0,0,1,1,1,133,1,0,0,0,1,0
3246,1091,1,1,1,1,"Wr","1999","3","Eriley",25,80,1.08319569120287,"12",-0.0699999999999985,1,0,0,0,1,0,1,0,1,0,0,0,1,1,1,159,1,0,0,0,1,0
3247,1048,1,1,1,1,"Br","1999","3","SPP",5044,9999,-0.546804308797128,"12",-0.0649999999999995,1,0,0,0,1,0,1,0,1,0,0,0,1,0,0,0,1,0,0,0,1,0
3248,726,1,1,1,0,"Wi","2000","3","NWLF",14,300,-0.0668043087971277,"12",-0.0599999999999987,0,0,0,0,0,0,0,0,0,0,0,0,0,0,0,0,0,0,0,0,0,0
3249,457,1,1,1,1,"Br","2000","3","Lf",144,9999,1.11319569120287,"12",-0.0549999999999997,1,0,0,0,1,0,1,0,1,0,0,0,1,0,0,0,1,0,0,0,1,0
3250,771,1,1,1,1,"Br","2000","2","Stevens",56,9999,0.633195691202872,"12",-0.0499999999999989,1,0,0,0,1,0,1,0,1,0,0,0,0,0,0,0,0,0,0,0,0,0
3251,375,1,1,1,1,"Wi","2000","3","Lf",144,10,-1.58680430879713,"12",-0.0449999999999999,1,0,0,0,1,0,1,0,1,0,0,0,1,0,0,0,1,0,0,0,1,0
3252,686,1,1,1,1,"Br","2000","1","Lf",144,9999,0.0831956912028722,"12",-0.0399999999999991,0,0,0,0,1,0,0,0,0,0,0,0,0,0,0,0,0,0,0,0,0,0
3253,760,1,1,1,1,"Wr","2000","2","Stevens",56,170,0.0931956912028729,"12",-0.0350000000000001,0,0,0,0,1,0,0,0,0,0,0,0,0,0,0,0,0,0,0,0,0,0
3254,539,1,1,1,0,"Wr","2000","1","NWLF",14,300,0.713195691202872,"12",-0.0299999999999994,0,0,0,0,0,0,0,0,0,0,0,0,0,0,0,0,0,0,0,0,0,0
3255,548,1,1,1,1,"Br","2000","3","Lf",144,9999,1.16319569120287,"12",-0.0249999999999986,0,0,0,0,0,0,0,0,0,0,0,0,0,0,0,0,0,0,0,0,0,0
3256,329,1,1,1,1,"Br","2000","2","Lf",144,9999,0.493195691202873,"12",-0.0199999999999996,1,0,0,0,1,0,1,0,1,0,0,0,1,0,0,0,1,0,0,0,1,0
3257,967,1,1,1,1,"Wr","1999","1","SPP",5044,600,0.623195691202873,"12",-0.0149999999999988,1,0,0,0,1,0,1,0,1,0,0,0,1,1,1,268,1,0,0,0,1,1
3258,280,1,1,1,1,"Wi","2000","1","SPP",5044,600,-0.426804308797128,"12",-0.00999999999999979,1,0,0,0,1,0,1,0,1,0,0,0,1,1,1,210,1,0,0,0,1,0
3259,516,1,1,1,1,"Br","2000","2","SPP",5044,9999,0.493195691202873,"12",-0.00499999999999901,1,0,0,0,1,0,1,0,1,0,0,0,1,0,0,0,1,0,0,0,1,0
3260,549,1,1,1,1,"Br","2000","1","Lf",144,9999,0.873195691202872,"12",0,1,0,0,0,1,0,1,0,1,0,0,0,1,0,0,0,1,0,0,0,1,0
3261,316,1,1,1,1,"Br","2000","2","Stevens",56,9999,1.50319569120287,"12",0.00500000000000078,1,0,0,0,1,0,1,0,1,1,1,224,1,0,0,0,1,0,0,0,1,0
3262,788,1,1,1,1,"Br","2000","3","Stevens",56,9999,0.603195691202873,"12",0.0100000000000016,1,0,0,0,1,0,1,0,1,0,0,0,1,0,0,0,1,0,0,0,1,0
3263,713,1,1,1,1,"Wi","2000","2","Stevens",56,170,-0.876804308797128,"12",0.0150000000000006,0,0,0,0,1,0,0,0,0,0,0,0,0,0,0,0,0,0,0,0,0,0
3264,315,1,1,1,1,"Br","2000","1","Stevens",56,9999,0.633195691202872,"12",0.0200000000000014,1,1,1,141,1,0,1,0,1,0,0,0,1,1,2,258,1,0,0,0,1,0
3265,1145,1,1,1,1,"Br","1999","2","Lf",144,9999,-1.13680430879713,"12",0.0250000000000004,1,0,0,0,1,0,1,0,1,0,0,0,1,0,0,0,1,1,1,155,1,0
3266,274,1,1,1,1,"Br","2000","2","NWLF",14,9999,-0.866804308797128,"12",0.0300000000000011,1,1,1,139,1,0,1,0,1,0,0,0,1,1,1,99,1,0,0,0,1,1
3267,1009,1,1,1,0,"Wr","1999","3","SPP",5044,600,-1.24680430879713,"12",0.0350000000000001,0,0,0,0,0,0,0,0,0,0,0,0,0,0,0,0,0,0,0,0,0,0
3268,500,1,1,1,1,"Wi","2000","1","Lf",144,10,-0.366804308797128,"12",0.0400000000000009,1,0,0,0,1,0,1,0,1,0,0,0,1,0,0,0,1,0,0,0,1,0
3270,1037,1,1,1,1,"Br","1999","2","SPP",5044,9999,-1.00680430879713,"12",0.0500000000000007,1,0,0,0,1,0,1,0,1,0,0,0,1,0,0,0,1,0,0,0,1,0
3271,1143,1,1,1,1,"Br","1999","1","Lf",144,9999,-1.11680430879713,"12",0.0550000000000015,1,0,0,0,1,0,1,0,1,0,0,0,1,0,0,0,1,0,0,0,1,0
3272,181,1,1,1,1,"Br","2000","3","Stevens",56,9999,2.37319569120287,"12",0.0600000000000005,1,0,0,0,1,0,1,0,1,0,0,0,1,0,0,0,1,0,0,0,1,0
3273,537,1,1,1,1,"Br","2000","3","Lf",144,9999,0.483195691202873,"12",0.0650000000000013,1,0,0,0,1,0,1,0,1,0,0,0,1,0,0,0,1,0,0,0,1,0
3274,509,1,1,1,1,"Br","2000","2","Stevens",56,9999,0.383195691202872,"12",0.0700000000000003,1,0,0,0,1,0,1,0,1,0,0,0,1,0,0,0,1,0,0,0,1,0
3276,761,1,1,1,1,"Br","2000","3","NWLF",14,9999,-0.276804308797128,"12",0.0800000000000001,1,0,0,0,1,0,1,0,1,0,0,0,1,0,0,0,1,1,1,70,1,0
3277,50,1,1,1,1,"Wi","2000","3","Stevens",56,170,0.0831956912028722,"12",0.0850000000000009,0,0,0,0,0,0,0,0,0,0,0,0,0,0,0,0,0,0,0,0,0,0
3278,928,1,1,1,1,"Br","2000","1","Lf",144,9999,0.683195691202872,"12",0.0899999999999999,1,0,0,0,1,0,1,0,1,0,0,0,1,0,0,0,1,0,0,0,1,0
3279,774,1,1,1,1,"Br","2000","2","Stevens",56,9999,0.623195691202873,"12",0.0950000000000006,1,0,0,0,1,0,1,0,1,0,0,0,1,0,0,0,0,0,0,0,0,0
3280,23,1,1,1,1,"Br","2000","3","NWLF",14,9999,1.92319569120287,"12",0.100000000000001,1,0,0,0,1,0,1,0,1,0,0,0,1,0,0,0,1,0,0,0,1,0
3281,32,1,1,1,1,"Wi","2000","1","Stevens",56,170,0.823195691202872,"12",0.105,1,0,0,0,1,0,1,0,0,0,0,0,0,0,0,0,0,0,0,0,0,0
3282,1024,1,1,1,1,"Br","1999","2","SPP",5044,9999,-1.24680430879713,"12",0.110000000000001,1,0,0,0,1,0,1,0,1,0,0,0,1,0,0,0,1,0,0,0,1,0
3283,149,1,1,1,1,"Br","2000","3","SPP",5044,9999,1.33319569120287,"12",0.115,1,0,0,0,1,0,1,0,1,0,0,0,1,0,0,0,1,0,0,0,1,0
3284,12,1,1,1,1,"Br","2000","1","SPP",5044,9999,1.28319569120287,"12",0.120000000000001,1,0,0,0,1,0,1,0,1,0,0,0,1,0,0,0,1,0,0,0,1,0
3285,1172,1,1,1,0,"Br","1999","2","Lf",144,9999,0.683195691202872,"12",0.125,0,0,0,0,0,0,0,0,0,0,0,0,0,0,0,0,0,0,0,0,0,0
3286,507,1,1,1,1,"Br","2000","2","Stevens",56,9999,0.0231956912028721,"12",0.130000000000001,1,0,0,0,1,0,1,0,1,0,0,0,1,0,0,0,1,0,0,0,1,0
3287,602,1,1,1,1,"Wr","2000","1","Lf",144,10,-0.0568043087971275,"12",0.135000000000002,1,0,0,0,1,0,1,0,1,0,0,0,1,1,1,149,1,0,0,0,0,0
3288,1031,1,1,1,1,"Wr","1999","1","Eriley",25,80,-1.22680430879713,"12",0.140000000000001,1,0,0,0,1,0,1,0,1,0,0,0,1,0,0,0,1,0,0,0,1,0
3289,779,1,1,1,1,"Br","2000","3","NWLF",14,9999,0.503195691202872,"12",0.145000000000001,1,0,0,0,1,0,1,0,1,0,0,0,1,0,0,0,1,0,0,0,1,0
3290,326,1,1,1,1,"Br","2000","1","Lf",144,9999,0.743195691202872,"12",0.15,1,0,0,0,1,0,1,0,1,0,0,0,1,0,0,0,1,0,0,0,1,0
3291,888,1,1,1,1,"Wi","2000","2","NWLF",14,300,0.763195691202872,"12",0.155000000000001,1,0,0,0,1,0,1,0,1,0,0,0,1,0,0,0,0,0,0,0,0,0
3292,778,1,1,1,0,"Br","2000","2","NWLF",14,9999,0.323195691202872,"12",0.16,0,0,0,0,0,0,0,0,0,0,0,0,0,0,0,0,0,0,0,0,0,0
3293,891,1,1,1,1,"Br","2000","1","Lf",144,9999,0.833195691202872,"12",0.165000000000001,1,0,0,0,1,0,1,0,1,0,0,0,1,0,0,0,1,0,0,0,0,0
3294,485,1,1,1,1,"Wi","2000","2","SPP",5044,600,0.113195691202872,"12",0.17,1,0,0,0,1,0,1,0,1,0,0,0,1,0,0,0,1,0,0,0,1,0
3295,1087,1,1,1,1,"Br","1999","1","SPP",5044,9999,0.0931956912028729,"12",0.175000000000001,1,0,0,0,1,0,1,0,1,0,0,0,1,0,0,0,1,0,0,0,1,0
3296,601,1,1,1,1,"Wr","2000","3","Lf",144,10,-0.0468043087971277,"12",0.180000000000001,1,0,0,0,1,0,1,0,1,0,0,0,1,0,0,0,1,0,0,0,1,1
3297,185,1,1,1,0,"Wr","2000","1","NWLF",14,300,2.05319569120287,"12",0.185,0,0,0,0,0,0,0,0,0,0,0,0,0,0,0,0,0,0,0,0,0,0
3298,1023,1,1,1,1,"Br","1999","3","SPP",5044,9999,-1.04680430879713,"12",0.190000000000001,1,1,1,1,1,0,1,0,1,0,0,0,1,0,0,0,1,0,0,0,1,0
3299,1088,1,1,1,1,"Wr","1999","1","Eriley",25,80,0.483195691202873,"12",0.195,1,0,0,0,1,0,1,0,1,0,0,0,1,0,0,0,1,0,0,0,1,0
3301,515,1,1,1,1,"Br","2000","3","SPP",5044,9999,0.563195691202873,"12",0.205,0,0,0,0,1,0,0,0,0,0,0,0,0,0,0,0,0,0,0,0,0,0
3302,765,1,1,1,1,"Br","2000","3","Lf",144,9999,-0.506804308797128,"12",0.210000000000001,0,0,0,0,1,0,0,0,0,0,0,0,0,0,0,0,0,0,0,0,0,0
3303,491,1,1,1,1,"Wi","2000","3","SPP",5044,600,-0.176804308797128,"12",0.215,1,0,0,0,1,0,1,0,0,0,0,0,0,0,0,0,0,0,0,0,0,0
3304,1164,1,1,1,1,"Wr","1999","2","Lf",144,10,-1.29680430879713,"12",0.220000000000001,1,0,0,0,1,0,1,0,1,0,0,0,1,0,0,0,1,0,0,0,1,0
3305,361,1,1,1,1,"Wi","2000","3","Stevens",56,170,-1.17680430879713,"12",0.225000000000001,1,0,0,0,1,0,1,0,1,0,0,0,1,0,0,0,1,0,0,0,1,0
3307,837,1,1,1,1,"Wi","2000","1","Stevens",56,170,0.0331956912028724,"12",0.235000000000001,0,0,0,0,0,0,0,0,0,0,0,0,0,0,0,0,0,0,0,0,0,0
3310,798,1,1,1,1,"Wr","2000","3","Lf",144,10,0.223195691202873,"12",0.25,1,0,0,0,1,0,1,0,1,0,0,0,1,0,0,0,1,0,0,0,0,0
3311,787,1,1,1,1,"Wr","2000","2","Lf",144,10,0.223195691202873,"12",0.255000000000001,1,0,0,0,1,0,1,0,1,0,0,0,1,0,0,0,1,0,0,0,1,0
3312,1044,1,1,1,1,"Br","1999","3","Eriley",25,9999,-1.47680430879713,"12",0.260000000000002,1,0,0,0,1,0,1,0,1,0,0,0,1,0,0,0,1,0,0,0,0,0
3313,75,1,1,1,1,"Wi","2000","1","SPP",5044,600,-0.826804308797128,"12",0.265000000000001,1,0,0,0,1,0,1,0,0,0,0,0,0,0,0,0,0,0,0,0,0,0
3314,973,1,1,1,1,"Wr","1999","3","SPP",5044,600,-1.39680430879713,"12",0.270000000000001,1,0,0,0,1,0,1,0,1,0,0,0,1,1,1,114,1,0,0,0,0,0
3315,10,1,1,1,1,"Wr","2000","3","NWLF",14,300,0.993195691202872,"12",0.275,1,0,0,0,1,0,1,0,1,0,0,0,1,0,0,0,1,0,0,0,1,0
3316,838,1,1,1,1,"Wi","2000","1","Stevens",56,170,0.613195691202872,"12",0.280000000000001,1,0,0,0,1,0,1,0,1,0,0,0,1,0,0,0,1,0,0,0,1,0
3317,84,1,1,1,1,"Wr","2000","1","NWLF",14,300,0.243195691202872,"12",0.285,1,0,0,0,1,0,1,0,1,0,0,0,1,0,0,0,1,0,0,0,0,0
3318,277,1,1,1,1,"Wi","2000","1","SPP",5044,600,-0.276804308797128,"12",0.290000000000001,0,0,0,0,0,0,0,0,0,0,0,0,0,0,0,0,0,0,0,0,0,0
3319,725,1,1,1,1,"Wi","2000","3","NWLF",14,300,-0.076804308797128,"12",0.295,1,0,0,0,1,0,1,0,1,0,0,0,1,0,0,0,0,0,0,0,0,0
3321,1010,1,1,1,1,"Wr","1999","2","SPP",5044,600,-1.01680430879713,"12",0.305000000000001,1,0,0,0,1,0,1,0,1,0,0,0,1,0,0,0,1,0,0,0,1,0
3323,703,1,1,1,1,"Wi","2000","1","Stevens",56,170,-1.74680430879713,"12",0.315000000000001,1,0,0,0,1,0,1,0,0,0,0,0,0,0,0,0,0,0,0,0,0,0
3325,1007,1,1,1,1,"Wr","1999","1","SPP",5044,600,-0.766804308797127,"12",0.325000000000001,0,0,0,0,1,0,0,0,0,0,0,0,0,0,0,0,0,0,0,0,0,0
3326,972,1,1,1,0,"Wr","1999","1","SPP",5044,600,-0.196804308797128,"12",0.33,0,0,0,0,0,0,0,0,0,0,0,0,0,0,0,0,0,0,0,0,0,0
3327,35,1,1,1,1,"Wi","2000","1","Stevens",56,170,0.813195691202873,"12",0.335000000000001,0,0,0,0,0,0,0,0,0,0,0,0,0,0,0,0,0,0,0,0,0,0
3328,104,1,1,1,1,"Wi","2000","2","SPP",5044,600,-0.926804308797128,"12",0.34,0,0,0,0,1,0,1,0,0,0,0,0,0,0,0,0,0,0,0,0,0,0
3329,751,1,1,1,1,"Wr","2000","1","Lf",144,10,-2.49680430879713,"12",0.345000000000001,1,0,0,0,1,0,1,0,1,0,0,0,1,0,0,0,1,0,0,0,1,0
3330,443,1,1,1,1,"Br","2000","1","Stevens",56,9999,1.60319569120287,"12",0.350000000000001,1,0,0,0,1,0,1,0,1,0,0,0,1,0,0,0,1,0,0,0,1,0
3331,687,1,1,1,1,"Br","2000","1","Lf",144,9999,-0.146804308797128,"13",-0.35,1,0,0,0,1,0,1,0,1,0,0,0,1,0,0,0,1,0,0,0,1,1
3332,1050,1,1,1,1,"Br","1999","1","SPP",5044,9999,-0.486804308797128,"13",-0.344999999999999,1,0,0,0,1,0,1,0,1,0,0,0,1,1,1,180,1,0,0,0,1,1
3333,1063,1,1,1,1,"Br","1999","3","SPP",5044,9999,0.943195691202872,"13",-0.34,0,0,0,0,1,0,1,0,0,0,0,0,0,0,0,0,0,0,0,0,0,0
3334,1233,1,1,1,1,"Wi","1999","1","Stevens",56,170,-0.126804308797127,"13",-0.334999999999999,1,0,0,0,1,0,1,0,1,0,0,0,1,0,0,0,1,0,0,0,1,0
3335,1032,1,1,1,1,"Br","1999","1","SPP",5044,9999,-1.11680430879713,"13",-0.33,0,0,0,0,1,0,0,0,0,0,0,0,0,0,0,0,0,0,0,0,0,0
3336,15,1,1,1,1,"Br","2000","2","SPP",5044,9999,1.31319569120287,"13",-0.324999999999999,1,0,0,0,1,0,1,0,1,0,0,0,1,0,0,0,1,0,0,0,1,1
3337,391,1,1,1,1,"Wi","2000","1","SPP",5044,600,-0.386804308797128,"13",-0.319999999999999,1,0,0,0,1,0,1,0,1,0,0,0,1,0,0,0,1,0,0,0,1,0
3338,669,1,1,1,1,"Wi","2000","2","Eriley",25,80,0.0431956912028721,"13",-0.315,1,0,0,0,1,0,1,0,1,0,0,0,1,0,0,0,1,0,0,0,1,0
3339,247,1,1,1,1,"Br","2000","3","NWLF",14,9999,0.173195691202872,"13",-0.309999999999999,1,0,0,0,1,0,1,0,1,0,0,0,1,1,1,223,1,1,1,171,1,0
3340,689,1,1,1,0,"Wi","2000","3","Eriley",25,80,-0.966804308797128,"13",-0.305,0,0,0,0,0,0,0,0,0,0,0,0,0,0,0,0,0,0,0,0,0,0
3341,1136,1,1,1,1,"Br","1999","1","Lf",144,9999,-1.37680430879713,"13",-0.299999999999999,1,0,0,0,1,0,1,0,1,0,0,0,1,1,1,47,1,1,1,16,1,0
3342,488,1,1,1,1,"Wi","2000","2","SPP",5044,600,0.213195691202872,"13",-0.295,1,1,1,143,1,0,1,0,1,0,0,0,0,0,0,0,0,0,0,0,0,0
3343,114,1,1,1,1,"Wi","2000","2","SPP",5044,600,-0.606804308797127,"13",-0.289999999999999,1,0,0,0,1,0,1,0,1,0,0,0,1,0,0,0,1,0,0,0,1,1
3344,1051,1,1,1,1,"Br","1999","3","SPP",5044,9999,-0.656804308797128,"13",-0.285,1,0,0,0,1,0,1,0,1,0,0,0,1,0,0,0,1,0,0,0,1,0
3345,930,1,1,1,1,"Br","2000","3","Lf",144,9999,-0.426804308797128,"13",-0.279999999999999,1,0,0,0,1,0,1,0,1,0,0,0,1,0,0,0,1,0,0,0,1,0
3346,1065,1,1,1,1,"Br","1999","2","SPP",5044,9999,1.10319569120287,"13",-0.274999999999999,1,0,0,0,1,0,1,0,1,0,0,0,1,0,0,0,1,0,0,0,1,0
3347,405,1,1,1,1,"Br","2000","1","Eriley",25,9999,-1.27680430879713,"13",-0.27,1,0,0,0,1,0,1,0,1,0,0,0,1,0,0,0,1,0,0,0,1,0
3348,528,1,1,1,1,"Br","2000","3","Lf",144,9999,0.663195691202872,"13",-0.264999999999999,0,0,0,0,1,0,0,0,0,0,0,0,0,0,0,0,0,0,0,0,0,0
3349,285,1,1,1,1,"Wi","2000","2","SPP",5044,600,-0.166804308797128,"13",-0.26,1,0,0,0,1,0,1,0,1,0,0,0,1,0,0,0,1,0,0,0,1,1
3350,482,1,1,1,1,"Br","2000","1","Lf",144,9999,1.29319569120287,"13",-0.254999999999999,1,0,0,0,1,0,1,0,1,0,0,0,1,0,0,0,1,0,0,0,1,0
3351,1018,1,1,1,1,"Br","1999","1","SPP",5044,9999,-0.906804308797128,"13",-0.25,1,0,0,0,1,0,1,0,1,1,1,132,1,1,3,376,1,1,1,220,1,1
3353,407,1,1,1,1,"Br","2000","1","Eriley",25,9999,-1.10680430879713,"13",-0.239999999999998,1,0,0,0,1,0,1,0,1,0,0,0,1,1,4,279,1,1,2,384,1,1
3354,524,1,1,1,1,"Br","2000","1","Lf",144,9999,0.683195691202872,"13",-0.234999999999999,1,0,0,0,1,0,1,0,1,0,0,0,1,0,0,0,1,0,0,0,1,1
3355,532,1,1,1,1,"Br","2000","1","Stevens",56,9999,0.543195691202872,"13",-0.229999999999999,0,0,0,0,1,0,0,0,0,0,0,0,0,0,0,0,0,0,0,0,0,0
3357,192,1,1,1,1,"Br","2000","2","Lf",144,9999,2.19319569120287,"13",-0.219999999999999,1,0,0,0,1,0,1,0,1,0,0,0,1,1,1,175,1,0,0,0,1,1
3358,929,1,1,1,1,"Br","2000","2","Lf",144,9999,-0.216804308797128,"13",-0.215,1,0,0,0,1,0,1,0,1,0,0,0,1,0,0,0,1,1,2,346,0,0
3359,846,1,1,1,1,"Br","2000","2","Lf",144,9999,0.523195691202873,"13",-0.209999999999999,1,0,0,0,1,0,1,0,1,0,0,0,1,1,4,706,1,1,3,382,0,0
3360,565,1,1,1,1,"Br","2000","2","Eriley",25,9999,0.953195691202872,"13",-0.205,1,0,0,0,1,0,1,0,1,0,0,0,1,0,0,0,1,0,0,0,1,1
3361,1099,1,1,1,1,"Br","1999","3","Lf",144,9999,0.0631956912028717,"13",-0.199999999999999,1,0,0,0,1,0,1,0,1,0,0,0,1,0,0,0,1,1,1,34,0,0
3362,86,1,1,1,1,"Wr","2000","1","NWLF",14,300,-0.00680430879712768,"13",-0.194999999999999,0,0,0,0,0,0,0,0,0,0,0,0,0,0,0,0,0,0,0,0,0,0
3364,359,1,1,1,1,"Wi","2000","2","Stevens",56,170,-0.826804308797128,"13",-0.184999999999999,1,0,0,0,1,0,1,0,1,0,0,0,1,0,0,0,1,0,0,0,1,0
3365,184,1,1,1,1,"Wr","2000","2","NWLF",14,300,2.15319569120287,"13",-0.18,0,0,0,0,1,0,0,0,0,0,0,0,0,0,0,0,0,0,0,0,0,0
3366,460,1,1,1,0,"Br","2000","2","Stevens",56,9999,-1.25680430879713,"13",-0.174999999999999,0,0,0,0,0,0,0,0,0,0,0,0,0,0,0,0,0,0,0,0,0,0
3367,769,1,1,1,1,"Br","2000","1","Lf",144,9999,-0.166804308797128,"13",-0.17,1,0,0,0,1,0,1,0,1,0,0,0,1,0,0,0,1,0,0,0,0,0
3368,840,1,1,1,1,"Wi","2000","3","Stevens",56,170,0.253195691202872,"13",-0.164999999999999,0,0,0,0,0,0,0,0,0,0,0,0,0,0,0,0,0,0,0,0,0,0
3371,428,1,1,1,1,"Wi","2000","2","Lf",144,10,-0.476804308797127,"13",-0.149999999999999,1,0,0,0,1,0,1,0,1,0,0,0,1,0,0,0,1,1,1,270,0,0
3372,18,1,1,1,1,"Br","2000","3","NWLF",14,9999,0.273195691202873,"13",-0.145,1,1,1,166,1,0,1,0,1,1,1,184,1,1,2,310,1,1,4,549,0,0
3373,233,1,1,1,0,"Wr","2000","1","NWLF",14,300,1.00319569120287,"13",-0.139999999999999,0,0,0,0,0,0,0,0,0,0,0,0,0,0,0,0,0,0,0,0,0,0
3374,676,1,1,1,1,"Wr","2000","1","Eriley",25,80,-0.226804308797128,"13",-0.135,1,0,0,0,1,0,1,0,1,0,0,0,1,0,0,0,1,1,1,222,0,0
3375,17,1,1,1,1,"Br","2000","3","NWLF",14,9999,0.233195691202873,"13",-0.129999999999999,1,0,0,0,1,0,1,0,1,0,0,0,1,0,0,0,1,0,0,0,1,0
3376,832,1,1,1,1,"Br","2000","3","Lf",144,9999,0.383195691202872,"13",-0.125,0,0,0,0,1,0,0,0,0,0,0,0,0,0,0,0,0,0,0,0,0,0
3377,60,1,1,1,1,"Br","2000","3","SPP",5044,9999,0.363195691202872,"13",-0.119999999999999,1,0,0,0,1,0,1,0,1,0,0,0,1,0,0,0,1,0,0,0,0,0
3378,608,1,1,1,1,"Br","2000","1","NWLF",14,9999,-1.40680430879713,"13",-0.114999999999998,1,0,0,0,1,0,1,0,1,0,0,0,1,1,2,293,1,0,0,0,0,0
3379,538,1,1,1,1,"Wr","2000","3","NWLF",14,300,0.933195691202872,"13",-0.109999999999999,1,0,0,0,1,0,1,0,1,0,0,0,1,0,0,0,1,0,0,0,1,1
3380,1171,1,1,1,1,"Br","1999","3","Lf",144,9999,0.893195691202872,"13",-0.104999999999999,1,0,0,0,1,0,1,0,1,0,0,0,1,0,0,0,1,0,0,0,1,1
3381,1006,1,1,1,0,"Wr","1999","2","SPP",5044,600,-0.926804308797128,"13",-0.0999999999999996,0,0,0,0,0,0,0,0,0,0,0,0,0,0,0,0,0,0,0,0,0,0
3382,927,1,1,1,1,"Br","2000","2","Lf",144,9999,0.0831956912028722,"13",-0.0949999999999989,1,0,0,0,1,0,1,0,1,0,0,0,1,0,0,0,1,1,1,165,1,0
3383,1103,1,1,1,1,"Br","1999","1","Lf",144,9999,-1.13680430879713,"13",-0.0899999999999999,1,0,0,0,1,0,1,0,1,0,0,0,1,0,0,0,1,0,0,0,1,0
3386,586,1,1,1,1,"Wr","2000","3","Lf",144,10,1.04319569120287,"13",-0.0749999999999993,1,0,0,0,1,0,1,0,1,0,0,0,1,0,0,0,1,0,0,0,1,0
3387,1106,1,1,1,1,"Br","1999","1","Eriley",25,9999,-1.19680430879713,"13",-0.0699999999999985,1,0,0,0,1,0,1,0,1,0,0,0,1,0,0,0,1,0,0,0,1,0
3388,833,1,1,1,1,"Br","2000","2","Lf",144,9999,1.57319569120287,"13",-0.0649999999999995,1,0,0,0,1,0,1,0,1,0,0,0,1,0,0,0,0,0,0,0,0,0
3389,642,1,1,1,1,"Br","2000","1","Lf",144,9999,0.113195691202872,"13",-0.0599999999999987,1,0,0,0,1,0,1,0,1,0,0,0,1,0,0,0,1,0,0,0,1,0
3390,243,1,1,1,1,"Br","2000","3","NWLF",14,9999,0.583195691202872,"13",-0.0549999999999997,1,0,0,0,1,0,1,0,1,0,0,0,1,0,0,0,1,0,0,0,1,0
3391,180,1,1,1,1,"Br","2000","1","Stevens",56,9999,1.69319569120287,"13",-0.0499999999999989,1,0,0,0,1,0,1,0,1,0,0,0,1,0,0,0,1,0,0,0,1,0
3392,619,1,1,1,1,"Wi","2000","2","NWLF",14,300,-0.416804308797127,"13",-0.0449999999999999,1,0,0,0,1,0,1,0,1,0,0,0,1,0,0,0,1,0,0,0,1,0
3394,790,1,1,1,1,"Br","2000","1","Stevens",56,9999,0.663195691202872,"13",-0.0350000000000001,1,0,0,0,1,0,1,0,1,0,0,0,1,1,1,67,1,0,0,0,1,0
3395,1004,1,1,1,1,"Wr","1999","2","SPP",5044,600,-0.986804308797128,"13",-0.0299999999999994,1,0,0,0,1,0,1,0,1,0,0,0,1,0,0,0,1,0,0,0,1,0
3396,1084,1,1,1,1,"Br","1999","3","SPP",5044,9999,-0.00680430879712768,"13",-0.0249999999999986,1,0,0,0,1,0,1,0,1,0,0,0,1,1,1,131,1,0,0,0,1,0
3397,342,1,1,1,1,"Br","2000","3","NWLF",14,9999,0.523195691202873,"13",-0.0199999999999996,1,0,0,0,1,0,1,0,1,0,0,0,1,0,0,0,1,1,1,275,1,1
3398,191,1,1,1,1,"Br","2000","1","Lf",144,9999,2.53319569120287,"13",-0.0149999999999988,1,0,0,0,1,0,1,0,1,0,0,0,1,1,1,209,1,0,0,0,1,1
3399,1014,1,1,1,0,"Br","1999","3","Eriley",25,9999,-1.25680430879713,"13",-0.00999999999999979,0,0,0,0,0,0,0,0,0,0,0,0,0,0,0,0,0,0,0,0,0,0
3400,757,1,1,1,1,"Wr","2000","2","Stevens",56,170,0.0331956912028724,"13",-0.00499999999999901,1,0,0,0,1,0,1,0,1,0,0,0,1,1,2,365,1,0,0,0,0,0
3401,416,1,1,1,1,"Br","2000","1","Stevens",56,9999,-0.556804308797128,"13",0,1,0,0,0,1,0,1,0,1,0,0,0,1,0,0,0,1,0,0,0,1,0
3402,92,1,1,1,1,"Br","2000","2","Lf",144,9999,0.273195691202873,"13",0.00500000000000078,1,0,0,0,1,0,1,0,1,0,0,0,1,0,0,0,1,0,0,0,1,1
3403,589,1,1,1,1,"Wr","2000","1","Lf",144,10,0.593195691202872,"13",0.0100000000000016,1,0,0,0,1,0,1,0,1,0,0,0,1,0,0,0,1,0,0,0,1,0
3404,27,1,1,1,1,"Br","2000","3","Lf",144,9999,0.423195691202872,"13",0.0150000000000006,1,0,0,0,1,0,1,0,1,0,0,0,1,0,0,0,1,0,0,0,1,0
3405,555,1,1,1,1,"Br","2000","3","SPP",5044,9999,0.733195691202873,"13",0.0200000000000014,1,0,0,0,1,0,1,0,1,0,0,0,1,0,0,0,1,0,0,0,1,0
3406,521,1,1,1,1,"Br","2000","3","Lf",144,9999,0.593195691202872,"13",0.0250000000000004,1,0,0,0,1,0,1,0,1,0,0,0,1,0,0,0,1,0,0,0,1,0
3407,207,1,1,1,1,"Br","2000","1","SPP",5044,9999,0.623195691202873,"13",0.0300000000000011,1,0,0,0,1,0,1,0,1,0,0,0,1,0,0,0,1,0,0,0,1,0
3408,865,1,1,1,1,"Br","2000","1","NWLF",14,9999,1.37319569120287,"13",0.0350000000000001,1,0,0,0,1,0,1,0,1,0,0,0,1,0,0,0,1,0,0,0,1,0
3409,332,1,1,1,1,"Br","2000","2","Lf",144,9999,0.773195691202873,"13",0.0400000000000009,1,0,0,0,1,0,1,0,1,0,0,0,1,0,0,0,1,0,0,0,1,0
3410,278,1,1,1,1,"Wi","2000","3","SPP",5044,600,-0.266804308797127,"13",0.0449999999999999,0,0,0,0,1,0,1,0,0,0,0,0,0,0,0,0,0,0,0,0,0,0
3411,446,1,1,1,1,"Wi","2000","3","Eriley",25,80,1.08319569120287,"13",0.0500000000000007,1,0,0,0,1,0,1,0,1,0,0,0,1,0,0,0,1,0,0,0,1,1
3412,1138,1,1,1,1,"Br","1999","2","Lf",144,9999,-1.56680430879713,"13",0.0550000000000015,1,0,0,0,1,0,1,0,1,0,0,0,1,0,0,0,1,1,1,125,1,0
3413,864,1,1,1,1,"Br","2000","1","NWLF",14,9999,1.17319569120287,"13",0.0600000000000005,1,0,0,0,1,0,1,0,1,0,0,0,1,0,0,0,1,0,0,0,1,1
3414,808,1,1,1,1,"Wr","2000","1","NWLF",14,300,1.61319569120287,"13",0.0650000000000013,1,0,0,0,1,0,1,0,1,0,0,0,0,0,0,0,0,0,0,0,0,0
3415,609,1,1,1,1,"Wi","2000","1","Lf",144,10,-1.72680430879713,"13",0.0700000000000003,1,0,0,0,1,0,1,0,1,0,0,0,0,0,0,0,0,0,0,0,0,0
3416,365,1,1,1,1,"Wi","2000","2","Lf",144,10,-1.67680430879713,"13",0.0750000000000011,1,0,0,0,1,0,1,0,1,0,0,0,1,0,0,0,1,0,0,0,1,0
3417,975,1,1,1,1,"Wr","1999","2","SPP",5044,600,-0.496804308797127,"13",0.0800000000000001,1,0,0,0,1,0,1,0,1,0,0,0,1,1,1,52,1,0,0,0,1,0
3418,1175,1,1,1,1,"Br","1999","3","Lf",144,9999,0.543195691202872,"13",0.0850000000000009,1,0,0,0,1,0,1,0,1,0,0,0,1,1,1,13,1,0,0,0,1,0
3419,281,1,1,1,1,"Wi","2000","3","SPP",5044,600,-0.296804308797128,"13",0.0899999999999999,1,0,0,0,1,0,1,0,1,0,0,0,0,0,0,0,0,0,0,0,0,0
3421,817,1,1,1,1,"Br","2000","2","SPP",5044,9999,2.26319569120287,"13",0.100000000000001,1,0,0,0,1,0,1,0,0,0,0,0,0,0,0,0,0,0,0,0,0,0
3422,206,1,1,1,1,"Br","2000","1","SPP",5044,9999,-0.156804308797128,"13",0.105,1,0,0,0,1,0,1,0,0,0,0,0,0,0,0,0,0,0,0,0,0,0
3423,504,1,1,1,1,"Wi","2000","3","Lf",144,10,-0.626804308797127,"13",0.110000000000001,1,0,0,0,1,0,1,0,1,0,0,0,1,0,0,0,1,0,0,0,1,0
3424,85,1,1,1,1,"Wr","2000","1","NWLF",14,300,0.213195691202872,"13",0.115,1,0,0,0,1,0,1,0,0,0,0,0,0,0,0,0,0,0,0,0,0,0
3425,536,1,1,1,1,"Br","2000","1","Lf",144,9999,0.543195691202872,"13",0.120000000000001,1,0,0,0,1,0,1,0,0,0,0,0,0,0,0,0,0,0,0,0,0,0
3426,604,1,1,1,1,"Wr","2000","3","Lf",144,10,0.383195691202872,"13",0.125,0,0,0,0,0,0,0,0,0,0,0,0,0,0,0,0,0,0,0,0,0,0
3427,819,1,1,1,1,"Br","2000","2","SPP",5044,9999,0.483195691202873,"13",0.130000000000001,1,0,0,0,1,0,1,0,1,0,0,0,1,0,0,0,1,0,0,0,1,0
3428,945,1,1,1,0,"Wi","2000","2","Lf",144,10,-0.656804308797128,"13",0.135000000000002,0,0,0,0,0,0,0,0,0,0,0,0,0,0,0,0,0,0,0,0,0,0
3429,991,1,1,1,1,"Wr","1999","3","SPP",5044,600,-1.17680430879713,"13",0.140000000000001,0,0,0,0,1,0,1,0,0,0,0,0,0,0,0,0,0,0,0,0,0,0
3430,566,1,1,1,1,"Br","2000","1","Stevens",56,9999,1.48319569120287,"13",0.145000000000001,1,0,0,0,1,0,1,0,1,0,0,0,1,0,0,0,1,0,0,0,1,0
3431,87,1,1,1,1,"Wr","2000","1","NWLF",14,300,0.233195691202873,"13",0.15,1,0,0,0,1,0,1,0,1,0,0,0,1,0,0,0,1,0,0,0,1,0
3432,59,1,1,1,1,"Br","2000","2","SPP",5044,9999,0.343195691202872,"13",0.155000000000001,1,0,0,0,1,0,1,0,1,0,0,0,1,0,0,0,1,0,0,0,1,0
3434,624,1,1,1,1,"Br","2000","2","Lf",144,9999,-0.656804308797128,"13",0.165000000000001,0,0,0,0,0,0,0,0,0,0,0,0,0,0,0,0,0,0,0,0,0,0
3435,764,1,1,1,1,"Br","2000","2","NWLF",14,9999,-0.156804308797128,"13",0.17,0,0,0,0,0,0,0,0,0,0,0,0,0,0,0,0,0,0,0,0,0,0
3436,1085,1,1,1,1,"Br","1999","3","SPP",5044,9999,0.473195691202873,"13",0.175000000000001,1,0,0,0,1,0,1,0,1,0,0,0,1,0,0,0,1,0,0,0,1,0
3437,818,1,1,1,1,"Br","2000","3","SPP",5044,9999,1.03319569120287,"13",0.180000000000001,1,0,0,0,1,0,1,0,1,0,0,0,1,0,0,0,1,0,0,0,1,0
3438,963,1,1,1,1,"Wi","2000","3","Eriley",25,80,-1.03680430879713,"13",0.185,0,0,0,0,0,0,0,0,0,0,0,0,0,0,0,0,0,0,0,0,0,0
3439,472,1,1,1,1,"Br","2000","3","Lf",144,9999,0.833195691202872,"13",0.190000000000001,1,0,0,0,1,0,1,0,1,0,0,0,1,0,0,0,0,0,0,0,0,0
3440,784,1,1,1,1,"Wr","2000","2","Lf",144,10,0.613195691202872,"13",0.195,1,0,0,0,1,0,1,0,1,0,0,0,1,0,0,0,1,0,0,0,1,0
3441,330,1,1,1,1,"Br","2000","3","Lf",144,9999,0.823195691202872,"13",0.200000000000001,1,0,0,0,1,0,1,0,1,0,0,0,1,0,0,0,1,0,0,0,1,0
3442,568,1,1,1,1,"Br","2000","3","Stevens",56,9999,1.22319569120287,"13",0.205,1,0,0,0,1,0,1,0,0,0,0,0,0,0,0,0,0,0,0,0,0,0
3443,554,1,1,1,1,"Br","2000","3","SPP",5044,9999,0.593195691202872,"13",0.210000000000001,1,0,0,0,1,0,1,0,1,0,0,0,1,1,1,126,1,0,0,0,1,0
3444,519,1,1,1,1,"Br","2000","3","Lf",144,9999,-0.356804308797128,"13",0.215,1,0,0,0,1,0,1,0,1,0,0,0,1,0,0,0,1,0,0,0,1,0
3445,475,1,1,1,1,"Br","2000","1","Lf",144,9999,0.423195691202872,"13",0.220000000000001,1,0,0,0,1,0,1,0,1,0,0,0,1,0,0,0,1,0,0,0,0,0
3446,1069,1,1,1,1,"Br","1999","1","SPP",5044,9999,1.05319569120287,"13",0.225000000000001,1,0,0,0,1,0,1,0,1,0,0,0,1,0,0,0,1,0,0,0,1,0
3447,618,1,1,1,1,"Wi","2000","3","NWLF",14,300,-0.256804308797127,"13",0.23,0,0,0,0,1,0,1,0,0,0,0,0,0,0,0,0,0,0,0,0,0,0
3448,850,1,1,1,1,"Wi","2000","1","Stevens",56,170,1.24319569120287,"13",0.235000000000001,1,0,0,0,1,0,1,0,1,0,0,0,1,0,0,0,1,0,0,0,0,0
3449,468,1,1,1,1,"Wi","2000","3","SPP",5044,600,1.57319569120287,"13",0.24,0,0,0,0,1,0,1,0,0,0,0,0,0,0,0,0,0,0,0,0,0,0
3450,1154,1,1,1,1,"Wi","1999","2","Lf",144,10,-1.46680430879713,"13",0.245000000000001,1,0,0,0,1,0,1,0,1,0,0,0,1,0,0,0,1,0,0,0,0,0
3452,451,1,1,1,1,"Br","2000","3","Lf",144,9999,1.62319569120287,"13",0.255000000000001,0,0,0,0,-99199,0,1,0,0,0,0,0,0,0,0,0,0,0,0,0,0,0
3453,843,1,1,1,1,"Wi","2000","1","Stevens",56,170,0.423195691202872,"13",0.260000000000002,1,0,0,0,1,0,1,0,1,0,0,0,1,0,0,0,0,0,0,0,0,0
3454,563,1,1,1,0,"Br","2000","3","Eriley",25,9999,1.31319569120287,"13",0.265000000000001,0,0,0,0,0,0,0,0,0,0,0,0,0,0,0,0,0,0,0,0,0,0
3455,628,1,1,1,1,"Br","2000","3","SPP",5044,9999,-0.156804308797128,"13",0.270000000000001,1,0,0,0,1,0,1,0,1,0,0,0,1,0,0,0,1,0,0,0,0,0
3456,1001,1,1,1,1,"Br","1999","2","Eriley",25,9999,-0.356804308797128,"13",0.275,1,0,0,0,1,0,1,0,1,0,0,0,1,0,0,0,1,0,0,0,0,0
3457,335,1,1,1,1,"Wr","2000","3","Stevens",56,170,0.503195691202872,"13",0.280000000000001,1,0,0,0,1,0,1,0,1,0,0,0,1,0,0,0,1,0,0,0,0,0
3458,514,1,1,1,1,"Br","2000","2","SPP",5044,9999,0.183195691202873,"13",0.285,1,0,0,0,1,0,1,0,1,0,0,0,1,0,0,0,1,0,0,0,1,0
3459,1064,1,1,1,1,"Br","1999","2","SPP",5044,9999,1.42319569120287,"13",0.290000000000001,1,0,0,0,1,0,1,0,1,0,0,0,1,0,0,0,1,0,0,0,1,0
3460,527,1,1,1,1,"Br","2000","1","Lf",144,9999,0.413195691202872,"13",0.295,1,0,0,0,1,0,1,0,1,0,0,0,1,0,0,0,1,0,0,0,1,0
3461,1052,1,1,1,1,"Br","1999","2","SPP",5044,9999,-0.586804308797127,"13",0.300000000000001,1,0,0,0,1,0,1,0,1,0,0,0,1,0,0,0,1,0,0,0,1,0
3462,1005,1,1,1,0,"Wr","1999","3","SPP",5044,600,-0.916804308797127,"13",0.305000000000001,0,0,0,0,0,0,0,0,0,0,0,0,0,0,0,0,0,0,0,0,0,0
3463,1094,1,1,1,1,"Br","1999","3","Eriley",25,9999,-0.536804308797128,"13",0.31,0,0,0,0,0,0,0,0,0,0,0,0,0,0,0,0,0,0,0,0,0,0
3464,1181,1,1,1,1,"Br","1999","1","Lf",144,9999,0.813195691202873,"13",0.315000000000001,1,0,0,0,1,0,1,0,1,0,0,0,1,0,0,0,1,0,0,0,1,0
3465,1135,1,1,1,1,"Wr","1999","3","Eriley",25,80,-1.41680430879713,"13",0.32,0,0,0,0,1,0,0,0,0,0,0,0,0,0,0,0,0,0,0,0,0,0
3466,905,1,1,1,1,"Br","2000","1","Stevens",56,9999,0.233195691202873,"13",0.325000000000001,1,0,0,0,1,0,1,0,0,0,0,0,0,0,0,0,0,0,0,0,0,0
3467,1192,1,1,1,1,"Br","1999","2","Lf",144,9999,0.843195691202872,"13",0.33,1,0,0,0,1,0,1,0,1,0,0,0,1,0,0,0,0,0,0,0,0,0
3468,105,1,1,1,1,"Wi","2000","1","SPP",5044,600,-1.14680430879713,"13",0.335000000000001,0,0,0,0,1,0,0,0,0,0,0,0,0,0,0,0,0,0,0,0,0,0
3469,31,1,1,1,1,"Wi","2000","2","Stevens",56,170,0.583195691202872,"13",0.34,0,0,0,0,1,0,1,0,0,0,0,0,0,0,0,0,0,0,0,0,0,0
3470,684,1,1,1,1,"Br","2000","1","Lf",144,9999,0.123195691202872,"13",0.345000000000001,0,0,0,0,0,0,0,0,0,0,0,0,0,0,0,0,0,0,0,0,0,0
3471,823,1,1,1,1,"Br","2000","2","Stevens",56,9999,1.36319569120287,"13",0.350000000000001,0,0,0,0,1,0,0,0,0,0,0,0,0,0,0,0,0,0,0,0,0,0
3473,41,1,1,1,1,"Wi","2000","2","Stevens",56,170,0.413195691202872,"13",0.360000000000001,1,0,0,0,1,0,1,0,0,0,0,0,0,0,0,0,0,0,0,0,0,0
3474,45,1,1,1,1,"Wi","2000","2","Stevens",56,170,0.243195691202872,"13",0.365,0,0,0,0,1,0,0,0,0,0,0,0,0,0,0,0,0,0,0,0,0,0
NA,93,0,0,0,0,"Br","2000","2","Lf",144,9999,0.243195691202872,NA,NA,0,0,0,0,0,0,0,0,0,0,0,0,0,0,0,0,0,0,0,0,0,0
NA,226,0,0,0,0,"Wi","2000","1","NWLF",14,300,0.813195691202873,NA,NA,0,0,0,0,0,0,0,0,0,0,0,0,0,0,0,0,0,0,0,0,0,0
NA,1011,1,0,0,0,"Wr","1999","2","SPP",5044,600,-0.816804308797128,NA,NA,0,0,0,0,0,0,0,0,0,0,0,0,0,0,0,0,0,0,0,0,0,0
NA,186,1,1,0,0,"Wr","2000","1","NWLF",14,300,0.883195691202873,NA,NA,0,0,0,0,0,0,0,0,0,0,0,0,0,0,0,0,0,0,0,0,0,0
NA,667,0,0,0,0,"Br","2000","3","Stevens",56,9999,-0.076804308797128,NA,NA,0,0,0,0,0,0,0,0,0,0,0,0,0,0,0,0,0,0,0,0,0,0
NA,324,0,0,0,0,"Br","2000","2","Lf",144,9999,0.963195691202873,NA,NA,0,0,0,0,0,0,0,0,0,0,0,0,0,0,0,0,0,0,0,0,0,0
NA,562,1,0,0,0,"Br","2000","2","Eriley",25,9999,1.26319569120287,NA,NA,0,0,0,0,0,0,0,0,0,0,0,0,0,0,0,0,0,0,0,0,0,0
NA,348,0,0,0,0,"Br","2000","1","Lf",144,9999,0.113195691202872,NA,NA,0,0,0,0,0,0,0,0,0,0,0,0,0,0,0,0,0,0,0,0,0,0
NA,350,0,0,0,0,"Br","2000","1","Lf",144,9999,0.0431956912028721,NA,NA,0,0,0,0,0,0,0,0,0,0,0,0,0,0,0,0,0,0,0,0,0,0
NA,88,1,1,0,0,"Wr","2000","3","NWLF",14,300,-0.366804308797128,NA,NA,0,0,0,0,0,0,0,0,0,0,0,0,0,0,0,0,0,0,0,0,0,0
NA,195,0,0,0,0,"Wi","2000","2","NWLF",14,300,1.56319569120287,NA,NA,0,0,0,0,0,0,0,0,0,0,0,0,0,0,0,0,0,0,0,0,0,0
NA,542,0,0,0,0,"Wr","2000","2","NWLF",14,300,1.57319569120287,NA,NA,0,0,0,0,0,0,0,0,0,0,0,0,0,0,0,0,0,0,0,0,0,0
NA,430,0,0,0,0,"Wr","2000","2","Lf",144,10,-2.01680430879713,NA,NA,0,0,0,0,0,0,0,0,0,0,0,0,0,0,0,0,0,0,0,0,0,0
NA,894,1,0,0,0,"Wi","2000","1","NWLF",14,300,-1.00680430879713,NA,NA,0,0,0,0,0,0,0,0,0,0,0,0,0,0,0,0,0,0,0,0,0,0
NA,462,0,0,0,0,"Br","2000","1","Stevens",56,9999,-0.386804308797128,NA,NA,0,0,0,0,0,0,0,0,0,0,0,0,0,0,0,0,0,0,0,0,0,0
NA,24,1,1,0,0,"Br","2000","2","NWLF",14,9999,0.983195691202873,NA,NA,0,0,0,0,0,0,0,0,0,0,0,0,0,0,0,0,0,0,0,0,0,0
NA,1155,0,0,0,0,"Wi","1999","3","Lf",144,10,-1.71680430879713,NA,NA,0,0,0,0,0,0,0,0,0,0,0,0,0,0,0,0,0,0,0,0,0,0
NA,107,0,0,0,0,"Wi","2000","2","SPP",5044,600,-1.73680430879713,NA,NA,0,0,0,0,0,0,0,0,0,0,0,0,0,0,0,0,0,0,0,0,0,0
NA,467,0,0,0,0,"Wi","2000","2","SPP",5044,600,-0.406804308797128,NA,NA,0,0,0,0,0,0,0,0,0,0,0,0,0,0,0,0,0,0,0,0,0,0
NA,859,0,0,0,0,"Br","2000","1","Lf",144,9999,0.453195691202872,NA,NA,0,0,0,0,0,0,0,0,0,0,0,0,0,0,0,0,0,0,0,0,0,0
NA,164,0,0,0,0,"Wi","2000","1","Lf",144,10,-1.55680430879713,NA,NA,0,0,0,0,0,0,0,0,0,0,0,0,0,0,0,0,0,0,0,0,0,0
NA,626,0,0,0,0,"Br","2000","2","Lf",144,9999,-1.09680430879713,NA,NA,0,0,0,0,0,0,0,0,0,0,0,0,0,0,0,0,0,0,0,0,0,0
NA,753,1,0,0,0,"Wr","2000","3","Lf",144,10,-2.80680430879713,NA,NA,0,0,0,0,0,0,0,0,0,0,0,0,0,0,0,0,0,0,0,0,0,0
NA,293,1,0,0,0,"Wi","2000","2","NWLF",14,300,0.883195691202873,NA,NA,0,0,0,0,0,0,0,0,0,0,0,0,0,0,0,0,0,0,0,0,0,0
NA,714,0,0,0,0,"Br","2000","3","Lf",144,9999,-0.536804308797128,NA,NA,0,0,0,0,0,0,0,0,0,0,0,0,0,0,0,0,0,0,0,0,0,0
NA,279,1,1,0,0,"Wi","2000","1","SPP",5044,600,-1.10680430879713,NA,NA,0,0,0,0,0,0,0,0,0,0,0,0,0,0,0,0,0,0,0,0,0,0
NA,543,0,0,0,0,"Wi","2000","2","NWLF",14,300,0.493195691202873,NA,NA,0,0,0,0,0,0,0,0,0,0,0,0,0,0,0,0,0,0,0,0,0,0
NA,147,0,0,0,0,"Br","2000","2","SPP",5044,9999,0.523195691202873,NA,NA,0,0,0,0,0,0,0,0,0,0,0,0,0,0,0,0,0,0,0,0,0,0
NA,162,1,1,0,0,"Wi","2000","2","Lf",144,10,-0.716804308797128,NA,NA,0,0,0,0,0,0,0,0,0,0,0,0,0,0,0,0,0,0,0,0,0,0
NA,897,1,0,0,0,"Wi","2000","2","NWLF",14,300,0.363195691202872,NA,NA,0,0,0,0,0,0,0,0,0,0,0,0,0,0,0,0,0,0,0,0,0,0
NA,154,1,1,0,0,"Wi","2000","1","Lf",144,10,-1.21680430879713,NA,NA,0,0,0,0,0,0,0,0,0,0,0,0,0,0,0,0,0,0,0,0,0,0
NA,1152,1,1,0,0,"Wi","1999","3","Lf",144,10,-1.79680430879713,NA,NA,0,0,0,0,0,0,0,0,0,0,0,0,0,0,0,0,0,0,0,0,0,0
NA,861,0,0,0,0,"Br","2000","2","Lf",144,9999,1.01319569120287,NA,NA,0,0,0,0,0,0,0,0,0,0,0,0,0,0,0,0,0,0,0,0,0,0
NA,189,0,0,0,0,"Br","2000","2","Lf",144,9999,2.25319569120287,NA,NA,0,0,0,0,0,0,0,0,0,0,0,0,0,0,0,0,0,0,0,0,0,0
NA,706,0,0,0,0,"Wi","2000","1","Stevens",56,170,-2.00680430879713,NA,NA,0,0,0,0,0,0,0,0,0,0,0,0,0,0,0,0,0,0,0,0,0,0
NA,112,0,0,0,0,"Wi","2000","1","SPP",5044,600,-0.936804308797127,NA,NA,0,0,0,0,0,0,0,0,0,0,0,0,0,0,0,0,0,0,0,0,0,0
NA,291,1,0,0,0,"Wi","2000","2","NWLF",14,300,1.37319569120287,NA,NA,0,0,0,0,0,0,0,0,0,0,0,0,0,0,0,0,0,0,0,0,0,0
NA,960,1,0,0,0,"Wi","2000","3","Eriley",25,80,-1.82680430879713,NA,NA,0,0,0,0,0,0,0,0,0,0,0,0,0,0,0,0,0,0,0,0,0,0
NA,909,0,0,0,0,"Br","2000","2","Stevens",56,9999,0.413195691202872,NA,NA,0,0,0,0,0,0,0,0,0,0,0,0,0,0,0,0,0,0,0,0,0,0
NA,465,1,1,0,0,"Wi","2000","2","SPP",5044,600,-0.686804308797128,NA,NA,0,0,0,0,0,0,0,0,0,0,0,0,0,0,0,0,0,0,0,0,0,0
NA,776,0,0,0,0,"Br","2000","2","NWLF",14,9999,0.233195691202873,NA,NA,0,0,0,0,0,0,0,0,0,0,0,0,0,0,0,0,0,0,0,0,0,0
NA,1140,0,0,0,0,"Br","1999","2","Lf",144,9999,-1.34680430879713,NA,NA,0,0,0,0,0,0,0,0,0,0,0,0,0,0,0,0,0,0,0,0,0,0
NA,690,1,1,0,0,"Wi","2000","2","Eriley",25,80,-0.586804308797127,NA,NA,0,0,0,0,0,0,0,0,0,0,0,0,0,0,0,0,0,0,0,0,0,0
NA,290,0,0,0,0,"Wi","2000","1","NWLF",14,300,0.603195691202873,NA,NA,0,0,0,0,0,0,0,0,0,0,0,0,0,0,0,0,0,0,0,0,0,0
NA,747,0,0,0,0,"Br","2000","2","SPP",5044,9999,-2.28680430879713,NA,NA,0,0,0,0,0,0,0,0,0,0,0,0,0,0,0,0,0,0,0,0,0,0
NA,807,0,0,0,0,"Br","2000","2","Stevens",56,9999,1.16319569120287,NA,NA,0,0,0,0,0,0,0,0,0,0,0,0,0,0,0,0,0,0,0,0,0,0
NA,1234,0,0,0,0,"Wi","1999","2","Stevens",56,170,0.503195691202872,NA,NA,0,0,0,0,0,0,0,0,0,0,0,0,0,0,0,0,0,0,0,0,0,0
NA,799,0,0,0,0,"Wr","2000","3","Lf",144,10,-0.106804308797127,NA,NA,0,0,0,0,0,0,0,0,0,0,0,0,0,0,0,0,0,0,0,0,0,0
NA,804,0,0,0,0,"Br","2000","1","Stevens",56,9999,-0.376804308797128,NA,NA,0,0,0,0,0,0,0,0,0,0,0,0,0,0,0,0,0,0,0,0,0,0
